# Crisalix Authentic 3D Model
mtllib crisalix_face.mtl
v -0.0176 1.3548 -10.5823
v -0.0217 1.7332 -10.6897
v -0.0106 2.3729 -10.9467
v 0.0035 4.0525 -10.9065
v 0.0078 3.6036 -10.8364
v 0.0037 2.9817 -10.8556
v 0.0060 3.8270 -10.8921
v -0.0017 2.7126 -10.9840
v 0.0069 3.1699 -10.6880
v -0.0085 4.5941 -10.5707
v -0.0021 5.2140 -10.3983
v -0.0201 2.0727 -10.8073
v -0.0024 4.3296 -10.7630
v -0.0054 0.7149 -10.9098
v -0.0208 0.5902 -11.1961
v -0.0392 -0.3285 -11.8099
v -0.0104 1.0942 -10.5670
v -0.0227 0.1889 -11.7024
v -0.0267 0.4905 -11.4034
v -0.0002 0.8552 -10.7018
v 0.0079 5.8659 -10.3678
v 0.0088 6.9217 -10.0334
v -0.0050 7.4183 -8.3209
v -0.0118 7.5849 -7.4505
v -0.0086 7.7522 -6.8570
v -0.0282 9.0392 -5.4765
v -0.0437 10.7869 -4.5551
v -0.0439 -0.8912 -11.5616
v 0.0132 -2.0405 -10.6262
v 0.0118 -2.7269 -10.1134
v 0.0090 -3.4182 -9.7257
v -0.0361 9.5258 -5.1949
v -0.0432 10.2824 -4.7868
v -0.0414 10.0127 -4.9254
v -0.0192 8.5049 -5.7993
v -0.0003 -4.6340 -9.4882
v 0.0088 -5.5253 -9.4231
v 0.0142 -8.1673 -8.7618
v 0.0139 -8.9053 -8.4907
v 0.0082 3.3904 -10.7521
v 0.0055 3.0748 -10.7629
v 0.0082 3.4792 -10.7915
v 0.0070 3.7139 -10.8669
v 0.0014 2.8597 -10.9333
v 0.0048 3.9394 -10.9055
v -0.0059 2.5322 -11.0065
v -0.0155 2.2240 -10.8806
v 0.0010 4.2037 -10.8479
v -0.0247 1.9094 -10.7371
v -0.0059 4.4571 -10.6679
v -0.0194 1.5397 -10.6303
v -0.0082 4.8890 -10.4151
v 0.0077 3.2745 -10.7115
v 0.0074 3.2243 -10.6939
v -0.0138 1.1808 -10.5645
v -0.0239 0.0754 -11.7622
v -0.0507 -0.5917 -11.7377
v -0.0182 1.4252 -10.5995
v -0.0045 0.9585 -10.6151
v -0.0259 0.3712 -11.5634
v -0.0268 0.4311 -11.4863
v -0.0023 0.9117 -10.6453
v -0.0073 1.0155 -10.5915
v -0.0246 0.2940 -11.6447
v -0.0249 0.5456 -11.3046
v -0.0018 0.7753 -10.8021
v -0.0102 0.6717 -11.0043
v -0.0439 10.5937 -4.6398
v -0.0162 1.2539 -10.5677
v -0.0271 -0.0531 -11.8071
v 0.0121 -2.2508 -10.4638
v 0.0044 -4.2415 -9.5286
v 0.0100 6.4017 -10.2712
v 0.0028 -1.5259 -11.0377
v 0.0095 -5.7895 -9.3958
v -0.0228 -1.1627 -11.3442
v 0.0085 -1.6816 -10.9079
v 0.0112 -3.0256 -9.9179
v 0.0081 -3.8124 -9.5971
v 0.0111 -2.4774 -10.2912
v -0.0516 -0.7041 -11.6849
v -0.0461 -0.4635 -11.7822
v 0.0099 6.6565 -10.1632
v 0.0094 6.1344 -10.3234
v 0.0043 5.5720 -10.3986
v -0.0155 0.6340 -11.0977
v -0.0205 1.6320 -10.6595
v -0.0095 4.7366 -10.4840
v 0.0052 7.2868 -9.5294
v 0.0113 -6.3285 -9.2672
v 0.0084 -5.2541 -9.4316
v -0.0038 -1.3838 -11.1553
v 0.0072 7.1395 -9.8185
v 0.0123 -6.6345 -9.1746
v 0.0024 7.3487 -9.1742
v 0.0102 -6.0525 -9.3443
v -0.0308 -1.0646 -11.4251
v -0.0137 -1.2642 -11.2575
v -0.0378 -0.9799 -11.4947
v 0.0112 -1.8480 -10.7751
v -0.0172 1.3027 -10.5717
v -0.0322 -0.1877 -11.8149
v -0.0117 8.0162 -6.2646
v 0.0141 -8.5420 -8.6404
v 0.0011 -4.9607 -9.4630
v -0.0489 -0.7995 -11.6250
v -0.0009 7.3841 -8.7744
v 0.0141 -7.7219 -8.8750
v 0.0138 -7.3346 -8.9669
v 0.0133 -6.9722 -9.0684
v -0.0103 7.4931 -7.8465
v -0.5806 2.3709 -10.8759
v -1.1985 2.5049 -10.6341
v -2.0296 2.8015 -10.0754
v -2.4054 3.0295 -9.7115
v -2.4609 3.1039 -9.6203
v -2.3558 3.4366 -9.5041
v -2.2549 3.5401 -9.5706
v -1.8349 3.7608 -9.8788
v -0.5241 4.0907 -10.8168
v -0.5212 3.5578 -10.7494
v -1.6472 3.4781 -9.9975
v -2.0207 3.4146 -9.6905
v -0.5464 2.9422 -10.7783
v -1.0557 2.9923 -10.5803
v -1.7623 3.1247 -10.0540
v -2.1262 3.2000 -9.7173
v -2.1718 3.2264 -9.6529
v -2.1023 3.3732 -9.6324
v -2.3241 3.1656 -9.6349
v -2.2765 3.1161 -9.7130
v -1.9098 2.9843 -10.0912
v -1.1362 2.7699 -10.6429
v -0.5754 2.6554 -10.8695
v -0.5361 3.8003 -10.8033
v -1.7235 3.6055 -9.9649
v -2.1212 3.4720 -9.6483
v -2.2159 3.4016 -9.5778
v -0.5161 3.1610 -10.5935
v -0.9827 3.1540 -10.4800
v -1.6315 3.2447 -9.9716
v -1.9916 3.2797 -9.7019
v -0.5603 1.8196 -10.6946
v -1.2619 1.9682 -10.4572
v -2.2352 2.3770 -9.9378
v -2.6762 2.8059 -9.6643
v -0.5156 1.3788 -10.5230
v -1.4080 1.2935 -10.1880
v -2.5490 1.9965 -9.7522
v -3.0148 2.6459 -9.5534
v -3.0911 2.8856 -9.4824
v -2.7556 2.9677 -9.5823
v -1.0309 3.5565 -10.5377
v -1.0841 3.7750 -10.5497
v -1.1442 4.0233 -10.5082
v -2.0412 3.2904 -9.6612
v -2.6905 3.5503 -9.3356
v -2.5754 3.7289 -9.3370
v -2.1258 4.1486 -9.6114
v -1.2848 4.5828 -10.2129
v -0.5449 4.6407 -10.4724
v -3.0167 3.7101 -9.2018
v -2.9041 3.9569 -9.1751
v -2.4421 4.5415 -9.3742
v -1.4607 5.1701 -9.9493
v -0.6274 5.2756 -10.2918
v -2.5266 2.9229 -9.6995
v -0.5667 2.0964 -10.7877
v -1.2257 2.2416 -10.5588
v -2.1250 2.5994 -10.0189
v -2.5957 3.0368 -9.6085
v -1.9640 3.9396 -9.7527
v -0.5212 4.3525 -10.6720
v -1.2091 4.2875 -10.3951
v -2.4057 3.6228 -9.4580
v -2.5178 3.4831 -9.4226
v -0.4136 -0.3317 -11.6892
v -0.4476 0.5076 -11.0092
v -0.4014 0.6603 -10.6555
v -0.7239 0.3612 -10.7868
v -0.8115 0.4258 -10.6858
v -0.8602 0.6166 -10.2188
v -0.7060 0.6951 -10.2583
v -0.6131 0.6980 -10.2866
v -1.0743 2.4761 -10.6955
v -0.9414 3.5565 -10.5885
v -0.9572 2.9826 -10.6245
v -1.0233 2.7462 -10.6925
v -0.9841 3.7866 -10.6197
v -0.8909 3.1487 -10.5108
v -1.1188 1.9358 -10.5223
v -1.1833 1.3515 -10.2956
v -1.0272 4.0481 -10.5889
v -1.1321 4.6096 -10.2841
v -1.2882 5.2177 -10.0301
v -1.0903 2.2099 -10.6192
v -1.0741 4.3179 -10.4757
v -1.7202 0.9267 -10.0411
v -1.9049 0.5024 -10.0464
v -1.5466 -0.1880 -10.6424
v -1.2228 -0.2802 -10.9985
v -0.4065 0.1464 -11.6059
v -0.4500 1.1079 -10.4698
v -0.9529 1.0376 -10.3129
v -1.1390 0.9836 -10.3013
v -1.4777 0.8205 -10.3458
v -1.6479 0.5947 -10.4179
v -1.4673 0.1437 -10.8650
v -1.1765 0.1071 -11.1059
v -0.3285 0.8410 -10.5297
v -0.6964 0.8588 -10.3162
v -0.8254 0.8438 -10.2854
v -1.0355 0.7218 -10.2910
v -1.0724 0.6436 -10.4546
v -0.4206 0.4245 -11.2995
v -0.9974 0.4621 -10.7886
v -0.8683 0.4068 -10.9096
v -2.8370 1.7767 -9.6935
v -3.3437 2.5509 -9.4667
v -3.4434 3.1550 -9.2808
v -3.3428 3.8461 -9.0996
v -3.2297 4.1443 -9.0543
v -2.7091 4.8551 -9.1727
v -0.4598 0.3952 -10.8470
v -0.4377 0.5455 -10.5708
v -0.6816 0.3028 -10.7430
v -0.7833 0.3634 -10.6351
v -0.8433 0.5174 -10.1746
v -0.6195 0.6053 -10.2325
v -0.5592 0.6398 -10.2694
v -0.6911 5.8374 -10.2807
v -1.4645 5.6920 -9.9315
v -1.6541 5.6218 -9.8263
v -0.7442 7.3713 -8.1826
v -4.3841 6.2585 -6.4860
v -5.5822 4.8569 -5.5319
v -6.5139 3.0823 -3.9648
v -6.8837 1.7447 -3.4152
v -6.9406 1.4658 -2.7888
v -6.4690 3.2524 -3.4473
v -5.9942 4.3107 -4.1243
v -5.5026 5.0237 -5.1894
v -4.2678 6.3591 -6.1227
v -0.7421 7.5397 -7.3247
v -2.0324 6.6228 -9.3235
v -3.3758 5.7293 -8.5184
v -0.8079 6.8923 -9.9162
v -1.7878 6.7175 -9.4806
v -1.6224 7.2155 -7.8768
v -0.9063 10.8096 -4.4381
v -0.8607 8.9372 -5.4264
v -0.7867 7.6814 -6.8129
v -1.2605 8.8288 -5.3626
v -1.3142 10.7463 -4.3278
v -0.2062 -3.3991 -9.6763
v -0.1851 -2.7035 -10.0606
v -0.2260 -2.0104 -10.5531
v -0.3835 -0.8702 -11.4398
v -1.0889 -0.7298 -10.7443
v -0.8009 -1.9399 -10.1048
v -0.6422 -2.6959 -9.7076
v -0.9217 -2.5621 -9.5079
v -1.1215 -1.8627 -9.8255
v -1.4150 -0.5955 -10.3460
v -2.1623 -0.2141 -9.9111
v -2.0081 -1.8037 -9.4866
v -3.6435 0.5098 -9.8523
v -4.9183 1.6350 -8.9068
v -5.6271 2.4350 -7.6605
v -5.6560 3.1827 -7.2865
v -4.3846 4.0021 -8.5285
v -4.3571 2.9906 -8.8751
v -4.2025 2.2285 -9.2612
v -3.5022 1.2406 -9.7948
v -4.3378 4.6198 -8.3134
v -5.6847 3.5234 -7.0635
v -5.9746 2.8400 -6.7795
v -6.0140 2.9435 -6.6079
v -6.1563 2.3891 -6.5350
v -6.0554 2.3508 -6.8509
v -6.3082 1.6730 -6.5511
v -3.4842 -1.5438 -9.4052
v -4.5812 -1.5402 -9.0918
v -5.6531 -0.7277 -8.5311
v -1.7040 -3.4350 -8.9509
v -2.1034 -3.6898 -9.0471
v -2.6515 -3.8512 -9.1533
v -3.5914 -3.8459 -9.0537
v -4.1131 -3.6718 -8.7675
v -4.2260 -3.5934 -8.6745
v -4.3027 -3.1773 -8.5055
v -4.2369 -3.0793 -8.5574
v -3.6418 -2.7872 -8.9736
v -2.9453 -2.7459 -9.1507
v -2.0243 -2.8637 -9.0758
v -1.7572 -2.9960 -8.9964
v -1.8277 -3.3803 -8.9393
v -4.0911 -3.5106 -8.7012
v -4.1653 -3.2623 -8.5994
v -3.5320 -3.0129 -8.9324
v -2.8768 -2.9774 -9.0693
v -2.0738 -3.0255 -9.0071
v -1.8369 -3.1302 -8.9561
v -2.1841 -3.5689 -9.0027
v -2.6660 -3.7054 -9.0842
v -3.5392 -3.6986 -8.9951
v -4.0024 -3.5644 -8.7651
v -4.0972 -3.2020 -8.6352
v -1.5938 -3.4592 -8.9581
v -2.0349 -3.7754 -9.0792
v -2.6465 -3.9528 -9.1988
v -3.6417 -3.9461 -9.0741
v -4.2059 -3.7502 -8.7522
v -4.3374 -3.6487 -8.6391
v -4.4338 -3.0987 -8.4241
v -4.3686 -2.9738 -8.4924
v -3.7521 -2.6213 -8.9912
v -3.0203 -2.5743 -9.1979
v -2.0096 -2.7282 -9.1351
v -1.7078 -2.8804 -9.0421
v -0.9301 -3.2255 -9.1577
v -1.6817 -4.2249 -9.1097
v -2.6506 -4.4709 -9.2016
v -3.9360 -4.3737 -8.9601
v -4.6811 -4.0230 -8.4544
v -4.8866 -3.8194 -8.2415
v -5.3688 -2.5599 -7.8971
v -5.2372 -2.3465 -8.1555
v -4.3115 -1.9332 -9.0313
v -3.3434 -1.8795 -9.3319
v -2.0350 -2.1133 -9.3525
v -1.6353 -2.3491 -9.2859
v -1.6400 -2.1807 -9.3784
v -0.6682 -3.3993 -9.3757
v -5.6388 -1.9059 -8.0908
v -5.7110 -2.0191 -7.9326
v -6.3880 -1.5896 -7.2068
v -5.3586 -3.9701 -7.7227
v -6.1352 -2.5070 -7.1026
v -5.1605 -4.2432 -7.9733
v -7.2786 -0.7118 -4.0192
v -7.3461 -1.3560 -4.0799
v -7.2871 -2.7174 -4.3199
v -6.4166 -4.9176 -5.6118
v -6.1054 -5.3800 -6.0533
v -6.7334 -5.1876 -5.0238
v -7.4488 -2.8945 -3.5150
v -7.3804 -1.3163 -3.4743
v -7.3018 -0.5261 -3.3495
v -6.7749 1.8819 -4.1526
v -6.4998 2.9305 -4.4654
v -6.1381 3.8452 -4.9127
v -7.0629 0.8928 -2.6816
v -6.0945 4.0640 -4.5159
v -5.4432 5.1109 -4.8207
v -6.1357 3.3811 -2.0485
v -5.5653 3.9942 0.7090
v -0.8885 9.4052 -5.1559
v -1.2859 9.2847 -5.0612
v -6.0497 3.3556 -1.5881
v -0.7994 7.9398 -6.2356
v -6.3572 3.3875 -2.9250
v -4.2455 -4.8798 -8.7120
v -2.5087 -5.0891 -9.2435
v -1.4055 -4.5292 -9.1766
v -2.4702 -7.4564 -8.6719
v -2.1962 -8.8296 -8.2832
v -3.9869 -8.6142 -7.3605
v -4.0364 -7.1381 -7.9672
v -6.7304 -7.1066 -4.6352
v -6.3356 -5.7206 -5.6509
v -7.3138 -6.4088 -3.5838
v -7.6732 -2.0083 -1.2980
v -7.9798 -2.5857 -1.1434
v -8.2933 -2.9385 -1.4236
v -7.6310 -2.0831 -1.7138
v -8.5881 -3.3949 -0.9154
v -8.8053 -2.6532 0.5076
v -8.6251 -1.8912 0.6282
v -8.4606 -1.0292 0.5173
v -8.2309 -0.1708 0.3162
v -7.9716 -0.3890 0.1109
v -8.2188 -1.1149 0.2790
v -8.3948 -1.8556 0.3691
v -8.5348 -2.5230 0.3319
v -8.1915 -2.4401 0.0271
v -8.0443 -1.8717 0.0708
v -7.8462 -1.2809 0.0436
v -7.5846 -0.6718 -0.0914
v -7.2877 -0.0467 -0.3597
v -6.8787 0.9640 -1.1276
v -6.7847 1.3778 -1.5599
v -7.6374 1.6698 -1.2923
v -7.6598 1.4080 -0.8453
v -7.7768 0.9821 -0.3841
v -7.9921 0.4523 0.0004
v -7.7146 0.2426 -0.1448
v -7.4903 0.8011 -0.4879
v -7.3378 1.2706 -0.9114
v -7.3171 1.6006 -1.3307
v -8.3599 -3.4125 -1.7400
v -8.2081 -3.7333 -1.4664
v -8.2866 -3.8190 -0.9055
v -8.2344 -3.5284 -0.5430
v -8.2027 -3.0674 -0.2146
v -8.1170 -2.6169 0.0918
v -7.9462 -2.2103 0.3914
v -7.7010 -1.6262 0.6305
v -7.3519 -0.8800 0.7741
v -8.2839 -3.5917 -1.0324
v -8.2731 -2.9820 -0.1908
v -8.2286 -3.7515 -1.3664
v -8.1670 -2.4609 0.0201
v -8.0014 -1.9070 0.1125
v -7.7938 -1.3362 0.1612
v -7.5274 -0.7433 0.1225
v -7.2240 -0.1084 -0.0976
v -6.9499 0.4639 -0.4510
v -6.5005 1.3056 -1.0047
v -6.5253 0.7078 0.9457
v -6.8181 0.1335 0.8629
v -7.0595 -0.3428 0.8431
v -6.4996 1.7814 -1.6239
v -6.8592 1.6574 -2.3250
v -6.7413 2.0902 -2.4922
v -7.2830 1.6333 -1.9479
v -7.3956 1.5397 -1.9122
v -6.3480 2.5481 -1.7872
v -6.5783 2.6961 -2.6855
v -6.2475 2.3756 -1.2887
v -8.2365 -3.4737 -0.5856
v -8.2305 -3.0174 -0.2299
v -8.1866 -4.0847 -1.4994
v -7.9564 -2.0259 0.2760
v -8.2772 -3.7263 -0.9542
v -8.1322 -2.5292 0.0487
v -7.7325 -1.5143 0.4683
v -7.4156 -0.8215 0.5366
v -6.5267 0.9937 0.0696
v -7.1242 -0.2408 0.4827
v -6.8422 0.3499 0.3488
v -6.2005 2.2826 -0.2315
v -5.9566 2.2438 0.9882
v -8.3762 0.2900 -0.2378
v -8.2107 0.6290 -0.6013
v -8.0776 0.8611 -0.9879
v -7.8959 0.9297 -1.3621
v -7.3199 0.8835 -1.9915
v -6.8285 1.9779 -2.9607
v -6.6661 2.6066 -3.1889
v -7.2459 1.5166 -2.0240
v -7.2990 1.4707 -2.0091
v -7.3562 -0.0478 -2.0775
v -7.5288 0.2832 -1.8156
v -7.8552 0.4999 -1.3729
v -7.9745 0.4723 -1.0991
v -8.0555 0.2856 -0.8528
v -8.1546 -0.0839 -0.6351
v -8.5486 -0.3384 0.0722
v -8.6912 -1.0611 0.3268
v -8.1654 -0.5272 -0.3772
v -8.3772 -1.0951 -0.2098
v -8.8008 -1.8577 0.4966
v -8.4811 -1.6247 -0.1912
v -8.9560 -2.6551 0.5166
v -8.4794 -2.1058 -0.1468
v -8.4538 -2.5026 -0.1426
v -7.4010 -0.5824 -2.3357
v -7.3945 -1.4170 -2.3768
v -8.4120 -3.0054 -0.3074
v -8.3393 -3.0674 -0.4976
v -8.2352 -3.0454 -0.7135
v -7.9622 -2.4296 -0.7827
v -8.2103 -2.8778 -0.6449
v -8.2760 -2.8680 -0.5100
v -8.1209 -2.3694 -0.5456
v -8.3483 -2.8573 -0.3902
v -8.3253 -2.3953 -0.3699
v -8.3191 -2.0092 -0.4007
v -8.2237 -1.5788 -0.3305
v -8.1830 -1.2054 -0.2642
v -7.8948 -1.4874 -0.4155
v -8.0632 -1.9567 -0.5811
v -7.7752 -1.9862 -0.8056
v -7.4512 -1.4224 -0.6729
v -7.3393 -1.3605 -1.2832
v -7.5096 -1.4316 -1.7704
v -7.2878 -0.5691 -1.2570
v -7.5153 -0.7038 -0.6357
v -7.9083 -0.9478 -0.3234
v -7.5093 -0.7925 -1.7536
v -7.5744 -0.3173 -1.6832
v -7.6405 -0.0495 -1.6274
v -7.5430 -0.1135 -1.1625
v -7.8442 -0.2145 -0.7341
v -7.7393 0.1315 -1.2376
v -7.9411 0.1520 -1.0120
v -5.9543 3.5373 -0.5861
v -0.9120 10.1667 -4.7235
v -1.3238 10.0758 -4.6032
v -7.4742 -2.2454 -2.3657
v -7.9802 -2.9804 -1.9299
v -8.0345 -2.6489 -1.6357
v -7.9469 -2.4555 -1.3565
v -7.6889 -3.5889 -2.9075
v -7.8931 -3.9156 -2.4270
v -7.3601 -4.5016 -3.9114
v -7.9239 -5.2882 -2.2812
v -8.1429 -4.1569 -1.6883
v -8.4671 -3.2162 -1.2088
v -8.2445 -3.6034 -1.5331
v -8.2362 -4.0666 -1.2559
v -8.2586 -3.7076 -1.2110
v -8.2404 -3.9228 -1.2463
v -8.4390 -2.8103 -0.1947
v -8.0995 -2.8938 -0.9156
v -8.1156 -2.7175 -0.7145
v -8.2190 -2.6613 -0.5344
v -8.3377 -2.6853 -0.3676
v -8.0948 -4.1764 -1.8729
v -0.8239 8.4212 -5.7676
v -6.2417 3.4130 -2.4810
v -1.2129 8.3088 -5.7096
v -8.1561 -2.8027 -1.2880
v -7.6522 -2.0192 -1.5149
v -8.2706 -3.6604 -0.9552
v -8.1437 -2.4877 0.0160
v -7.7517 -1.4004 0.3249
v -7.4468 -0.7941 0.4171
v -6.4373 1.2348 -0.4323
v -6.8050 1.6180 -1.9541
v -6.6296 2.0379 -2.0664
v -7.3222 1.7806 -1.7169
v -7.5544 1.6997 -1.7031
v -6.4638 2.6752 -2.2295
v -8.2438 -3.4297 -0.6308
v -8.2644 -2.9950 -0.2209
v -8.2045 -3.9054 -1.4319
v -7.9709 -1.9559 0.1907
v -7.1694 -0.1595 0.1957
v -6.8493 0.4815 -0.0331
v -6.2138 2.3152 -0.7611
v -7.6291 0.8604 -1.6545
v -7.1808 0.2592 -2.4804
v -7.4210 0.5633 -1.8570
v -7.6864 0.4701 -1.6075
v -7.8384 0.6988 -1.4173
v -8.0207 0.6540 -1.0527
v -8.1353 0.4488 -0.7142
v -8.2865 0.0797 -0.4054
v -8.4990 -0.5305 -0.0815
v -8.5649 -1.1179 -0.0011
v -8.5982 -1.7202 0.1022
v -8.5893 -2.2595 0.1521
v -8.5707 -2.6860 0.1063
v -7.3320 -0.6520 -2.7664
v -7.3622 -1.3546 -2.8568
v -8.5614 -3.2332 -0.2324
v -8.4860 -3.2927 -0.5136
v -8.4237 -3.2360 -0.8302
v -7.4408 -1.3933 -1.5375
v -7.4045 -0.7227 -1.5057
v -7.5618 -0.2550 -1.4571
v -7.6583 0.0461 -1.4708
v -6.0023 3.4070 -1.1017
v -0.9021 9.8084 -4.9178
v -7.4822 -2.5722 -2.8141
v -7.9895 -2.5013 -1.4704
v -7.7256 -3.1582 -2.3892
v -7.9654 -3.5582 -2.0721
v -8.1705 -3.9134 -1.5721
v -8.5850 -3.0130 -0.0312
v -8.3115 -3.0838 -1.0960
v -8.2483 -3.8096 -1.2188
v -8.1311 -3.8555 -1.6899
v -8.4201 -3.6500 -1.3292
v -8.4312 -3.6519 -1.1754
v -8.4370 -3.6015 -0.9678
v -8.6640 -3.6559 -1.4172
v -8.7310 -3.7646 -1.0937
v -8.9375 -3.3789 0.1060
v -8.8609 -3.7194 -0.3145
v -8.8209 -3.7885 -0.7509
v -8.6474 -3.4823 -0.5631
v -8.7626 -3.4593 -0.2279
v -8.8115 -3.2448 0.0690
v -8.7988 -2.9143 0.2847
v -8.7993 -2.5046 0.4498
v -8.6918 -1.8206 0.3664
v -8.6336 -1.1300 0.1793
v -8.8080 -3.1037 0.2989
v -8.6559 -3.0627 0.1691
v -8.2988 -2.9579 -0.1435
v -8.2996 -3.4045 -0.5868
v -8.3758 -3.3776 -0.4104
v -8.7689 -3.5324 -0.0313
v -8.8598 -3.4777 0.0693
v -8.6899 -3.7497 -0.7400
v -8.7447 -3.7230 -0.3975
v -8.4058 -3.5071 -0.7054
v -8.2952 -3.4649 -0.8191
v -8.2620 -3.5409 -0.7934
v -8.2611 -3.5816 -0.7499
v -8.2614 -3.6494 -0.6895
v -8.5007 -3.6685 -1.0344
v -8.6509 -3.7117 -0.9299
v -8.8416 -3.5751 -0.2604
v -8.7529 -3.5911 -0.6081
v -8.7052 -3.5144 -0.9670
v -8.5917 -3.3360 -1.2950
v -8.3851 -3.1103 -1.5004
v -8.2101 -2.9293 -1.6193
v -7.5748 -4.7198 -3.3942
v -6.9684 -5.6505 -4.5754
v -6.5440 -6.1268 -5.2684
v -4.0386 -7.6010 -7.7971
v -2.4408 -7.9253 -8.5592
v -8.1982 -4.3053 -1.4687
v -8.1318 -4.6257 -1.7547
v -0.4203 -4.6570 -9.4388
v -0.5802 -5.5190 -9.4199
v -0.7092 -8.1126 -8.7533
v -0.6539 -8.8611 -8.4738
v -1.2312 -3.4210 -9.0020
v -1.8298 -4.0273 -9.1092
v -2.6512 -4.2443 -9.2308
v -3.8068 -4.1905 -9.0373
v -4.4744 -3.9193 -8.6073
v -4.6488 -3.7581 -8.4342
v -4.8722 -2.8438 -8.1670
v -4.8190 -2.6572 -8.2950
v -4.0857 -2.2152 -9.0032
v -3.2150 -2.1515 -9.2799
v -2.0250 -2.3584 -9.2713
v -1.6426 -2.5583 -9.1855
v -1.6522 -3.4491 -8.9550
v -2.0712 -3.7306 -9.0637
v -2.6484 -3.8993 -9.1773
v -3.6145 -3.8949 -9.0669
v -4.1571 -3.7104 -8.7633
v -4.2790 -3.6212 -8.6607
v -4.3631 -3.1410 -8.4675
v -4.2973 -3.0299 -8.5270
v -3.6926 -2.7063 -8.9841
v -2.9805 -2.6624 -9.1754
v -2.0151 -2.7987 -9.1044
v -1.7316 -2.9409 -9.0172
v -4.1778 -3.5659 -8.6839
v -3.5984 -2.8640 -8.9605
v -2.9164 -2.8243 -9.1244
v -2.0365 -2.9241 -9.0492
v -2.1323 -3.6510 -9.0310
v -2.6554 -3.8059 -9.1293
v -3.5714 -3.7978 -9.0357
v -4.1852 -3.1236 -8.5848
v -1.7505 -3.4183 -8.9465
v -4.2514 -3.2089 -8.5396
v -1.7837 -3.0446 -8.9799
v -4.0733 -3.6357 -8.7674
v -1.8788 -3.3370 -8.9366
v -4.0805 -3.3116 -8.6563
v -1.8790 -3.2020 -8.9409
v -3.9420 -3.4810 -8.7660
v -4.0142 -3.4449 -8.7208
v -3.4939 -3.1667 -8.9100
v -2.8562 -3.1404 -9.0191
v -2.1645 -3.1148 -8.9836
v -2.2316 -3.4600 -8.9780
v -2.6821 -3.5697 -9.0378
v -3.5128 -3.5741 -8.9556
v -4.0268 -3.2768 -8.6796
v -4.0509 -3.4794 -8.7113
v -3.5092 -3.0892 -8.9201
v -2.8646 -3.0573 -9.0424
v -2.1052 -3.0694 -8.9929
v -2.2085 -3.5188 -8.9899
v -2.6733 -3.6427 -9.0613
v -3.5256 -3.6414 -8.9756
v -4.0589 -3.2395 -8.6588
v -1.8567 -3.3594 -8.9375
v -4.1229 -3.2871 -8.6286
v -1.8601 -3.1676 -8.9474
v -3.9707 -3.5250 -8.7657
v -1.7919 -3.4000 -8.9422
v -4.2068 -3.2368 -8.5704
v -1.8107 -3.0888 -8.9669
v -4.0365 -3.6005 -8.7659
v -4.1332 -3.5387 -8.6921
v -3.5621 -2.9383 -8.9461
v -2.8938 -2.9001 -9.0971
v -2.0529 -2.9780 -9.0260
v -2.1589 -3.6120 -9.0162
v -2.6602 -3.7589 -9.1065
v -3.5540 -3.7493 -9.0152
v -4.1390 -3.1638 -8.6105
v -1.4451 -3.4629 -8.9670
v -1.9464 -3.8814 -9.1015
v -2.6472 -4.0807 -9.2277
v -3.7116 -4.0587 -9.0700
v -4.3238 -3.8308 -8.7011
v -4.4737 -3.7013 -8.5628
v -4.6107 -2.9913 -8.3198
v -4.5503 -2.8382 -8.4075
v -3.9000 -2.4376 -8.9963
v -3.1085 -2.3804 -9.2384
v -2.0103 -2.5600 -9.2016
v -1.6666 -2.7388 -9.1055
v -0.5220 3.3670 -10.6606
v -0.9890 3.3868 -10.4911
v -1.6120 3.3753 -9.9845
v -1.9672 3.3654 -9.7046
v -2.0257 3.3526 -9.6669
v -0.9038 3.3781 -10.5332
v -1.6920 3.1876 -10.0168
v -2.0523 3.2424 -9.7137
v -0.5483 3.0480 -10.6789
v -1.0157 3.0818 -10.5295
v -0.5181 3.4609 -10.7050
v -1.6241 3.4244 -9.9949
v -2.0977 3.2587 -9.6580
v -1.9881 3.3892 -9.7011
v -0.9218 3.0759 -10.5674
v -1.0085 3.4668 -10.5167
v -2.0581 3.3619 -9.6519
v -0.9217 3.4626 -10.5605
v -2.2493 3.1947 -9.6442
v -2.2033 3.1581 -9.7159
v -1.8366 3.0577 -10.0780
v -1.0994 2.8925 -10.6252
v -0.5595 2.7992 -10.8365
v -1.6814 3.5378 -9.9894
v -0.5279 3.6736 -10.7819
v -2.0654 3.4421 -9.6734
v -2.1537 3.3871 -9.6055
v -1.0548 3.6604 -10.5468
v -0.9931 2.8730 -10.6703
v -0.9617 3.6653 -10.6087
v -0.5359 3.9444 -10.8285
v -2.1847 3.5047 -9.6134
v -2.2856 3.4179 -9.5466
v -2.3946 3.1346 -9.6262
v -2.3428 3.0723 -9.7100
v -1.9726 2.8960 -10.0877
v -1.1747 2.6432 -10.6552
v -0.5785 2.5156 -10.8852
v -1.7749 3.6796 -9.9271
v -1.1144 3.8982 -10.5383
v -1.0528 2.6151 -10.7056
v -1.0059 3.9165 -10.6145
v -1.2131 2.3714 -10.6000
v -2.0775 2.7011 -10.0499
v -2.5272 3.0711 -9.6156
v -1.1753 4.1517 -10.4606
v -2.4323 3.4574 -9.4604
v -2.4649 2.9790 -9.7083
v -0.5729 2.2327 -10.8410
v -1.8945 3.8464 -9.8175
v -0.5167 4.2210 -10.7504
v -2.3270 3.5795 -9.5160
v -1.0827 2.3399 -10.6609
v -1.0496 4.1815 -10.5418
v -2.5960 2.8644 -9.6853
v -0.5663 1.9604 -10.7413
v -2.0401 4.0385 -9.6837
v -0.5313 4.4917 -10.5781
v -2.4874 3.6718 -9.3957
v -1.2400 2.1103 -10.5071
v -2.1780 2.4925 -9.9837
v -2.6709 3.0014 -9.5977
v -1.2441 4.4281 -10.3067
v -2.6023 3.5132 -9.3794
v -1.1007 2.0796 -10.5681
v -1.1004 4.4573 -10.3854
v -2.9613 2.9091 -9.5245
v -0.5475 1.5758 -10.6046
v -1.3199 1.6624 -10.3403
v -2.3913 2.0918 -9.8244
v -2.8821 2.6952 -9.5979
v -2.8930 3.6486 -9.2462
v -0.5855 5.0219 -10.3056
v -1.3906 4.9584 -10.0292
v -2.3257 4.4008 -9.4605
v -2.7800 3.8710 -9.2283
v -1.2228 4.9954 -10.1004
v -1.1578 1.6438 -10.4119
v -2.4358 3.3105 -9.4749
v -2.1538 3.3200 -9.5907
v -2.2883 3.3115 -9.5385
v -0.9704 3.3125 -10.4626
v -2.0354 3.3277 -9.6533
v -2.7756 3.3487 -9.3840
v -3.1013 3.4320 -9.2829
v -2.5990 3.3202 -9.4250
v -0.8874 3.3017 -10.5059
v -3.4219 3.5018 -9.1825
v -6.2428 3.8267 -3.7652
v -5.6341 2.8201 -7.4800
v -4.3857 3.4719 -8.7003
v -6.0860 2.6930 -6.5530
v -6.0066 2.6439 -6.8089
v -6.3262 3.4174 -4.6837
v -6.3127 3.6141 -4.2326
v -5.8443 4.1844 -2.4031
v -5.5076 4.9145 0.4776
v -5.7631 4.2615 -1.9643
v -6.1092 4.0184 -3.2910
v -5.9601 4.1313 -2.8352
v -5.7286 4.4140 -1.5154
v -0.5233 3.2764 -10.6283
v -1.6086 3.3310 -9.9706
v -1.9630 3.3377 -9.6983
v -2.0944 3.3271 -9.6206
v -2.2185 3.3150 -9.5642
v -2.3607 3.3104 -9.5068
v -2.5145 3.3121 -9.4477
v -2.6841 3.3312 -9.4031
v -2.9793 3.3990 -9.3240
v -2.4749 3.1890 -9.5285
v -2.1806 3.2631 -9.6039
v -0.9712 3.2346 -10.4657
v -2.0404 3.3043 -9.6478
v -2.7951 3.1463 -9.4826
v -3.1240 3.1501 -9.3883
v -2.6258 3.1629 -9.5068
v -0.8848 3.2279 -10.5036
v -2.1034 3.2850 -9.6179
v -2.2566 3.2419 -9.5860
v -2.7060 3.1520 -9.4939
v -2.9980 3.1441 -9.4266
v -2.3309 3.2230 -9.5667
v -0.5147 3.2164 -10.6093
v -1.6072 3.2961 -9.9579
v -1.9637 3.3083 -9.6905
v -2.4036 3.2051 -9.5464
v -2.5497 3.1760 -9.5196
v -0.4084 0.0459 -11.6603
v -1.5137 0.0552 -10.8147
v -1.2097 0.0105 -11.1004
v -0.4729 1.1766 -10.4750
v -1.0235 1.0853 -10.2965
v -1.2258 1.0178 -10.2767
v -1.5696 0.8425 -10.2884
v -1.7266 0.5727 -10.3375
v -0.4092 -0.5750 -11.6069
v -1.1769 -0.4674 -10.9035
v -1.5080 -0.3446 -10.5182
v -2.0193 0.1921 -9.9549
v -3.2791 1.0614 -9.8509
v -2.9688 1.3629 -9.7571
v -2.6780 1.6380 -9.7199
v -2.4395 1.8708 -9.7781
v -2.3549 1.9520 -9.8188
v -1.3554 1.4950 -10.2674
v -1.1750 1.4965 -10.3504
v -0.5321 1.4689 -10.5590
v -3.4129 2.8345 -9.3777
v -4.2980 2.5763 -9.0671
v -5.6343 2.0304 -7.8293
v -6.1149 2.0095 -6.9023
v -6.2294 2.0425 -6.5352
v -6.6525 2.3973 -4.2693
v -6.6953 2.4761 -3.7135
v -0.4147 0.3100 -11.4693
v -1.2910 0.3381 -10.8943
v -1.0615 0.2870 -11.0535
v -0.3801 0.9809 -10.4844
v -0.8081 0.9523 -10.3161
v -0.9613 0.9231 -10.2941
v -1.2231 0.7931 -10.3650
v -1.3855 0.6488 -10.5075
v -0.3486 0.9168 -10.5010
v -0.7471 0.9115 -10.3155
v -0.8884 0.8888 -10.2887
v -1.1255 0.7634 -10.3343
v -1.2242 0.6685 -10.5019
v -0.4162 0.3667 -11.3903
v -1.1471 0.4113 -10.8500
v -0.9718 0.3687 -10.9925
v -0.4128 0.2388 -11.5473
v -1.3965 0.2396 -10.8958
v -1.1352 0.2009 -11.0946
v -0.4149 1.0428 -10.4748
v -0.8769 0.9935 -10.3138
v -1.0482 0.9556 -10.3042
v -1.3466 0.7969 -10.3629
v -1.5401 0.6263 -10.4826
v -0.3537 0.7597 -10.5906
v -0.6515 0.7874 -10.3066
v -0.7675 0.7779 -10.2782
v -0.9438 0.6586 -10.2540
v -0.9745 0.5743 -10.3789
v -0.4266 0.4729 -11.1800
v -0.8872 0.4564 -10.7297
v -0.7841 0.4108 -10.8390
v -0.3984 0.5968 -10.7977
v -0.4372 0.5028 -10.6784
v -0.6029 0.3406 -10.8943
v -1.7835 0.0297 -10.3475
v -0.8998 -0.3086 -11.3242
v -1.6582 0.2967 -10.6204
v -0.8776 0.1121 -11.3151
v -1.0848 0.5361 -10.6489
v -0.7055 0.3684 -11.0622
v -0.5669 0.3038 -10.8277
v -0.9160 10.5039 -4.5660
v -1.7420 -0.4350 -10.0462
v -1.5517 -1.7659 -9.6216
v -0.7894 -0.8248 -11.1091
v -0.5392 -1.9777 -10.3564
v -0.4249 -2.7020 -9.9042
v -4.3462 -3.3851 -8.5186
v -1.5998 -3.1903 -8.9435
v -4.2031 -3.3814 -8.6004
v -1.7300 -3.2432 -8.9342
v -1.5120 -3.1227 -8.9587
v -4.4787 -3.3800 -8.4410
v -1.2546 -2.6073 -9.2410
v -5.1770 -3.2848 -7.8725
v -1.3193 -2.2909 -9.4164
v -0.4520 -3.4026 -9.5471
v -5.7356 -3.3202 -7.2757
v -6.9257 -3.8949 -4.8828
v -7.1874 -4.1185 -4.2895
v -5.8239 3.7650 0.0041
v -8.2354 -3.5012 -0.5644
v -8.2090 -3.0424 -0.2281
v -7.9462 -2.1106 0.3410
v -7.0956 -0.2961 0.6594
v -6.8348 0.2443 0.6070
v -8.2819 -3.7742 -0.9321
v -8.1219 -2.5766 0.0747
v -7.7176 -1.5699 0.5496
v -7.3877 -0.8508 0.6553
v -6.5493 0.8457 0.5136
v -6.1158 2.3092 0.3397
v -1.3324 10.4216 -4.4307
v -7.4910 -4.1188 -3.6367
v -8.2392 -4.0013 -1.2417
v -8.2613 -3.6156 -0.7195
v -7.7553 -4.1783 -2.9384
v -8.1883 -4.2129 -1.5007
v -8.1297 -4.4368 -1.7751
v -8.0263 -4.6312 -2.1400
v -0.9393 -4.6531 -9.3165
v -1.4660 -5.4408 -9.3589
v -1.3107 -2.8531 -9.0836
v -4.8645 -3.3201 -8.1431
v -4.4079 -3.3835 -8.4835
v -1.5578 -3.1603 -8.9491
v -4.2935 -3.3861 -8.5484
v -1.6415 -3.2144 -8.9399
v -1.8069 -3.2614 -8.9344
v -4.1591 -3.3729 -8.6244
v -1.7722 -3.2535 -8.9339
v -4.2470 -3.3853 -8.5751
v -1.6857 -3.2312 -8.9364
v -4.6429 -3.3590 -8.3252
v -1.4118 -3.0172 -8.9977
v -0.9051 0.0211 -11.3348
v -1.7218 0.2221 -10.5553
v -0.8579 -0.5357 -11.2602
v -1.7702 -0.1282 -10.2214
v -1.4340 0.4640 -10.7064
v -0.7974 0.2690 -11.2244
v -0.7641 0.3486 -11.1572
v -1.2639 0.5150 -10.6889
v -0.8405 0.1953 -11.2796
v -1.5643 0.3781 -10.6754
v -0.9664 0.5333 -10.6094
v -0.6532 0.3712 -10.9718
v -0.4103 -0.0748 -11.6914
v -1.5447 -0.0320 -10.7576
v -1.2269 -0.0941 -11.0771
v -0.4859 1.2446 -10.4813
v -1.0909 1.1497 -10.2770
v -1.2958 1.0723 -10.2394
v -1.6365 0.8653 -10.2205
v -1.7955 0.5542 -10.2509
v -0.9152 -0.0874 -11.3404
v -1.7537 0.1558 -10.4852
v -0.2090 -2.2266 -10.4001
v -0.7437 -2.1751 -9.9824
v -1.0529 -2.0802 -9.7313
v -1.9453 -3.6127 -9.0065
v -1.9246 -2.9023 -9.0475
v -1.9877 -3.0578 -8.9863
v -2.0461 -3.5073 -8.9740
v -1.8582 -3.6822 -9.0293
v -1.8990 -2.7725 -9.1051
v -1.3537 -4.0432 -9.0606
v -1.8941 -2.1911 -9.3324
v -1.8362 -1.9804 -9.4377
v -0.3420 -4.2795 -9.4655
v -1.0956 -4.2683 -9.1806
v -1.8921 -2.4180 -9.2467
v -1.5725 -3.8772 -9.0531
v -1.9042 -3.6465 -9.0185
v -1.9102 -2.8400 -9.0750
v -1.9821 -3.5794 -8.9945
v -1.9422 -2.9599 -9.0230
v -2.0540 -3.1518 -8.9629
v -2.0736 -3.4633 -8.9654
v -2.0174 -3.1029 -8.9732
v -2.0156 -3.5452 -8.9836
v -1.9631 -3.0114 -9.0027
v -1.7405 -3.7655 -9.0449
v -1.8877 -2.6139 -9.1727
v -1.4697 -1.9419 -9.5601
v -0.4977 -2.2048 -10.2161
v -0.7404 -4.3157 -9.3347
v -3.7336 -1.5319 -9.3662
v -3.5628 -1.8800 -9.2924
v -3.4119 -2.1538 -9.2437
v -3.2864 -2.3831 -9.2076
v -3.9680 -0.8674 -9.5123
v -3.8990 0.6719 -9.7689
v -4.9405 -0.7279 -9.1196
v -3.2855 -5.0626 -9.0974
v -3.2878 -6.8671 -8.5130
v -3.0114 -3.9017 -9.1711
v -3.1000 -2.7475 -9.1311
v -3.0159 -2.9771 -9.0574
v -2.9880 -3.7516 -9.0994
v -3.0379 -3.9981 -9.2110
v -3.1849 -2.5777 -9.1731
v -3.1645 -4.4723 -9.1841
v -3.1181 -4.2644 -9.2258
v -3.0236 -3.9475 -9.1928
v -3.1407 -2.6651 -9.1532
v -3.0010 -3.8577 -9.1478
v -3.0653 -2.8254 -9.1074
v -2.9842 -3.6008 -9.0443
v -2.9935 -3.1435 -9.0096
v -3.0020 -3.0583 -9.0317
v -2.9854 -3.6811 -9.0722
v -3.0374 -2.9006 -9.0826
v -2.9930 -3.8103 -9.1244
v -3.0738 -4.1159 -9.2313
v -3.2786 -7.3140 -8.3710
v -3.2746 -7.7850 -8.2361
v -3.1772 -8.7503 -7.9128
v -1.8614 6.1208 -9.6330
v -3.0379 5.2430 -8.9046
v -0.7556 6.3751 -10.1731
v -1.6418 6.2041 -9.7685
v -3.1615 1.5251 -9.7289
v -3.7491 2.4294 -9.3808
v -3.8694 3.1058 -9.1200
v -3.8221 3.9532 -8.9185
v -3.7161 4.3278 -8.8487
v -3.8745 3.5276 -9.0093
v -3.8243 2.7421 -9.2499
v -0.2734 -1.4991 -10.9439
v -0.9224 -1.4416 -10.3593
v -1.2578 -1.3459 -10.0399
v -2.2233 -1.1880 -9.6872
v -3.6922 -0.9182 -9.5652
v -0.6391 -1.4871 -10.6647
v -1.7179 -1.2621 -9.7890
v -3.8538 -3.7845 -8.9365
v -3.9707 -2.8796 -8.7840
v -3.7783 -3.6469 -8.8958
v -3.8437 -3.0719 -8.7890
v -3.9198 -3.8822 -8.9452
v -4.0969 -2.7322 -8.7706
v -4.2909 -4.2632 -8.7578
v -4.8122 -2.0477 -8.6957
v -5.1780 -1.6195 -8.6901
v -4.7071 -4.6507 -8.4044
v -5.6026 -7.8253 -6.0018
v -5.4138 -6.0799 -6.9271
v -5.5353 -6.4598 -6.6727
v -5.6154 -6.8854 -6.4334
v -4.5036 -2.3489 -8.7070
v -4.1294 -4.1045 -8.8623
v -3.8847 -3.8327 -8.9444
v -4.0281 -2.8084 -8.7796
v -3.8258 -3.7379 -8.9239
v -3.9216 -2.9468 -8.7861
v -3.7406 -3.5375 -8.8701
v -3.7867 -3.1938 -8.7975
v -3.8128 -3.1328 -8.7923
v -3.7584 -3.5966 -8.8832
v -3.8797 -3.0101 -8.7874
v -3.8007 -3.6926 -8.9095
v -4.0094 -3.9853 -8.9209
v -4.2725 -2.5635 -8.7399
v -5.6504 1.6182 -7.9772
v -5.0240 5.6602 -6.0406
v -4.9162 5.8001 -5.7186
v -5.1163 3.6165 -7.8941
v -5.0353 2.6770 -8.3589
v -5.1611 4.0687 -7.6471
v -4.8248 5.8728 -5.4831
v -5.0718 3.1511 -8.1246
v -4.9948 2.1872 -8.6104
v -6.1831 1.6458 -6.9612
v -6.3896 -1.0419 -7.4101
v -5.3063 -4.3728 -7.7472
v -5.5120 -4.0738 -7.4768
v -6.3557 -2.4913 -6.7604
v -6.6217 -1.5038 -6.7370
v -4.3692 -5.1061 -8.5954
v -2.6332 -5.4797 -9.2196
v -0.6250 -5.7875 -9.4022
v -5.9277 -3.3576 -6.9989
v -1.5823 -5.7159 -9.3689
v -3.3251 -5.3688 -9.0377
v -4.8560 -4.8329 -8.2419
v -6.6636 -0.9682 -6.7675
v -1.0057 -1.0489 -10.5645
v -7.0207 0.7102 -4.0448
v -7.0685 0.8535 -3.4364
v -4.0537 -0.0991 -9.6523
v -0.3341 -1.1407 -11.2291
v -1.3300 -0.9291 -10.1978
v -2.2624 -0.6657 -9.8375
v -3.7787 -0.2013 -9.7299
v -0.7308 -1.1124 -10.9020
v -1.7617 -0.8172 -9.9126
v -5.0648 0.2829 -9.0472
v -5.7489 0.4081 -8.2800
v -6.3973 0.4648 -7.1490
v -6.5601 0.4782 -6.6500
v -0.7746 2.4123 -10.8143
v -0.6913 3.5554 -10.6962
v -0.7012 2.9539 -10.7219
v -0.7155 3.8000 -10.7533
v -0.6580 3.1523 -10.5777
v -0.7796 1.8663 -10.6501
v -0.7558 1.3732 -10.4590
v -0.7295 4.0879 -10.7505
v -0.7745 2.1390 -10.7380
v -0.7389 4.3521 -10.6183
v -0.7619 0.3724 -10.7577
v -0.4579 0.6801 -10.4814
v -0.7461 2.6903 -10.8046
v -0.7682 4.6369 -10.4139
v -0.8810 5.2681 -10.2067
v -1.3301 -0.2601 -10.8862
v -0.6150 1.0967 -10.4137
v -1.2801 0.1131 -11.0284
v -0.4455 0.8514 -10.4416
v -0.9149 0.4235 -10.8707
v -0.4325 0.5722 -10.4364
v -0.7247 0.3283 -10.7268
v -0.9906 5.8015 -10.1725
v -1.0745 7.3223 -8.0804
v -1.0702 7.4703 -7.3107
v -1.1716 6.8511 -9.7849
v -0.2561 -1.6503 -10.8254
v -0.7243 -2.6763 -9.6352
v -1.2252 -1.5032 -9.9750
v -2.1745 -1.3724 -9.6280
v -3.6278 -1.1387 -9.5091
v -0.8963 -1.9195 -10.0124
v -1.1895 -0.6926 -10.6159
v -0.7397 -3.3712 -9.3060
v -6.1339 -1.7655 -7.5461
v -5.1949 -3.8974 -7.9298
v -5.8987 -2.5375 -7.3782
v -4.9948 -4.1422 -8.1647
v -4.1255 -4.6764 -8.8063
v -1.5118 -4.4392 -9.1403
v -2.6031 -4.8133 -9.1837
v -0.6707 3.3699 -10.6129
v -0.6757 3.0543 -10.6323
v -0.6788 3.4593 -10.6529
v -0.7250 2.8271 -10.7772
v -0.7046 3.6693 -10.7355
v -0.7622 2.5530 -10.8172
v -0.7248 3.9420 -10.7621
v -0.7765 2.2735 -10.7831
v -0.7298 4.2184 -10.6920
v -0.7777 2.0070 -10.6928
v -0.7518 4.4869 -10.5221
v -0.7768 1.6036 -10.5496
v -0.8240 5.0290 -10.2371
v -0.6644 3.2847 -10.5861
v -0.6569 3.2179 -10.5738
v -1.3136 0.0153 -11.0100
v -0.6631 1.1651 -10.4147
v -1.2868 -0.4345 -10.7736
v -0.7703 1.4812 -10.4986
v -0.5174 0.9802 -10.4210
v -1.1412 0.2994 -11.0047
v -1.0332 0.3785 -10.9481
v -0.4807 0.9214 -10.4321
v -1.2239 0.2068 -11.0308
v -0.5623 1.0359 -10.4140
v -0.4313 0.7666 -10.4608
v -0.8217 0.4257 -10.8045
v -5.5384 -3.2977 -7.5068
v -0.6045 -1.6331 -10.5753
v -1.6779 -1.4235 -9.7364
v -0.6960 1.2328 -10.4238
v -1.3340 -0.0835 -10.9780
v -0.8326 -2.1550 -9.8964
v -1.1893 -4.2090 -9.1325
v -3.8986 -1.1047 -9.4633
v -4.8410 -1.0218 -9.1309
v -3.2247 -4.8206 -9.1069
v -1.0874 6.3349 -10.0468
v -1.0200 -1.4146 -10.2566
v -0.8888 -1.5885 -10.2853
v -4.5570 -4.4898 -8.5445
v -5.5261 -1.0601 -8.6106
v -6.1012 -1.4277 -7.7758
v -1.1023 -1.0159 -10.4428
v -0.3031 2.3399 -10.9263
v -0.2673 4.0801 -10.8806
v -0.2963 3.5669 -10.7897
v -0.2893 2.9646 -10.8235
v -0.3219 2.6747 -10.9389
v -0.3012 3.8057 -10.8581
v -0.2581 3.1755 -10.6523
v -0.3026 1.7623 -10.6995
v -0.2721 1.3613 -10.5594
v -0.2815 4.6378 -10.5221
v -0.3272 5.2544 -10.3634
v -0.3095 2.0671 -10.8003
v -0.2696 4.3495 -10.7198
v -0.2366 -0.3256 -11.7550
v -0.2505 0.7077 -10.8267
v -0.2523 0.5572 -11.1474
v -0.2458 1.0989 -10.5188
v -0.2131 0.1691 -11.6693
v -0.2347 0.4552 -11.3726
v -0.2167 0.8455 -10.6354
v -0.3521 5.8580 -10.3444
v -0.3809 7.3963 -8.2743
v -0.3706 7.5776 -7.3826
v -0.4069 6.9050 -9.9929
v -0.3904 7.7192 -6.8416
v -0.1001 -3.4053 -9.6944
v -0.2404 -0.8723 -11.5071
v -0.1063 -2.0226 -10.5955
v -0.0889 -2.7103 -10.0909
v -0.2187 -4.6482 -9.4710
v -0.2847 -5.5254 -9.4261
v -0.2803 3.3715 -10.7123
v -0.2739 3.0670 -10.7233
v -0.2926 3.4724 -10.7517
v -0.2990 2.8230 -10.9014
v -0.2979 3.6845 -10.8297
v -0.2848 3.9452 -10.8916
v -0.3143 2.5014 -10.9612
v -0.2643 4.2170 -10.8015
v -0.3060 2.2089 -10.8688
v -0.3101 1.9158 -10.7468
v -0.2719 4.4937 -10.6232
v -0.2883 1.5498 -10.6250
v -0.2960 4.9793 -10.3606
v -0.2687 3.2735 -10.6702
v -0.2567 3.2122 -10.6464
v -0.2144 0.0612 -11.7251
v -0.2571 1.1753 -10.5254
v -0.2509 -0.5803 -11.6831
v -0.2801 1.4482 -10.5903
v -0.2279 0.9680 -10.5585
v -0.2231 0.3424 -11.5336
v -0.2281 0.3998 -11.4584
v -0.2179 0.9113 -10.5852
v -0.2177 0.2653 -11.6070
v -0.2346 1.0278 -10.5321
v -0.2320 0.7705 -10.7224
v -0.2448 0.5088 -11.2688
v -0.2523 0.6527 -10.9342
v -0.2632 1.2447 -10.5347
v -0.2199 -0.0629 -11.7623
v -0.0971 -2.2332 -10.4337
v -0.1780 -4.2568 -9.5041
v -0.3823 6.3942 -10.2463
v -0.1425 -1.5058 -10.9974
v -0.3067 -5.7914 -9.4018
v -0.1958 -1.1414 -11.2963
v -0.1271 -1.6624 -10.8734
v -0.4959 0.3910 -10.9755
v -1.8876 0.2920 -10.1627
v -1.6957 0.4867 -10.4823
v -0.5811 0.1244 -11.5122
v -1.0716 0.6113 -10.5258
v -0.5467 0.3991 -11.2139
v -0.4789 0.3587 -10.8901
v -0.5108 -0.8661 -11.3452
v -0.3392 -1.9974 -10.4948
v -0.2703 -2.7000 -10.0129
v -4.3432 -3.2833 -8.4900
v -1.6874 -3.0518 -8.9750
v -1.7863 -3.1683 -8.9466
v -1.5647 -2.1984 -9.3873
v -0.2918 -3.3935 -9.6275
v -7.1368 -3.3391 -4.5692
v -7.5178 -3.7536 -3.5266
v -0.8745 -5.5058 -9.4076
v -1.5244 -2.6380 -9.1526
v -1.6562 -3.0031 -8.9911
v -0.5886 0.0291 -11.5542
v -1.7567 0.4360 -10.4018
v -0.5562 -0.5710 -11.5110
v -1.4297 0.5867 -10.5765
v -0.5660 0.2875 -11.3891
v -0.5563 0.3493 -11.3100
v -0.9654 0.5477 -10.4573
v -0.5360 0.4302 -11.0963
v -0.5862 -0.3318 -11.5785
v -2.0076 -0.2939 -9.9289
v -1.8475 -1.7625 -9.5334
v -4.2041 -3.3227 -8.5859
v -1.6267 -2.9483 -9.0115
v -4.4761 -3.2393 -8.4035
v -1.5124 -2.4212 -9.2682
v -5.2617 -2.9540 -7.8097
v -5.9417 -2.9255 -7.1490
v -7.3463 -3.5462 -3.9724
v -0.6004 -4.6589 -9.4016
v -4.8807 -3.0753 -8.1050
v -4.4046 -3.2637 -8.4500
v -4.2912 -3.2997 -8.5251
v -1.7192 -3.0953 -8.9629
v -4.1110 -3.3535 -8.6473
v -1.8362 -3.2222 -8.9377
v -4.1636 -3.3330 -8.6135
v -1.8156 -3.1980 -8.9416
v -4.2457 -3.3126 -8.5569
v -1.7523 -3.1336 -8.9535
v -4.6459 -3.1695 -8.2857
v -1.5710 -2.8153 -9.0684
v -1.9199 0.0743 -10.0405
v -1.2525 0.6136 -10.5671
v -0.5757 0.2130 -11.4590
v -1.5822 0.5364 -10.5443
v -0.5953 -0.0865 -11.5822
v -1.8089 0.3977 -10.3195
v -0.3106 -2.2147 -10.3422
v -1.7371 -1.9341 -9.4813
v -0.4848 -4.2945 -9.4225
v -0.4058 -1.4954 -10.8588
v -2.0602 -1.2113 -9.7082
v -6.1499 -2.9380 -6.8483
v -0.9440 -5.7760 -9.3998
v -2.0978 -0.7139 -9.8470
v -0.4707 -1.1381 -11.1355
v -0.3821 -1.6406 -10.7523
v -2.0113 -1.3884 -9.6515
v -5.7138 -2.9290 -7.3921
v -0.9869 -1.5630 -10.1837
v -1.0183 -0.3007 -11.2072
v -1.6354 -0.4873 -10.1312
v -1.4017 -1.7935 -9.6771
v -4.1632 -3.4465 -8.6420
v -1.4983 -3.2278 -8.9443
v -4.4325 -3.5221 -8.5271
v -1.1310 -2.7442 -9.2238
v -5.0558 -3.5685 -8.0310
v -5.5444 -3.6640 -7.4802
v -6.9216 -4.5879 -4.7425
v -1.1126 -4.6399 -9.2692
v -4.7861 -3.5540 -8.2643
v -4.3667 -3.5081 -8.5601
v -4.2554 -3.4780 -8.6051
v -1.6468 -3.2791 -8.9345
v -4.0709 -3.4009 -8.6796
v -1.8140 -3.2859 -8.9339
v -4.1174 -3.4258 -8.6609
v -1.7800 -3.2874 -8.9328
v -4.2081 -3.4630 -8.6236
v -1.6929 -3.2847 -8.9329
v -4.5852 -3.5418 -8.4267
v -1.3746 -3.1497 -8.9706
v -1.6931 -0.2111 -10.3109
v -1.2365 0.4819 -10.7466
v -0.9577 0.2006 -11.2085
v -1.5266 0.3165 -10.7457
v -0.6473 0.3501 -10.8552
v -1.7148 -0.0641 -10.4360
v -1.6183 0.2269 -10.6986
v -0.9990 0.1131 -11.2307
v -1.0635 0.5080 -10.6977
v -0.7659 0.3752 -11.0011
v -0.6116 0.3088 -10.8189
v -0.8998 -0.7925 -10.9845
v -0.6261 -1.9670 -10.2772
v -0.5007 -2.7053 -9.8459
v -4.3079 -3.4930 -8.5849
v -1.5999 -3.2685 -8.9366
v -1.7378 -3.2871 -8.9323
v -1.1809 -2.3688 -9.4403
v -0.5197 -3.4083 -9.4903
v -6.6862 -4.4146 -5.2272
v -1.7811 -5.3674 -9.3480
v -1.2334 -3.0037 -9.0484
v -1.5519 -3.2517 -8.9393
v -1.0300 0.0188 -11.2386
v -1.6741 0.1512 -10.6348
v -0.9740 -0.5127 -11.1391
v -1.3953 0.4093 -10.7657
v -0.9012 0.2801 -11.1610
v -0.8427 0.3553 -11.0933
v -0.9329 0.5068 -10.6449
v -0.7013 0.3786 -10.9207
v -1.0359 -0.0889 -11.2301
v -1.7062 0.0784 -10.5673
v -0.5801 -2.1973 -10.1426
v -1.3236 -1.9800 -9.6061
v -0.8653 -4.3173 -9.2833
v -0.7387 -1.4784 -10.5651
v -1.5529 -1.2873 -9.8566
v -5.7139 -3.7352 -7.2182
v -1.9108 -5.6545 -9.3271
v -0.8291 -1.0929 -10.7868
v -1.6059 -0.8577 -9.9822
v -1.5185 -1.4465 -9.8030
v -5.3731 -3.6146 -7.7020
v -0.7002 -1.6241 -10.4815
v -0.1897 -2.9986 -9.8754
v -0.8916 -2.8418 -9.3559
v -1.6373 -2.2505 -9.3406
v -2.0305 -1.9734 -9.4095
v -3.4126 -1.7185 -9.3657
v -4.4424 -1.7525 -9.0602
v -0.6274 -3.0004 -9.5527
v -5.4492 -2.1140 -8.1311
v -5.5892 -2.2217 -7.9089
v -6.2939 -2.0638 -7.1203
v -7.3570 -2.0408 -4.1691
v -7.4111 -2.0723 -3.5234
v -7.4087 -2.0593 -2.8938
v -1.2741 -2.4549 -9.3329
v -0.4180 -2.9955 -9.7342
v -1.8796 -2.0786 -9.3844
v -3.6460 -1.7138 -9.3263
v -4.9927 -1.8504 -8.6957
v -6.5167 -2.0122 -6.7273
v -0.7012 -2.9805 -9.4802
v -6.0567 -2.1451 -7.4279
v -0.0905 -3.0081 -9.8956
v -1.5280 -2.3105 -9.3319
v -0.2719 -2.9905 -9.8306
v -1.1402 -2.5657 -9.3364
v -0.4865 -3.0011 -9.6786
v -0.1955 -2.4559 -10.2322
v -0.9803 -2.3148 -9.6269
v -1.8078 -3.5253 -8.9732
v -1.8369 -2.9461 -9.0208
v -1.9184 -3.4405 -8.9512
v -1.7066 -3.5753 -8.9872
v -1.0694 -3.6972 -9.0617
v -1.7156 -2.1015 -9.4034
v -0.8155 -3.8432 -9.2415
v -1.3596 -3.6625 -9.0119
v -1.7610 -3.5507 -8.9811
v -1.8489 -3.4987 -8.9649
v -1.5674 -3.6216 -8.9968
v -1.3876 -2.1161 -9.4934
v -0.5564 -3.8609 -9.4027
v -0.6851 -2.4324 -9.8473
v -1.9059 -3.0918 -8.9688
v -1.7990 -2.8233 -9.0740
v -1.7623 -2.2724 -9.3083
v -0.2556 -3.8247 -9.5332
v -1.7647 -2.4862 -9.2174
v -1.8170 -2.8870 -9.0457
v -1.8586 -2.9997 -8.9997
v -1.9738 -3.3701 -8.9432
v -1.9587 -3.1796 -8.9487
v -1.9485 -3.4075 -8.9467
v -1.9320 -3.1353 -8.9574
v -1.8854 -3.4706 -8.9574
v -1.8815 -3.0472 -8.9828
v -1.7728 -2.6744 -9.1400
v -0.4538 -2.4484 -10.0626
v -0.7689 -2.4117 -9.7676
v -0.8952 -3.8038 -9.1818
v -0.0930 -2.4622 -10.2654
v -0.1301 -3.8153 -9.5727
v -1.6365 -2.0772 -9.4348
v -0.2882 -2.4511 -10.1816
v -0.3665 -3.8366 -9.4915
v -0.5337 -2.4485 -9.9977
v -1.2465 -2.1725 -9.5302
v -0.6467 -3.8667 -9.3534
v -1.7496 -2.1727 -9.3601
v -4.6158 6.0811 -6.3374
v -0.4054 -0.6805 -11.5564
v -1.4820 -0.4202 -10.4582
v -2.0730 0.0546 -9.9384
v -4.6284 3.3885 -8.5150
v -1.1480 -0.5540 -10.8535
v -3.4218 0.8966 -9.8701
v -4.5313 2.4674 -8.9447
v -0.8365 -0.6382 -11.2151
v -1.7568 -0.2218 -10.1638
v -3.6560 1.0765 -9.8027
v -4.4246 2.0935 -9.1751
v -4.5084 6.1920 -5.9795
v -4.6562 3.8993 -8.3077
v -4.5908 2.9057 -8.7224
v -4.6820 4.4249 -8.0631
v -1.2569 -0.5172 -10.7200
v -0.2520 -0.6869 -11.6299
v -1.9355 -0.0463 -9.9901
v -0.5385 -0.6737 -11.4649
v -1.6744 -0.2951 -10.2509
v -0.9496 -0.6090 -11.0942
v -1.2032 -0.3754 -10.9508
v -3.3355 1.3873 -9.7689
v -3.9727 2.3431 -9.3279
v -4.1158 3.0468 -9.0095
v -4.1316 3.5078 -8.8703
v -0.4115 -0.4553 -11.6534
v -1.5311 -0.2667 -10.5814
v -1.9575 0.3327 -9.9828
v -3.1255 1.2158 -9.8074
v -0.8781 -0.4241 -11.2977
v -1.7793 -0.0463 -10.2808
v -1.9516 6.3736 -9.4920
v -3.2138 5.4762 -8.7294
v -0.7868 6.6425 -10.0727
v -1.7210 6.4638 -9.6444
v -4.1025 3.9882 -8.7521
v -4.0097 4.4479 -8.6495
v -4.0583 2.6679 -9.1679
v -1.3115 -0.3500 -10.8308
v -1.1386 6.6040 -9.9479
v -0.2457 -0.4569 -11.7288
v -0.3961 6.6567 -10.1452
v -1.9035 0.1918 -10.0956
v -0.5723 -0.4530 -11.5500
v -1.7067 -0.1359 -10.3723
v -0.9961 -0.4096 -11.1776
v -1.8400 0.7444 -10.0290
v -1.5854 0.7146 -10.3767
v -1.0711 0.6749 -10.3746
v -0.9383 0.5570 -10.2703
v -1.7537 5.8671 -9.7349
v -2.8671 5.0368 -9.0508
v -0.7243 6.1095 -10.2455
v -1.5523 5.9456 -9.8593
v -3.5634 3.9077 -9.0286
v -3.4511 4.2333 -8.9707
v -1.6702 0.7167 -10.2995
v -2.8177 1.5054 -9.7228
v -3.6084 2.7970 -9.3191
v -1.3220 0.7213 -10.4404
v -1.1848 0.7127 -10.4240
v -1.4642 0.7099 -10.4237
v -0.9900 0.6173 -10.3157
v -1.7413 0.7214 -10.2187
v -2.9935 1.6557 -9.6966
v -3.5383 2.4966 -9.4262
v -3.6434 3.1413 -9.2096
v -3.6330 3.5262 -9.1119
v -1.0384 6.0699 -10.1212
v -0.3667 6.1283 -10.3086
v -0.4131 0.5561 -10.9025
v -0.7920 0.6557 -10.2213
v -1.5771 1.1130 -10.0862
v -1.3101 0.9019 -10.3017
v -0.9382 0.7999 -10.2759
v -2.6901 1.8911 -9.7115
v -3.1698 2.5997 -9.5096
v -2.5683 4.6922 -9.2782
v -3.0509 4.0489 -9.1174
v -3.1635 3.7772 -9.1548
v -0.4268 0.4344 -10.7676
v -0.7287 0.5406 -10.1862
v -0.6590 5.5607 -10.2900
v -1.3726 5.4498 -9.9831
v -1.5537 5.3905 -9.8951
v -3.2461 3.4672 -9.2355
v -3.2718 3.1552 -9.3395
v -1.4168 0.9442 -10.2802
v -2.5509 1.7614 -9.7405
v -3.2398 2.8617 -9.4301
v -1.1020 0.8630 -10.3006
v -1.0162 0.8399 -10.2863
v -1.2013 0.8854 -10.3160
v -0.8638 0.7359 -10.2558
v -1.4801 0.9720 -10.2234
v -0.9368 5.5314 -10.1873
v -0.2526 0.6071 -11.0375
v -0.3396 5.5724 -10.3632
v -0.5562 1.6936 -10.6488
v -1.2892 1.8185 -10.4029
v -2.3053 2.2477 -9.8865
v -2.7694 2.7486 -9.6343
v -2.6724 3.7947 -9.2817
v -1.1718 4.7891 -10.1857
v -1.1391 1.7899 -10.4712
v -2.8500 2.9355 -9.5561
v -2.7861 3.5955 -9.2908
v -0.5597 4.8116 -10.3658
v -1.3322 4.7600 -10.1176
v -2.2193 4.2685 -9.5372
v -2.8717 3.3711 -9.3573
v -2.8898 3.1428 -9.4584
v -0.7902 4.8159 -10.3119
v -0.7807 1.7322 -10.6006
v -0.2949 1.6546 -10.6622
v -0.2858 4.7938 -10.4311
v -3.5624 6.2161 -7.9845
v -2.0752 6.9861 -8.8219
v -0.8121 7.2605 -9.4143
v -1.8219 7.0850 -8.9752
v -4.5274 5.5072 -7.5565
v -5.7094 4.1403 -6.5196
v -6.1035 3.2693 -6.0343
v -6.3199 2.5573 -5.8063
v -6.5047 1.7633 -5.6706
v -5.5572 -4.6777 -7.1564
v -5.8049 -4.3243 -6.8480
v -6.2151 2.9278 -5.9095
v -6.4162 2.1651 -5.7267
v -6.3048 -3.4881 -6.3018
v -5.1956 4.8580 -7.0620
v -6.7445 -2.5150 -5.9235
v -6.9685 -1.4405 -5.7183
v -4.5481 -5.6194 -8.1887
v -2.6619 -6.1736 -9.0548
v -0.6770 -6.3353 -9.2759
v -1.6837 -6.2861 -9.2575
v -3.3293 -6.0730 -8.8147
v -5.0572 -5.2344 -7.7419
v -6.9779 -0.9043 -5.6614
v -6.7720 0.5283 -5.6125
v -1.1842 7.2196 -9.2839
v -0.4114 7.2855 -9.5015
v -0.3336 -6.3334 -9.2724
v -6.5397 -3.0184 -6.0904
v -1.0174 -6.3306 -9.2808
v -6.0554 -3.9258 -6.5577
v -2.0087 -6.2483 -9.2148
v -6.8908 -1.9843 -5.8024
v -4.7686 5.2927 -7.4052
v -1.0894 -3.3574 -9.0476
v -1.7588 -4.1209 -9.1085
v -2.6520 -4.3476 -9.2201
v -3.8669 -4.2725 -9.0059
v -4.5662 -3.9712 -8.5427
v -4.7588 -3.7899 -8.3476
v -5.0729 -2.7370 -8.0570
v -5.0089 -2.5282 -8.2221
v -4.1939 -2.0845 -9.0140
v -3.2767 -2.0232 -9.3038
v -2.0332 -2.2425 -9.3078
v -1.6409 -2.4547 -9.2301
v -1.3483 -3.4510 -8.9787
v -1.8922 -3.9477 -9.1073
v -2.6492 -4.1568 -9.2329
v -3.7554 -4.1210 -9.0577
v -4.3942 -3.8729 -8.6592
v -4.5548 -3.7285 -8.5055
v -4.7257 -2.9252 -8.2525
v -4.6682 -2.7573 -8.3557
v -3.9881 -2.3343 -8.9980
v -3.1593 -2.2717 -9.2585
v -2.0162 -2.4636 -9.2358
v -1.6513 -2.6539 -9.1437
v -1.5259 -3.4645 -8.9614
v -1.9936 -3.8251 -9.0921
v -2.6461 -4.0131 -9.2161
v -3.6739 -4.0008 -9.0752
v -4.2613 -3.7903 -8.7321
v -4.4021 -3.6751 -8.6070
v -4.5161 -3.0485 -8.3753
v -4.4520 -2.9099 -8.4530
v -3.8215 -2.5325 -8.9947
v -3.0629 -2.4815 -9.2184
v -2.0079 -2.6486 -9.1678
v -1.6860 -2.8138 -9.0715
v -5.0092 -3.3004 -8.0165
v -1.2721 -2.7396 -9.1488
v -4.5564 -3.3723 -8.3893
v -4.7436 -3.3407 -8.2449
v -1.4628 -3.0756 -8.9739
v -1.3601 -2.9445 -9.0333
v -1.8046 -3.7215 -9.0382
v -1.8979 -2.3101 -9.2847
v -1.4655 -3.9533 -9.0552
v -1.6641 -3.8163 -9.0500
v -1.8881 -2.5201 -9.2090
v -1.8911 -2.6980 -9.1377
v -3.4854 -2.0247 -9.2651
v -3.3459 -2.2741 -9.2249
v -3.1413 -4.3579 -9.2104
v -3.0546 -4.0541 -9.2240
v -3.0955 -4.1855 -9.2322
v -3.2326 -2.4847 -9.1909
v -4.6470 -2.2124 -8.6973
v -4.3795 -2.4648 -8.7226
v -4.1783 -2.6509 -8.7569
v -4.2036 -4.1773 -8.8174
v -4.0651 -4.0419 -8.8962
v -3.9611 -3.9327 -8.9374
v -4.5560 -3.2075 -8.3494
v -4.7514 -3.1249 -8.2073
v -1.5150 -2.5329 -9.2024
v -1.5451 -2.7327 -9.1074
v -1.5985 -2.8866 -9.0367
v -5.0478 -3.0181 -7.9772
v -4.5051 -3.5334 -8.4833
v -4.6771 -3.5482 -8.3546
v -1.4394 -3.1947 -8.9534
v -4.9148 -3.5615 -8.1535
v -1.3047 -3.0879 -9.0008
v -1.1674 -2.8887 -9.1175
v -1.6431 -3.5988 -8.9923
v -1.7664 -2.5855 -9.1776
v -1.7838 -2.7530 -9.1055
v -1.2168 -3.6791 -9.0262
v -1.4749 -3.6430 -9.0026
v -1.7677 -2.3815 -9.2582
v -1.8971 2.7465 -10.1839
v -1.7214 3.8066 -9.9803
v -1.6098 3.0929 -10.1791
v -1.7683 2.9448 -10.2127
v -1.4836 3.2253 -10.1073
v -2.0946 2.2989 -10.0162
v -2.3071 1.7710 -9.8144
v -1.5211 3.4902 -10.1254
v -1.6111 3.6354 -10.0810
v -2.0085 4.2283 -9.7112
v -2.3071 4.6565 -9.4631
v -1.9952 2.5330 -10.1118
v -1.8534 4.0007 -9.8563
v -2.5131 1.5107 -9.7424
v -2.5582 4.9985 -9.2547
v -3.1692 5.8936 -8.6081
v -3.3814 0.3643 -9.9041
v -3.2311 -1.5605 -9.4340
v -2.4483 -3.8119 -9.1245
v -2.7907 -2.7483 -9.1611
v -2.7350 -2.9788 -9.0742
v -2.4915 -3.6687 -9.0612
v -2.4214 -3.9114 -9.1680
v -2.8527 -2.5760 -9.2132
v -2.3454 -4.4272 -9.1859
v -3.1207 -1.8859 -9.3593
v -2.0986 -4.8772 -9.2315
v -0.5264 -5.2468 -9.4177
v -3.0175 -2.1553 -9.3044
v -2.3798 -4.2022 -9.2049
v -2.4345 -3.8593 -9.1471
v -2.8192 -2.6649 -9.1882
v -2.4623 -3.7667 -9.1022
v -2.7676 -2.8261 -9.1327
v -2.5247 -3.5398 -9.0213
v -2.7242 -3.0566 -9.0462
v -2.5077 -3.6092 -9.0412
v -2.7496 -2.9022 -9.1035
v -2.4765 -3.7202 -9.0813
v -2.3993 -4.0376 -9.1978
v -2.9304 -2.3823 -9.2580
v -1.4743 3.3664 -10.1218
v -1.5390 3.1617 -10.1451
v -1.4920 3.4255 -10.1291
v -1.6877 3.0211 -10.2006
v -1.5633 3.5591 -10.1120
v -1.8395 2.8516 -10.2078
v -1.6642 3.7176 -10.0360
v -1.9469 2.6413 -10.1511
v -1.7838 3.9012 -9.9201
v -2.0447 2.4203 -10.0675
v -1.9270 4.1089 -9.7865
v -2.2030 2.0266 -9.9061
v -2.1982 4.5029 -9.5528
v -1.4650 3.3153 -10.1074
v -1.4614 3.2749 -10.0961
v -3.0451 0.9031 -9.8750
v -2.7683 1.2160 -9.7644
v -2.2363 1.8915 -9.8618
v -1.3087 -5.1713 -9.3513
v -2.8604 5.4113 -8.9837
v -3.4143 -0.9685 -9.6040
v -3.4999 -0.2979 -9.7846
v -2.2385 -4.7178 -9.1854
v -3.3539 -1.1773 -9.5433
v -0.2608 -5.2535 -9.4301
v -0.7866 -5.2352 -9.3992
v -1.5788 -5.1091 -9.3162
v -3.1753 -1.7308 -9.3933
v -3.1750 0.7371 -9.9058
v -3.0221 5.6477 -8.8127
v -2.9075 1.0611 -9.8199
v -2.7035 5.1952 -9.1298
v -2.6355 1.3675 -9.7383
v -2.4274 4.8200 -9.3656
v -2.4011 1.6453 -9.7694
v -2.0990 4.3594 -9.6335
v -2.1502 2.1672 -9.9640
v -3.3390 6.3430 -8.0883
v -2.3899 -4.1140 -9.2046
v -2.4095 -3.9705 -9.1852
v -3.0676 -2.0274 -9.3300
v -2.9721 -2.2742 -9.2805
v -2.8901 -2.4830 -9.2359
v -2.3664 -4.3059 -9.1982
v -7.1928 -0.1807 -4.0191
v -7.2323 -0.0656 -3.4737
v -0.2913 -1.3622 -11.0515
v -1.2844 -1.1975 -10.0972
v -2.2550 -1.0095 -9.7446
v -3.7416 -0.6868 -9.6214
v -0.6722 -1.3537 -10.7462
v -1.7447 -1.1074 -9.8352
v -6.4531 -0.4510 -7.3085
v -6.6693 -0.4432 -6.7369
v -0.9528 -1.3043 -10.4305
v -4.0195 -0.6213 -9.5594
v -5.0098 -0.4152 -9.1003
v -5.7308 -0.3631 -8.4461
v -1.0475 -1.2746 -10.3238
v -0.1586 -1.3657 -11.1118
v -2.0884 -1.0399 -9.7580
v -0.4265 -1.3619 -10.9603
v -1.5787 -1.1366 -9.9043
v -0.7710 -1.3425 -10.6401
v -6.9352 -0.3923 -5.6282
v -3.4617 -0.7504 -9.6662
v -3.5694 6.4140 -7.6878
v -2.0379 7.0784 -8.4960
v -0.8167 7.1058 -9.6983
v -1.8245 6.9339 -9.2587
v -4.4657 5.1178 -7.9134
v -5.7069 3.8429 -6.8072
v -6.0623 3.0950 -6.3457
v -6.2424 2.4597 -6.1872
v -6.4116 1.7116 -6.1184
v -5.7088 -4.8714 -6.8116
v -5.9804 -4.4893 -6.4753
v -6.1553 2.7950 -6.2529
v -6.3276 2.0948 -6.1422
v -6.5018 -3.5919 -5.8776
v -5.1924 4.4854 -7.3687
v -6.5564 -2.4942 -6.3631
v -6.8083 -1.4645 -6.2332
v -4.4591 -5.3543 -8.4072
v -2.6720 -5.8309 -9.1504
v -0.6571 -6.0558 -9.3523
v -1.6502 -5.9987 -9.3307
v -3.3353 -5.7128 -8.9403
v -4.9651 -5.0227 -8.0089
v -6.8403 -0.9360 -6.2032
v -6.8618 0.5695 -5.0940
v -1.1930 7.0761 -9.5744
v -0.4130 7.1264 -9.7833
v -0.3394 -6.6364 -9.1716
v -6.7300 -3.0899 -5.6373
v -1.0293 -6.6293 -9.1739
v -6.2482 -4.0602 -6.1596
v -2.0084 -6.5378 -9.1105
v -7.0603 -1.9906 -5.2984
v -4.7576 5.6301 -7.0548
v -3.4961 5.9821 -8.2645
v -2.0795 6.8385 -9.1035
v -0.7924 7.3246 -9.0600
v -1.7786 7.1555 -8.6345
v -4.5275 5.8286 -7.2042
v -5.6879 4.4099 -6.2064
v -6.1322 3.4528 -5.6854
v -6.3900 2.6703 -5.3925
v -6.5955 1.8184 -5.2013
v -5.4336 -4.5143 -7.4752
v -5.6556 -4.1873 -7.1856
v -6.2670 3.0766 -5.5288
v -6.4993 2.2447 -5.2812
v -6.1158 -3.4126 -6.6765
v -5.1693 5.1833 -6.7314
v -6.9227 -2.5543 -5.4433
v -7.1175 -1.4198 -5.1960
v -2.6108 -6.5256 -8.9467
v -0.6876 -6.6378 -9.1783
v -1.6952 -6.5778 -9.1469
v -3.3101 -6.4548 -8.6672
v -5.1589 -5.4738 -7.4641
v -7.1019 -0.8655 -5.1277
v -6.6762 0.4993 -6.1335
v -1.1579 7.2899 -8.9321
v -0.4015 7.3439 -9.1435
v -0.3230 -6.0559 -9.3466
v -6.3502 -2.9699 -6.4905
v -0.9912 -6.0496 -9.3613
v -5.8798 -3.8197 -6.9118
v -1.9841 -5.9516 -9.2939
v -6.7140 -1.9894 -6.2812
v -4.7369 4.8925 -7.7445
v -3.3422 6.5160 -7.7936
v -3.2796 6.1309 -8.3634
v -6.8185 -0.4258 -6.1760
v -7.0377 -0.3460 -5.0927
v -5.9041 2.9254 -6.9084
v -5.9347 2.3500 -7.1391
v -4.1562 -2.9987 -8.6298
v -4.2884 -2.8715 -8.5844
v -5.1046 -2.2008 -8.3710
v -5.5176 -1.7800 -8.3006
v -5.9489 4.2173 -5.1381
v -5.8853 4.4291 -4.7889
v -4.7321 -2.5193 -8.4416
v -4.2172 -2.9381 -8.6089
v -4.1031 -3.0534 -8.6489
v -3.9568 -3.2432 -8.7143
v -4.4726 -2.7195 -8.5199
v -5.9073 2.6635 -7.0358
v -5.9763 1.9976 -7.2393
v -4.0187 -3.1491 -8.6824
v -3.9851 -3.1955 -8.6984
v -4.0575 -3.1027 -8.6663
v -5.9263 3.1496 -6.7214
v -6.0278 1.6266 -7.3356
v -6.1221 -0.8580 -7.9154
v -6.1812 0.4472 -7.6045
v -5.9390 -1.2341 -8.0909
v -5.3084 -1.9914 -8.3450
v -5.9813 3.5831 -6.1815
v -4.9063 -2.3811 -8.4024
v -4.3729 -2.7994 -8.5544
v -4.5899 -2.6281 -8.4820
v -6.1911 -0.3996 -7.8120
v -5.9590 3.3646 -6.4747
v -5.9910 3.7990 -5.8542
v -5.2951 5.3177 -5.3631
v -5.4958 3.3241 -7.4884
v -5.4456 2.5014 -7.9039
v -5.5308 3.7074 -7.2552
v -5.4485 1.6272 -8.2625
v -3.7450 -3.0455 -8.8418
v -5.1723 5.4476 -5.0024
v -3.7186 -3.1127 -8.8384
v -3.7779 -2.9786 -8.8464
v -5.4161 -0.7088 -8.7666
v -3.8669 -2.8400 -8.8541
v -3.9896 -2.6858 -8.8524
v -4.6486 -1.9997 -8.8249
v -4.9787 -1.5791 -8.8511
v -4.3699 -2.2937 -8.8201
v -3.9240 -2.7651 -8.8548
v -3.8185 -2.9108 -8.8508
v -3.6999 -3.1801 -8.8362
v -4.1544 -2.5111 -8.8371
v -5.3956 5.1497 -5.7062
v -5.4644 2.9221 -7.7006
v -5.4404 2.0667 -8.0968
v -5.5272 0.3829 -8.5626
v -5.2988 -1.0239 -8.8193
v -4.8106 -1.8067 -8.8378
v -5.5536 4.3902 -6.7010
v -4.5014 -2.1600 -8.8200
v -4.0657 -2.6015 -8.8464
v -4.2561 -2.4097 -8.8269
v -5.4892 -0.3660 -8.7005
v -5.5266 4.6829 -6.3841
v -5.5545 4.0638 -6.9924
v -7.2417 -0.0247 -2.9532
v -7.2842 -0.2349 -2.6160
v -1.0302 -0.9330 -10.6287
v -7.1670 0.3974 -2.8835
v -4.0332 0.1679 -9.6952
v -5.0499 0.6740 -9.0142
v -5.7134 0.8031 -8.1935
v -0.9801 -1.1724 -10.5004
v -6.9401 1.0911 -4.0942
v -6.9899 1.1600 -3.6141
v -4.0476 -0.3648 -9.6061
v -0.3519 -1.0447 -11.3040
v -1.3558 -0.8074 -10.2459
v -2.2394 -0.5052 -9.8709
v -3.7624 0.0439 -9.7782
v -0.7498 -1.0068 -10.9771
v -1.7548 -0.6814 -9.9501
v -5.0514 -0.0792 -9.0750
v -5.7600 0.0177 -8.3612
v -6.3313 0.8720 -7.0821
v -6.4782 0.8935 -6.6111
v -1.1264 -0.8983 -10.5013
v -0.2134 -1.0462 -11.3756
v -2.0771 -0.5628 -9.8787
v -2.1016 -0.8738 -9.8059
v -0.4868 -1.0431 -11.2101
v -1.6145 -0.7287 -10.0262
v -0.8557 -0.9813 -10.8558
v -6.6799 0.9496 -5.6187
v -3.4901 -0.5262 -9.7272
v -3.4881 -0.0698 -9.8362
v -7.1048 0.2844 -4.0281
v -7.1550 0.3796 -3.4936
v -0.3144 -1.2415 -11.1478
v -1.3081 -1.0573 -10.1489
v -2.2672 -0.8353 -9.7937
v -3.7702 -0.4464 -9.6764
v -0.7049 -1.2259 -10.8242
v -1.7619 -0.9584 -9.8784
v -6.4433 0.0302 -7.2223
v -6.6288 0.0361 -6.6926
v -1.0747 -1.1421 -10.3846
v -0.1778 -1.2428 -11.2130
v -0.4503 -1.2412 -11.0530
v -1.5962 -0.9951 -9.9445
v -0.8018 -1.2116 -10.7157
v -6.8589 0.0846 -5.6153
v -6.7577 0.0536 -6.1523
v -6.7740 0.9893 -5.1144
v -6.9524 0.1287 -5.0869
v -6.5858 0.9176 -6.1199
v -6.1359 0.8467 -7.5166
v -6.2077 0.0329 -7.7008
v -5.5035 0.7816 -8.4844
v -5.5266 -0.0012 -8.6329
v -7.0068 1.2165 -3.1730
v -1.0579 -0.8289 -10.6886
v -3.9820 0.4279 -9.7360
v -5.0047 1.1002 -8.9727
v -5.6794 1.2050 -8.0953
v -2.0450 -0.4227 -9.9043
v -0.4993 -0.9551 -11.2796
v -0.8782 -0.8839 -10.9198
v -6.5919 1.3578 -5.6359
v -6.6862 1.4000 -5.1476
v -6.4966 1.3193 -6.1128
v -5.4724 1.1945 -8.3875
v -6.8615 1.4563 -4.1275
v -6.9222 1.4396 -3.7206
v -0.3669 -0.9565 -11.3727
v -1.3835 -0.6967 -10.2945
v -2.2042 -0.3545 -9.8958
v -3.7175 0.2831 -9.8200
v -0.7676 -0.9139 -11.0472
v -1.7456 -0.5550 -9.9929
v -6.2582 1.2648 -7.0209
v -6.3925 1.2899 -6.5773
v -1.1571 -0.7903 -10.5592
v -0.2285 -0.9614 -11.4423
v -1.6253 -0.6041 -10.0760
v -3.4498 0.1530 -9.8785
v -6.0827 1.2395 -7.4257
v -1.7640 2.6941 -10.2851
v -1.4818 3.0672 -10.2851
v -1.3542 3.1968 -10.2234
v -1.9455 2.2243 -10.1018
v -2.1591 1.6763 -9.8552
v -1.8591 2.4670 -10.2060
v -2.3489 1.3933 -9.7642
v -2.4054 5.1361 -9.3470
v -2.9962 6.8202 -7.2790
v -2.9724 6.0414 -8.7083
v -3.1231 0.2376 -9.9355
v -2.9890 -1.5840 -9.4523
v -1.4109 3.1373 -10.2552
v -1.3651 3.4366 -10.2487
v -1.9015 2.3499 -10.1558
v -2.0385 1.9515 -9.9791
v -1.3296 3.3118 -10.2296
v -1.3282 3.2585 -10.2161
v -2.8198 0.7627 -9.8749
v -2.5767 1.0843 -9.7676
v -2.6918 5.5671 -9.0772
v -3.1498 -1.0171 -9.6296
v -3.2294 -0.3838 -9.8213
v -2.8414 5.8038 -8.9093
v -2.6989 0.9240 -9.8174
v -2.4588 1.2424 -9.7492
v -2.2472 1.5379 -9.8015
v -1.9727 4.4491 -9.7295
v -1.9922 2.0906 -10.0442
v -3.1221 6.4585 -8.1978
v -2.8626 -2.0389 -9.3452
v -2.7901 -2.2828 -9.2920
v -2.7205 -2.4914 -9.2432
v -1.6192 3.8521 -10.0885
v -1.6397 2.9120 -10.3245
v -1.4054 3.5074 -10.2389
v -1.5110 3.6669 -10.1897
v -1.8892 4.3081 -9.8112
v -2.1662 4.7673 -9.5543
v -1.7445 4.0618 -9.9628
v -2.6413 -2.7541 -9.1626
v -2.5984 -2.9815 -9.0724
v -2.6898 -2.5840 -9.2183
v -2.9019 -1.8998 -9.3754
v -2.8253 -2.1658 -9.3178
v -2.6632 -2.6722 -9.1913
v -2.6242 -2.8312 -9.1329
v -2.5778 -3.1300 -9.0197
v -2.5875 -3.0548 -9.0442
v -2.6104 -2.9073 -9.1025
v -2.7546 -2.3910 -9.2673
v -1.3405 3.3716 -10.2432
v -1.5597 2.9937 -10.3090
v -1.4550 3.5839 -10.2181
v -1.7078 2.8071 -10.3135
v -1.5624 3.7571 -10.1424
v -1.8136 2.5815 -10.2491
v -1.6785 3.9543 -10.0275
v -1.8148 4.1805 -9.8909
v -2.0657 4.6026 -9.6456
v -2.0888 1.8122 -9.9168
v -3.0956 -1.2168 -9.5655
v -2.9434 -1.7502 -9.4100
v -2.9335 0.5976 -9.9178
v -2.5425 5.3441 -9.2207
v -2.2758 4.9435 -9.4552
v -3.1934 -0.8093 -9.6974
v -3.0718 6.2649 -8.4714
v -3.1256 6.6175 -7.9024
v -3.2196 -0.1701 -9.8741
v -3.2201 -0.5985 -9.7610
v -3.1839 0.0389 -9.9101
v -0.7506 -0.3238 -11.4587
v -1.8650 -0.3677 -9.9756
v -1.7010 -1.7545 -9.5746
v -1.5588 -3.0281 -8.9829
v -1.3839 -2.5036 -9.2543
v -0.7698 -4.6579 -9.3613
v -1.6697 -3.1524 -8.9487
v -1.8166 -3.2418 -8.9359
v -1.7860 -3.2255 -8.9370
v -1.7072 -3.1811 -8.9429
v -1.4814 -2.9068 -9.0316
v -1.8527 -0.0336 -10.1337
v -1.2686 0.5547 -10.6282
v -0.7146 0.2011 -11.3697
v -1.5906 0.4569 -10.6111
v -1.8892 -1.2337 -9.7373
v -0.4992 -1.6354 -10.6649
v -0.5547 0.3587 -10.9330
v -1.8389 0.1470 -10.2544
v -1.6909 0.3837 -10.5520
v -0.7318 0.1145 -11.4149
v -1.0713 0.5694 -10.5884
v -0.6378 0.3809 -11.1352
v -0.5157 0.3259 -10.8541
v -0.6606 -0.8517 -11.2308
v -0.4440 -1.9870 -10.4291
v -0.3540 -2.7028 -9.9650
v -1.6322 -3.1171 -8.9567
v -1.7474 -3.2054 -8.9392
v -1.4499 -2.2351 -9.3995
v -0.3742 -3.3965 -9.5891
v -1.1686 -5.4830 -9.3909
v -1.4120 -2.7344 -9.1180
v -1.5956 -3.0755 -8.9679
v -0.7533 0.0249 -11.4510
v -1.7514 0.3188 -10.4767
v -0.7135 -0.5566 -11.3980
v -1.4514 0.5292 -10.6456
v -0.6971 0.2830 -11.3111
v -0.6698 0.3439 -11.2312
v -0.9254 0.5080 -10.5291
v -0.6000 0.3880 -11.0298
v -0.7613 -0.0877 -11.4667
v -1.7846 0.2623 -10.3991
v -0.4077 -2.2092 -10.2812
v -1.6113 -1.9246 -9.5194
v -0.6157 -4.3060 -9.3824
v -0.5313 -1.4929 -10.7642
v -1.2618 -5.7554 -9.3933
v -1.9290 -0.7637 -9.8705
v -0.6108 -1.1254 -11.0208
v -1.8447 -1.4045 -9.6855
v -0.3482 -2.9911 -9.7851
v -1.4052 -2.3718 -9.3310
v -0.3763 -2.4507 -10.1274
v -1.5215 -2.0841 -9.4633
v -0.4644 -3.8495 -9.4488
v -0.6944 -0.6618 -11.3515
v -1.8512 -0.1378 -10.0808
v -1.8497 0.0634 -10.1901
v -0.7322 -0.4414 -11.4339
v -1.3527 -6.3147 -9.2755
v -1.5200 -2.9726 -9.0036
v -1.4444 -2.8287 -9.0693
v -1.3911 -2.6239 -9.1762
v -1.0449 -5.2123 -9.3765
v -0.5599 -1.3603 -10.8518
v -1.9153 -1.0721 -9.7844
v -1.3208 -6.0317 -9.3521
v -1.3665 -6.6103 -9.1681
v -1.9154 -0.6209 -9.9061
v -1.9288 -0.9125 -9.8304
v -0.5890 -1.2348 -10.9403
v -0.6273 -1.0271 -11.0961
v -1.8910 -0.4903 -9.9372
v -0.6440 -0.9387 -11.1653
v -0.8338 0.4361 -10.6501
v -1.1203 -0.2917 -11.1058
v -1.5280 -0.5422 -10.2273
v -1.2566 -1.8273 -9.7442
v -1.5244 -3.3423 -8.9435
v -1.0195 -2.9311 -9.1974
v -1.2757 -4.6001 -9.2231
v -1.6832 -3.3456 -8.9368
v -1.8336 -3.3101 -8.9343
v -1.8080 -3.3208 -8.9340
v -1.7291 -3.3388 -8.9350
v -1.3822 -3.3019 -8.9583
v -1.6079 -0.2832 -10.4056
v -1.1964 0.4432 -10.7989
v -1.0483 0.2001 -11.1486
v -1.4676 0.2710 -10.8171
v -1.1305 -0.0920 -11.1557
v -1.1829 -2.0303 -9.6625
v -0.9861 -4.3033 -9.2322
v -1.3997 -1.3186 -9.9421
v -0.9196 -1.0736 -10.6754
v -1.4614 -0.8945 -10.0831
v -0.6843 0.3518 -10.8211
v -1.6400 -0.1302 -10.5312
v -1.5591 0.1783 -10.7758
v -1.0888 0.1106 -11.1688
v -1.0322 0.4819 -10.7432
v -0.8198 0.3920 -10.9522
v -0.6329 0.2983 -10.7810
v -0.9956 -0.7637 -10.8655
v -0.7124 -1.9549 -10.1932
v -0.5690 -2.7034 -9.7786
v -1.6344 -3.3497 -8.9391
v -1.7715 -3.3307 -8.9338
v -1.0466 -2.4661 -9.4683
v -0.5964 -3.4090 -9.4377
v -2.1150 -5.2563 -9.3197
v -1.1985 -3.1931 -9.0172
v -1.5820 -3.3491 -8.9413
v -1.1194 0.0154 -11.1694
v -1.6042 0.0975 -10.7193
v -1.0766 -0.4907 -11.0244
v -1.3517 0.3708 -10.8318
v -0.9847 0.2835 -11.1043
v -0.9098 0.3625 -11.0397
v -0.9099 0.4815 -10.6892
v -0.7438 0.3953 -10.8772
v -1.6320 0.0168 -10.6605
v -0.6608 -2.1881 -10.0646
v -0.8290 -1.4632 -10.4632
v -2.2621 -5.5694 -9.2859
v -1.3655 -1.4755 -9.8821
v -0.7938 -1.6104 -10.3854
v -1.0117 -2.7001 -9.3402
v -0.5601 -3.0052 -9.6208
v -0.6070 -2.4428 -9.9235
v -1.1091 -2.2432 -9.5733
v -0.7320 -3.8633 -9.2987
v -1.5853 -0.3615 -10.3448
v -1.0490 -0.5845 -10.9756
v -1.6276 -0.2039 -10.4682
v -1.0997 -0.3937 -11.0676
v -2.3329 -6.2103 -9.1492
v -1.4578 -3.3275 -8.9478
v -1.2959 -3.2599 -8.9797
v -1.0963 -3.0895 -9.0807
v -1.8522 -5.0123 -9.2774
v -0.8615 -1.3269 -10.5359
v -1.4251 -1.1674 -9.9952
v -2.3227 -5.8923 -9.2274
v -2.3031 -6.5192 -9.0483
v -1.4804 -0.7678 -10.1268
v -1.4456 -1.0282 -10.0418
v -0.9443 -0.9581 -10.7431
v -0.8919 -1.1952 -10.6074
v -1.5024 -0.6508 -10.1738
v -0.9695 -0.8571 -10.8066
v -0.5020 0.7014 -10.3548
v -0.8939 2.7207 -10.7458
v -0.9639 4.6294 -10.3575
v -1.0964 5.2495 -10.1170
v -1.4430 -0.2310 -10.7591
v -1.3731 0.1230 -10.9536
v -0.5621 0.8594 -10.3629
v -0.9579 0.4471 -10.8318
v -0.2420 -1.8167 -10.6982
v -1.1817 -1.6703 -9.9056
v -2.1057 -1.5674 -9.5654
v -3.5562 -1.3494 -9.4548
v -5.0347 -3.8502 -8.1024
v -4.0182 -4.5040 -8.8962
v -2.6408 -4.6210 -9.1821
v -0.8088 3.0729 -10.6113
v -0.8696 2.8533 -10.7221
v -0.9160 2.5856 -10.7572
v -0.7735 3.2212 -10.5340
v -0.9820 1.4949 -10.4259
v -1.2193 0.3155 -10.9514
v -1.0922 0.3924 -10.9007
v -0.6087 0.9208 -10.3654
v -1.3129 0.2182 -10.9672
v -0.8558 0.4419 -10.7687
v -0.5741 -1.7874 -10.4758
v -1.6231 -1.5915 -9.6803
v -0.8953 1.2007 -10.3511
v -1.4396 -0.0637 -10.8706
v -1.2705 -4.1359 -9.0897
v -3.8183 -1.3281 -9.4123
v -4.7151 -1.2955 -9.1184
v -3.1878 -4.6205 -9.1455
v -1.3873 6.2813 -9.9162
v -4.4073 -4.3639 -8.6681
v -5.3599 -1.3567 -8.6648
v -0.9350 2.4464 -10.7557
v -0.8280 3.5550 -10.6436
v -0.8403 2.9749 -10.6773
v -0.8616 3.7949 -10.6881
v -0.7787 3.1456 -10.5429
v -0.9608 1.9036 -10.5872
v -0.9736 1.3738 -10.3761
v -0.8882 4.0689 -10.6676
v -0.9431 2.1763 -10.6794
v -0.9201 4.3408 -10.5520
v -0.7903 0.3919 -10.7229
v -0.7791 1.0756 -10.3592
v -0.4656 0.6110 -10.3126
v -0.7437 0.3177 -10.6909
v -1.2454 5.7523 -10.0472
v -1.4348 7.3925 -7.2086
v -1.4967 6.7902 -9.6336
v -0.8133 -2.6332 -9.5648
v -1.0026 -1.8938 -9.9176
v -1.2984 -0.6444 -10.4780
v -0.8220 -3.3178 -9.2348
v -5.8857 -1.9267 -7.7890
v -5.6468 -2.5623 -7.6281
v -4.8270 -4.0738 -8.3261
v -1.5998 -4.3351 -9.1183
v -0.7930 3.3727 -10.5727
v -0.8099 3.4586 -10.6075
v -0.8458 3.6678 -10.6731
v -0.8762 3.9315 -10.6898
v -0.9398 2.3080 -10.7215
v -0.9025 4.2044 -10.6199
v -0.9497 2.0463 -10.6295
v -0.9403 4.4796 -10.4632
v -0.9790 1.6268 -10.4830
v -1.0343 5.0187 -10.1688
v -0.7787 3.2938 -10.5416
v -1.4135 0.0311 -10.9191
v -0.8408 1.1353 -10.3562
v -1.3980 -0.3964 -10.6428
v -0.6603 0.9707 -10.3641
v -0.7167 1.0205 -10.3616
v -0.5227 0.7821 -10.3574
v -5.3522 -3.2873 -7.7041
v -0.9355 -2.1240 -9.8116
v -1.1341 -1.3800 -10.1459
v -0.8495 -1.7465 -10.2049
v -5.8515 -1.7022 -7.9771
v -1.2110 -0.9727 -10.3194
v -0.1168 -1.8292 -10.7423
v -5.4875 -2.9378 -7.6065
v -1.9409 -1.5736 -9.5919
v -0.3631 -1.8040 -10.6334
v -0.9462 -1.7240 -10.1064
v -1.1000 -1.5335 -10.0780
v -5.2089 -3.5850 -7.8834
v -0.6665 -1.7779 -10.3902
v -1.4682 -1.6156 -9.7430
v -5.8095 -2.2134 -7.6857
v -0.7871 -2.9330 -9.4090
v -0.8673 -2.3738 -9.6919
v -0.9745 -3.7501 -9.1207
v -1.3681 -0.4717 -10.5862
v -1.4493 6.5438 -9.7995
v -1.4240 -0.3187 -10.6998
v -1.3159 6.0159 -9.9917
v -1.1710 5.4951 -10.0830
v -0.9712 1.7636 -10.5371
v -0.9932 4.8082 -10.2539
v -1.5260 7.1663 -9.1343
v -2.3098 -4.5653 -9.1766
v -3.2900 -1.3751 -9.4844
v -1.1606 -1.2358 -10.2081
v -1.4863 7.2240 -8.7817
v -1.5272 7.0099 -9.4175
v -5.7275 -1.5364 -8.2171
v -5.1497 -1.3159 -8.8503
v -1.1850 -1.0983 -10.2662
v -1.2376 -0.8549 -10.3711
v -1.2681 -0.7444 -10.4250
v -3.0396 -1.4048 -9.5063
v -0.4752 -1.7955 -10.5580
v -1.7815 -1.5778 -9.6305
v -1.3197 -1.6418 -9.8172
v -0.7567 -1.7646 -10.3017
v -0.4083 -0.1996 -11.6920
v -1.5539 -0.1117 -10.7003
v -1.2305 -0.1887 -11.0415
v -1.7727 0.0974 -10.4167
v -0.4998 1.3079 -10.4975
v -1.1479 1.2352 -10.2709
v -1.3295 1.1516 -10.1884
v -1.6781 0.8847 -10.1424
v -1.8544 0.5346 -10.1648
v -0.9073 -0.1941 -11.3326
v -1.3382 -0.1716 -10.9363
v -0.7269 1.3006 -10.4394
v -0.2255 -0.1907 -11.7618
v -0.2674 1.3007 -10.5446
v -1.8501 0.3559 -10.2389
v -0.5848 -0.2032 -11.5773
v -1.0333 -0.1932 -11.2224
v -1.7155 0.0077 -10.5006
v -1.7962 0.7270 -10.1352
v -1.5220 1.0270 -10.1602
v -0.7567 -0.2018 -11.4651
v -1.8174 0.2111 -10.3252
v -1.1280 -0.1911 -11.1322
v -1.6426 -0.0595 -10.5959
v -0.9419 1.2758 -10.3535
v -1.4484 -0.1482 -10.8168
v -1.6413 2.6489 -10.3709
v -1.3807 3.0481 -10.3707
v -1.2509 3.1802 -10.3058
v -1.7978 2.1560 -10.1800
v -2.0118 1.5871 -9.9062
v -1.7245 2.4089 -10.2882
v -2.1961 1.2863 -9.7951
v -2.2575 5.2600 -9.4415
v -2.7837 6.8839 -7.3802
v -2.7901 6.1754 -8.8158
v -2.8783 0.1323 -9.9444
v -2.7704 -1.6118 -9.4642
v -1.3110 3.1198 -10.3404
v -1.2659 3.4508 -10.3320
v -1.7608 2.2851 -10.2372
v -1.8832 1.8777 -10.0474
v -1.2201 3.3166 -10.3102
v -1.2168 3.2520 -10.2905
v -2.6152 0.6408 -9.8689
v -2.4032 0.9652 -9.7765
v -2.5332 5.7053 -9.1779
v -2.9133 -1.0611 -9.6503
v -2.9761 -0.4550 -9.8457
v -2.6682 5.9401 -9.0082
v -2.5099 0.8017 -9.8105
v -2.2968 1.1288 -9.7678
v -2.0978 1.4394 -9.8411
v -1.8519 4.5316 -9.8182
v -1.8379 2.0198 -10.1166
v -2.9145 6.5682 -8.3118
v -2.6654 -2.0597 -9.3515
v -2.6099 -2.3004 -9.2950
v -2.5580 -2.5076 -9.2418
v -2.9487 -0.8627 -9.7183
v -2.8777 6.3910 -8.5855
v -2.9084 6.7102 -8.0117
v -2.9700 -0.6594 -9.7844
v -2.9323 -0.0544 -9.9275
v -1.5226 3.8955 -10.1822
v -1.5269 2.8772 -10.4077
v -1.3093 3.5251 -10.3231
v -1.4145 3.6967 -10.2756
v -1.7753 4.3824 -9.9024
v -2.0284 4.8691 -9.6390
v -1.6417 4.1187 -10.0599
v -2.5017 -2.7651 -9.1561
v -2.4701 -2.9834 -9.0654
v -2.5358 -2.5992 -9.2150
v -2.6961 -1.9219 -9.3830
v -2.6374 -2.1849 -9.3225
v -2.5169 -2.6859 -9.1860
v -2.4896 -2.8406 -9.1257
v -2.4583 -3.0507 -9.0375
v -2.4796 -2.9140 -9.0952
v -2.5830 -2.4087 -9.2683
v -1.2340 3.3823 -10.3263
v -1.4552 2.9706 -10.3963
v -1.3618 3.6062 -10.3056
v -1.5914 2.7683 -10.4008
v -1.4670 3.7940 -10.2334
v -1.6864 2.5288 -10.3353
v -1.5815 4.0031 -10.1257
v -1.7053 4.2448 -9.9834
v -1.9378 4.6943 -9.7321
v -1.9392 1.7325 -9.9769
v -2.8669 -1.2560 -9.5815
v -2.7301 -1.7741 -9.4188
v -2.7125 0.4790 -9.9154
v -2.3879 5.4765 -9.3165
v -2.1346 5.0570 -9.5462
v -2.9636 -0.2511 -9.8934
v -2.8162 -1.4395 -9.5207
v -2.2371 2.9060 -9.8867
v -2.0343 3.6775 -9.7166
v -1.8329 3.4575 -9.8298
v -1.9720 3.1636 -9.8696
v -2.1209 3.0471 -9.8894
v -1.9178 3.5557 -9.8028
v -1.8227 3.2709 -9.8106
v -2.4727 2.5591 -9.8003
v -2.8033 2.2790 -9.6638
v -2.3415 3.9809 -9.4426
v -2.6761 4.3038 -9.2366
v -2.3409 2.7407 -9.8579
v -2.1724 3.8162 -9.5847
v -3.1266 2.1090 -9.6054
v -2.9805 4.5573 -9.0655
v -3.8878 6.5251 -6.7816
v -3.9017 1.6735 -9.5887
v -3.8138 5.3275 -8.3864
v -3.3913 -2.7633 -9.0648
v -3.2936 -2.9935 -9.0045
v -3.4893 -2.5928 -9.0961
v -3.9644 -1.8949 -9.1816
v -3.7914 -4.9975 -8.9244
v -3.7722 -2.1725 -9.1412
v -3.4373 -2.6803 -9.0818
v -3.3516 -2.8419 -9.0455
v -3.2617 -3.1554 -8.9687
v -3.2743 -3.0727 -8.9851
v -3.3193 -2.9170 -9.0251
v -3.6151 -2.3983 -9.1181
v -1.7977 3.3810 -9.8229
v -1.8101 3.4169 -9.8297
v -1.8948 3.2178 -9.8462
v -1.8682 3.5041 -9.8212
v -2.0497 3.1080 -9.8832
v -2.1836 2.9805 -9.8915
v -1.9733 3.6143 -9.7670
v -2.2890 2.8266 -9.8770
v -2.1002 3.7444 -9.6540
v -2.2517 3.8946 -9.5125
v -2.4008 2.6517 -9.8328
v -2.5534 4.1862 -9.3077
v -2.6684 2.3688 -9.7108
v -1.7918 3.3477 -9.8112
v -1.7895 3.3128 -9.7964
v -4.1840 -1.5262 -9.2510
v -4.4783 -0.7868 -9.3541
v -3.3097 -3.8850 -9.1321
v -3.2742 -3.7358 -9.0644
v -3.3473 -3.9846 -9.1639
v -3.5684 -4.4334 -9.1024
v -3.4760 -4.2378 -9.1569
v -3.3268 -3.9329 -9.1504
v -3.2953 -3.8384 -9.1103
v -3.2598 -3.5960 -9.0142
v -3.2662 -3.6712 -9.0399
v -3.2836 -3.7900 -9.0875
v -3.4021 -4.1002 -9.1733
v -3.3946 4.8636 -8.8190
v -3.5055 1.9165 -9.6003
v -4.3910 1.0576 -9.4872
v -3.8724 -5.2640 -8.8424
v -4.5732 0.1060 -9.4131
v -3.7000 -4.7689 -8.9839
v -4.3943 -1.0544 -9.3268
v -4.0714 -1.7220 -9.2139
v -4.0820 1.5154 -9.5640
v -3.7109 1.8005 -9.6005
v -3.6165 5.0734 -8.6318
v -3.1744 4.6979 -8.9584
v -3.3099 2.0172 -9.5999
v -2.8174 4.4287 -9.1571
v -2.9588 2.1944 -9.6294
v -2.4428 4.0777 -9.3750
v -2.5597 2.4638 -9.7578
v -4.0328 5.9081 -7.7841
v -3.3725 -4.0403 -9.1715
v -3.4368 -4.1650 -9.1688
v -3.5196 -4.3246 -9.1361
v -3.6895 -2.2909 -9.1287
v -3.5488 -2.4992 -9.1077
v -3.8644 -2.0430 -9.1576
v -4.5332 -0.5032 -9.3731
v -3.9246 -5.5702 -8.7007
v -4.0428 6.1676 -7.4619
v -3.9581 5.6194 -8.0964
v -4.5517 0.4317 -9.4342
v -4.5651 -0.2052 -9.3927
v -4.4923 0.7578 -9.4579
v -3.6248 -4.5761 -9.0508
v -4.2930 -1.3040 -9.2919
v -0.4025 7.9916 -6.2534
v -1.0572 -1.6978 -10.0051
v -0.4622 0.2867 -10.7857
v -0.3839 0.3802 -10.5285
v -0.4080 0.2793 -10.6651
v -0.3772 0.4131 -10.3551
v -0.4605 0.4449 -10.1970
v -0.5485 0.2318 -10.7522
v -0.6520 0.2356 -10.6672
v -0.8430 0.4324 -10.5867
v -0.8443 0.4073 -10.4080
v -0.7829 0.3280 -10.4949
v -0.7288 0.2479 -10.5759
v -0.9018 0.4941 -10.3857
v -0.8633 0.4232 -10.2889
v -0.8424 0.3151 -10.1071
v -0.6510 0.3597 -10.1273
v -0.7461 0.1898 -10.2582
v -0.6962 0.0753 -10.2300
v -0.5606 -0.0725 -10.2361
v -0.3329 -0.0524 -10.3202
v -0.3097 0.1779 -10.4259
v -0.3289 0.2687 -10.3093
v -0.3304 0.1771 -10.1569
v -0.5587 0.0178 -10.0228
v -0.5976 0.0357 -10.3916
v -0.4713 0.0423 -10.4777
v -0.3823 0.1346 -10.5555
v -0.7474 0.1514 -10.1311
v -0.6997 0.1141 -10.3314
v -0.7604 0.2012 -10.1918
v -0.7860 0.2599 -10.2110
v -0.8072 0.3170 -10.2738
v -0.7811 0.2801 -10.3340
v -0.7360 0.2101 -10.4126
v -0.6595 0.1393 -10.4966
v -0.5612 0.1433 -10.5756
v -0.4679 0.1594 -10.6584
v -4.0227 -8.0847 -7.6057
v -6.6840 -6.5763 -4.9222
v -8.3737 -2.4569 0.1506
v -7.8110 -0.5178 -0.0433
v -8.0510 -1.1787 0.1080
v -8.2348 -1.8407 0.1759
v -7.1340 1.4336 -1.4326
v -7.1810 1.1005 -1.0100
v -7.3336 0.6400 -0.6244
v -7.5579 0.1008 -0.2848
v -8.3147 -3.5392 -1.6472
v -7.1671 1.6269 -2.0220
v -8.3461 0.4703 0.0165
v -8.1969 0.9513 -0.3662
v -8.0679 1.3223 -0.8369
v -7.8947 1.4567 -1.3147
v -7.4503 1.3815 -1.9336
v -7.1655 1.4628 -2.0958
v -7.2643 1.3737 -2.0708
v -8.8027 -0.9336 0.6138
v -8.5807 -0.0954 0.3343
v -8.8602 -1.7971 0.7158
v -8.9591 -2.7425 0.6152
v -8.0149 -4.1736 -2.1503
v -7.1414 1.6145 -1.7625
v -7.6710 1.4379 -1.6853
v -8.0487 -3.7467 -1.8890
v -8.5725 -3.7078 -1.3952
v -8.5759 -3.7642 -1.1482
v -8.6815 -3.5376 -1.3871
v -8.7916 -3.6587 -1.0536
v -8.9033 -3.6669 -0.3111
v -8.8309 -3.6941 -0.6901
v -8.4836 -3.0057 0.0231
v -8.5888 -3.4784 -0.1990
v -8.6092 -3.6565 -0.7922
v -8.5787 -3.6780 -0.5033
v -8.5998 -3.7035 -0.9599
v -8.9268 -3.1430 0.3677
v -8.8996 -3.4418 0.1293
v -8.2168 -3.0967 -1.7583
v -7.7677 -5.0152 -2.8161
v -7.1688 -6.0434 -4.0733
v -2.3492 -8.3904 -8.4356
v -0.7505 -8.5066 -8.6182
v -7.9615 -4.5059 -2.3471
v -3.2477 -8.2690 -8.0889
v -5.6315 -7.3487 -6.2218
v -8.4315 -3.3004 -1.6485
v -8.9849 -3.0651 0.3176
v -7.0097 1.3224 -1.5249
v -7.0692 0.9915 -1.0993
v -7.4441 0.0097 -0.3789
v -8.2691 0.7924 -0.5056
v -8.1209 1.0823 -0.9245
v -7.9325 1.1901 -1.3403
v -8.7973 -1.0081 0.4572
v -7.4679 -1.4422 -2.0243
v -7.5260 -0.7542 -2.0156
v -7.6155 0.0757 -1.7177
v -7.5168 -0.2426 -1.8726
v -7.8214 0.3134 -1.3252
v -7.9310 0.3353 -1.1448
v -7.5739 -2.1359 -1.9592
v -7.9743 -2.7165 -1.8282
v -8.0655 -4.0466 -1.9332
v -7.7270 0.2374 -1.5399
v -6.9889 1.4810 -1.8504
v -8.4977 -3.7190 -1.1644
v -8.4756 -3.4223 -0.3001
v -8.4708 -3.6257 -0.5773
v -8.5600 -3.6910 -0.9912
v -8.9704 -3.4261 0.1250
v -8.2066 -3.0037 -1.6981
v -8.2715 -2.4276 0.0287
v -7.9375 -1.2341 -0.0035
v -7.2269 0.5392 -0.7140
v -8.2827 -3.5738 -1.5934
v -6.9994 1.5127 -2.1097
v -8.4384 0.4111 -0.1212
v -7.4107 1.1582 -1.9702
v -7.0085 1.3668 -2.2559
v -7.1400 1.1890 -2.2080
v -8.5971 -0.2207 0.1970
v -8.9365 -1.8315 0.5973
v -9.0351 -2.7181 0.5773
v -7.6763 1.1667 -1.6777
v -8.0999 -3.7888 -1.7711
v -8.5016 -3.7040 -1.3646
v -8.6426 -3.4497 -1.3462
v -8.7653 -3.5857 -1.0075
v -8.8895 -3.6084 -0.2860
v -8.7890 -3.6351 -0.6460
v -8.3732 -2.9677 -0.0812
v -8.5332 -3.6325 -0.8486
v -8.4212 -3.2156 -1.5740
v -9.0111 -3.1092 0.3430
v -7.0743 0.4525 -0.6900
v -7.6996 -0.6052 -0.1411
v -8.1242 -1.8472 0.0627
v -1.5317 2.6076 -10.4490
v -1.2940 3.0316 -10.4402
v -1.1716 3.1706 -10.3694
v -1.6575 2.0970 -10.2532
v -1.8693 1.5076 -9.9597
v -1.5966 2.3577 -10.3628
v -2.0548 1.1902 -9.8300
v -2.1115 5.3680 -9.5314
v -2.5692 6.9535 -7.4743
v -2.6121 6.2967 -8.9295
v -2.6609 0.0463 -9.9467
v -2.5755 -1.6448 -9.4720
v -1.2273 3.1043 -10.4037
v -1.1870 3.4621 -10.3925
v -1.6271 2.2297 -10.3144
v -1.7356 1.8131 -10.1115
v -1.1399 3.3191 -10.3681
v -1.1371 3.2478 -10.3498
v -2.4374 0.5314 -9.8645
v -2.2480 0.8567 -9.7906
v -2.3738 5.8256 -9.2788
v -2.7119 -1.1009 -9.6627
v -2.7567 -0.5124 -9.8578
v -2.5037 6.0638 -9.1191
v -2.3469 0.6905 -9.8208
v -2.1492 1.0256 -9.7919
v -1.9590 1.3514 -9.8880
v -1.7326 4.6048 -9.8979
v -1.6927 1.9588 -10.1852
v -2.7153 6.6792 -8.4340
v -2.4837 -2.0907 -9.3497
v -2.4422 -2.3289 -9.2903
v -2.4070 -2.5312 -9.2328
v -2.7408 -0.9063 -9.7319
v -2.6874 6.5077 -8.7046
v -2.6932 6.8003 -8.1243
v -2.7568 -0.7092 -9.7994
v -2.7081 -0.1325 -9.9324
v -1.4309 3.9338 -10.2682
v -1.4258 2.8454 -10.4776
v -1.2293 3.5395 -10.3889
v -1.3280 3.7218 -10.3515
v -1.6618 4.4474 -9.9833
v -1.8981 4.9587 -9.7217
v -1.5423 4.1697 -10.1481
v -2.3707 -2.7809 -9.1434
v -2.3543 -2.9841 -9.0553
v -2.3926 -2.6214 -9.2037
v -2.5079 -1.9546 -9.3836
v -2.4622 -2.2160 -9.3191
v -2.3801 -2.7051 -9.1736
v -2.3647 -2.8522 -9.1134
v -2.2984 -3.1054 -9.0023
v -2.3397 -3.0433 -9.0289
v -2.3603 -2.9208 -9.0838
v -2.4236 -2.4348 -9.2614
v -1.1547 3.3903 -10.3837
v -1.3625 2.9479 -10.4679
v -1.2760 3.6264 -10.3730
v -1.4853 2.7320 -10.4744
v -1.3796 3.8255 -10.3171
v -1.5665 2.4811 -10.4089
v -1.4876 4.0470 -10.2161
v -1.5994 4.3020 -10.0701
v -1.8120 4.7750 -9.8110
v -1.7933 1.6622 -10.0361
v -2.6685 -1.2908 -9.5939
v -2.5378 -1.8069 -9.4234
v -2.5209 0.3749 -9.9081
v -2.2395 5.5923 -9.4162
v -1.9979 5.1566 -9.6323
v -2.7408 -0.3190 -9.9035
v -2.6208 -1.4734 -9.5302
v -1.4212 2.5691 -10.5147
v -1.2146 3.0143 -10.4928
v -1.1053 3.1614 -10.4114
v -1.5245 2.0480 -10.3215
v -1.7371 1.4282 -10.0378
v -1.4727 2.3123 -10.4318
v -1.9281 1.0955 -9.8906
v -1.9678 5.4621 -9.6247
v -2.3460 7.0247 -7.5667
v -2.4379 6.4136 -9.0520
v -2.4803 -0.0446 -9.9201
v -2.3996 -1.6852 -9.4803
v -1.1532 3.0881 -10.4469
v -1.1235 3.4683 -10.4389
v -1.4975 2.1829 -10.3817
v -1.6011 1.7496 -10.1906
v -1.0789 3.3193 -10.4059
v -1.0784 3.2433 -10.3946
v -2.2783 0.4159 -9.8634
v -2.1092 0.7431 -9.8371
v -2.2113 5.9309 -9.3843
v -2.5436 -1.1343 -9.6686
v -2.5883 -0.5654 -9.8475
v -2.3377 6.1761 -9.2359
v -2.1942 0.5745 -9.8374
v -2.0249 0.9195 -9.8571
v -1.8328 1.2650 -9.9596
v -1.6079 4.6671 -9.9701
v -1.5552 1.9078 -10.2523
v -2.5128 6.7835 -8.5561
v -2.3207 -2.1315 -9.3411
v -2.2909 -2.3658 -9.2782
v -2.2664 -2.5640 -9.2163
v -2.5740 -0.9429 -9.7344
v -2.4972 6.6201 -8.8263
v -2.4803 6.8908 -8.2415
v -2.5898 -0.7517 -9.7949
v -2.5309 -0.2101 -9.9104
v -1.3447 3.9692 -10.3574
v -1.3327 2.8194 -10.5415
v -1.1626 3.5486 -10.4447
v -1.2476 3.7429 -10.4190
v -1.5448 4.5017 -10.0600
v -1.7607 5.0375 -9.7958
v -1.4397 4.2137 -10.2326
v -2.2458 -2.8017 -9.1253
v -2.2506 -2.9877 -9.0424
v -2.2568 -2.6521 -9.1854
v -2.3390 -1.9955 -9.3780
v -2.3055 -2.2550 -9.3086
v -2.2497 -2.7311 -9.1548
v -2.2459 -2.8682 -9.0963
v -2.2457 -3.0693 -9.0078
v -2.2509 -3.0349 -9.0213
v -2.2482 -2.9314 -9.0682
v -2.2778 -2.4693 -9.2470
v -1.0955 3.3926 -10.4267
v -1.2757 2.9263 -10.5259
v -1.2009 3.6417 -10.4325
v -1.3856 2.7011 -10.5439
v -1.2960 3.8531 -10.3946
v -1.4466 2.4407 -10.4733
v -1.3905 4.0854 -10.3017
v -1.4905 4.3505 -10.1509
v -1.6810 4.8456 -9.8836
v -1.6583 1.5906 -10.1157
v -2.4976 -1.3227 -9.6032
v -2.3652 -1.8481 -9.4251
v -2.3536 0.2636 -9.8916
v -2.0911 5.6943 -9.5194
v -1.8587 5.2434 -9.7161
v -2.5681 -0.3840 -9.8862
v -2.4461 -1.5093 -9.5401
v -1.3113 2.5355 -10.5742
v -1.1389 3.0030 -10.5388
v -1.0519 3.1595 -10.4538
v -1.3930 2.0085 -10.3860
v -1.5911 1.3588 -10.1114
v -1.3504 2.2745 -10.4971
v -1.8074 1.0055 -9.9492
v -1.8173 5.5457 -9.7215
v -2.1117 7.0902 -7.6622
v -2.2465 6.5202 -9.1810
v -2.3191 -0.1312 -9.9077
v -2.2212 -1.7338 -9.4855
v -1.0900 3.0871 -10.4933
v -1.0698 3.4693 -10.4777
v -1.3703 2.1434 -10.4463
v -1.4648 1.6984 -10.2663
v -1.0295 3.3170 -10.4350
v -1.0229 3.2390 -10.4170
v -2.1341 0.3053 -9.8881
v -1.9711 0.6286 -9.8938
v -2.0455 6.0301 -9.5024
v -2.3821 -1.1644 -9.6765
v -2.4227 -0.6163 -9.8397
v -2.1550 6.2778 -9.3563
v -2.0564 0.4593 -9.8864
v -1.9045 0.8187 -9.9172
v -1.7022 1.1873 -10.0218
v -1.4759 4.7190 -10.0433
v -1.4260 1.8570 -10.3306
v -2.3057 6.8887 -8.6848
v -2.1714 -2.1817 -9.3274
v -2.1494 -2.4113 -9.2596
v -2.1328 -2.6038 -9.1941
v -2.4127 -0.9776 -9.7369
v -2.2999 6.7314 -8.9591
v -2.2660 6.9856 -8.3651
v -2.4260 -0.7943 -9.7912
v -2.3653 -0.2837 -9.8991
v -1.2476 3.9979 -10.4321
v -1.2360 2.7924 -10.5914
v -1.1019 3.5532 -10.4940
v -1.1687 3.7604 -10.4832
v -1.4196 4.5462 -10.1356
v -1.6176 5.1088 -9.8738
v -1.3291 4.2531 -10.3150
v -2.1303 -2.8290 -9.1022
v -2.1572 -3.0013 -9.0261
v -2.1284 -2.6878 -9.1620
v -2.1825 -2.0496 -9.3678
v -2.1601 -2.3021 -9.2929
v -2.1274 -2.7616 -9.1314
v -2.1362 -2.8924 -9.0743
v -2.1922 -3.0734 -9.0001
v -2.1734 -3.0433 -9.0092
v -2.1452 -2.9507 -9.0482
v -2.1400 -2.5119 -9.2265
v -1.0466 3.3914 -10.4589
v -1.1891 2.9062 -10.5740
v -1.1312 3.6527 -10.4897
v -1.2829 2.6710 -10.6010
v -1.2091 3.8773 -10.4667
v -1.3321 2.4042 -10.5384
v -1.2882 4.1209 -10.3831
v -1.3736 4.3936 -10.2310
v -1.5418 4.9074 -9.9557
v -1.5151 1.5331 -10.1920
v -2.3345 -1.3513 -9.6143
v -2.1971 -1.9010 -9.4214
v -2.1994 0.1585 -9.8884
v -1.9319 5.7848 -9.6250
v -1.7130 5.3212 -9.8040
v -2.4003 -0.4450 -9.8738
v -2.2758 -1.5440 -9.5506
v -1.8906 -3.3101 -8.9356
v -4.0461 -3.3264 -8.6769
v -1.8899 -3.2355 -8.9368
v -3.9199 -3.4349 -8.7642
v -3.9837 -3.4121 -8.7284
v -3.4870 -3.2469 -8.9047
v -2.8510 -3.2287 -9.0029
v -2.1868 -3.1901 -8.9673
v -2.2525 -3.3940 -8.9683
v -2.6908 -3.4865 -9.0157
v -3.5016 -3.4967 -8.9351
v -4.0041 -3.3135 -8.6968
v -1.8263 -3.2665 -8.9343
v -2.1155 -3.3542 -8.9520
v -2.0857 -3.2125 -8.9539
v -2.9840 -3.5123 -9.0180
v -2.9887 -3.2333 -8.9946
v -3.7264 -3.4698 -8.8559
v -3.7622 -3.2546 -8.8064
v -4.0471 -3.3536 -8.6815
v -1.8498 -3.2385 -8.9357
v -4.0272 -3.3804 -8.6984
v -1.8380 -3.2827 -8.9341
v -1.9798 -3.2265 -8.9427
v -2.5406 -3.4612 -9.0035
v -2.7112 -3.2217 -9.0049
v -3.9346 -3.2930 -8.7296
v -3.6942 -3.2472 -8.8346
v -2.5718 -3.2115 -9.0016
v -1.8387 -3.2548 -8.9348
v -1.8489 -3.3011 -8.9345
v -2.3050 -3.1892 -8.9815
v -3.2547 -3.2426 -8.9587
v -3.2550 -3.5114 -8.9889
v -2.7163 -3.1365 -9.0221
v -2.4369 -3.2000 -8.9931
v -2.4426 -3.1211 -9.0124
v -1.9899 -3.3272 -8.9407
v -2.0970 -3.4126 -8.9577
v -1.8798 -3.2725 -8.9344
v -1.9923 -3.2765 -8.9400
v -2.1313 -3.2821 -8.9511
v -2.2729 -3.3236 -8.9648
v -2.5544 -3.3783 -8.9926
v -2.4290 -3.2782 -8.9821
v -2.3017 -3.2601 -8.9701
v -2.2041 -3.2452 -8.9605
v -2.2690 -3.7572 -9.0890
v -2.3334 -3.6228 -9.0343
v -2.2207 -3.8517 -9.1270
v -2.0135 -4.3472 -9.1533
v -2.1024 -4.1317 -9.1627
v -2.2455 -3.8023 -9.1088
v -2.2913 -3.7141 -9.0695
v -2.3748 -3.5030 -9.0010
v -2.3542 -3.5677 -9.0174
v -2.3127 -3.6705 -9.0514
v -2.1661 -3.9717 -9.1539
v -1.1250 -4.9177 -9.3278
v -1.8637 -4.5977 -9.1661
v -0.2433 -4.9622 -9.4509
v -0.6995 -4.9554 -9.3993
v -1.3389 -4.8741 -9.2860
v -2.0625 -4.2321 -9.1589
v -1.7377 -4.7110 -9.2007
v -0.4787 -4.9607 -9.4299
v -2.1362 -4.0458 -9.1609
v -2.1943 -3.9076 -9.1425
v -0.9128 -4.9425 -9.3662
v -1.5494 -4.8060 -9.2422
v -1.9508 -4.4720 -9.1529
v -2.3943 -3.4304 -8.9871
v -2.4123 -3.3539 -8.9801
v -2.5648 -3.2953 -8.9922
v -2.6991 -3.3985 -9.0010
v -2.9847 -3.4189 -8.9986
v -3.2527 -3.4222 -8.9688
v -3.4932 -3.4138 -8.9173
v -3.7190 -3.3959 -8.8412
v -2.7059 -3.3100 -8.9972
v -2.8501 -3.8825 -9.1695
v -2.8400 -3.7327 -9.0966
v -2.8627 -3.9828 -9.2138
v -2.9241 -4.4816 -9.2017
v -2.6937 -8.8652 -8.1011
v -2.8818 -7.3840 -8.5406
v -2.9027 -4.2631 -9.2380
v -2.8557 -3.9301 -9.1931
v -2.8455 -3.8369 -9.1449
v -2.8394 -3.5905 -9.0460
v -2.8390 -3.6667 -9.0717
v -2.8422 -3.7886 -9.1207
v -2.8811 -4.1062 -9.2393
v -2.9628 -5.0834 -9.1754
v -2.9047 -6.9263 -8.6729
v -2.8686 -7.8608 -8.4191
v -2.9992 -5.4173 -9.1293
v -2.9393 -4.8327 -9.1522
v -2.9970 -6.1297 -8.9395
v -2.8713 -4.0414 -9.2295
v -2.8918 -4.1792 -9.2425
v -2.9134 -4.3623 -9.2246
v -2.9555 -6.5091 -8.8142
v -3.0144 -5.7718 -9.0510
v -2.9317 -4.6326 -9.1714
v -2.8081 -8.3521 -8.2826
v -2.8412 -3.5043 -9.0215
v -2.8439 -3.4121 -9.0036
v -2.8473 -3.3200 -8.9971
v -2.9860 -3.3257 -8.9904
v -3.2523 -3.3327 -8.9583
v -3.4884 -3.3302 -8.9065
v -3.7210 -3.3114 -8.8275
v -3.9095 -3.3901 -8.7584
v -3.9195 -3.3433 -8.7443
v -3.9962 -3.3561 -8.7088
v -3.9654 -3.3866 -8.7313
v -5.7933 3.0477 -7.0896
v -5.7654 4.5492 -5.3463
v -5.6278 4.8556 -4.7645
v -5.7635 -5.7696 -6.5096
v -6.0804 -6.5519 -5.9014
v -5.7835 2.7314 -7.2577
v -5.8131 2.0061 -7.5479
v -3.9862 -3.7382 -8.8572
v -3.8946 -3.6113 -8.8327
v -3.9368 -3.1059 -8.7343
v -4.0615 -3.8297 -8.8574
v -4.4801 -4.1645 -8.6226
v -4.9412 -4.4735 -8.2073
v -6.1345 -7.5038 -5.4578
v -5.9385 -6.1338 -6.1951
v -4.2967 -4.0307 -8.7480
v -4.0216 -3.7834 -8.8609
v -3.9537 -3.6950 -8.8494
v -3.8454 -3.5125 -8.8194
v -3.9041 -3.1598 -8.7440
v -3.8685 -3.5654 -8.8264
v -3.9738 -3.0514 -8.7258
v -3.9231 -3.6532 -8.8405
v -4.1623 -3.9234 -8.8224
v -5.8448 1.6175 -7.6750
v -5.8868 -0.7722 -8.2563
v -5.0884 -4.6291 -8.0089
v -5.9629 0.4282 -7.9711
v -4.7776 -4.3390 -8.3714
v -5.3071 -4.9818 -7.4606
v -4.1077 -3.8762 -8.8447
v -4.2254 -3.9743 -8.7899
v -4.3792 -4.0944 -8.6952
v -5.8424 4.1174 -6.0293
v -5.2065 -4.7941 -7.7560
v -5.4320 -5.2013 -7.1486
v -5.7909 2.3823 -7.4067
v -4.0667 -2.9318 -8.7084
v -4.1975 -2.7925 -8.6799
v -4.9602 -2.1087 -8.5475
v -5.3607 -1.6814 -8.5082
v -5.6938 4.7310 -5.0154
v -4.6247 -2.4207 -8.5825
v -4.1262 -2.8645 -8.6965
v -4.0165 -2.9941 -8.7176
v -3.8752 -3.2152 -8.7551
v -4.3787 -2.6296 -8.6340
v -5.8167 3.3380 -6.8821
v -5.7405 -1.1264 -8.3688
v -5.1592 -1.9074 -8.5321
v -5.8503 3.8725 -6.3464
v -4.7817 -2.2808 -8.5613
v -4.2811 -2.7147 -8.6589
v -4.4926 -2.5334 -8.6071
v -5.9651 -0.3764 -8.1560
v -5.8402 3.6115 -6.6328
v -5.9229 0.8231 -7.8813
v -5.9835 0.0280 -8.0626
v -5.8827 1.2182 -7.7857
v -4.6158 -4.2413 -8.5135
v -5.5576 -1.4248 -8.4566
v -6.1513 -7.0119 -5.6525
v -3.8284 -3.4539 -8.8104
v -3.8500 -3.2722 -8.7682
v -3.8207 -3.3929 -8.7989
v -3.8270 -3.3304 -8.7849
v -5.2229 1.6372 -8.5558
v -3.7250 -3.8194 -9.0009
v -3.6620 -3.6753 -8.9494
v -3.6406 -3.0262 -8.8900
v -3.7806 -3.9192 -9.0172
v -4.1138 -4.3256 -8.8663
v -4.4735 -4.7841 -8.5710
v -5.1284 -8.0917 -6.4535
v -5.1453 -6.7068 -7.0810
v -3.9684 -4.1536 -8.9575
v -3.7509 -3.8685 -9.0125
v -3.7017 -3.7713 -8.9847
v -3.6298 -3.5584 -8.9164
v -3.6162 -3.0991 -8.8815
v -3.6451 -3.6218 -8.9332
v -3.6720 -2.9548 -8.8997
v -3.6808 -3.7239 -8.9667
v -3.8587 -4.0272 -9.0039
v -5.1741 -0.7106 -8.9602
v -5.0728 -6.3162 -7.2927
v -5.1832 -7.1398 -6.8754
v -5.2102 5.4191 -5.8780
v -5.2753 3.0331 -7.9164
v -5.2301 2.1159 -8.3573
v -4.6147 -4.9874 -8.4349
v -5.2987 0.3442 -8.8198
v -4.3378 -4.5989 -8.6868
v -5.0680 -1.0137 -8.9924
v -4.8055 -5.4411 -7.9877
v -4.3493 -2.1181 -8.9248
v -4.0359 -4.2316 -8.9187
v -3.8161 -3.9716 -9.0146
v -3.9091 -4.0868 -8.9851
v -4.1235 -2.3671 -8.9194
v -5.2486 -0.3839 -8.9194
v -4.8937 -5.6925 -7.7415
v -4.7143 -5.2066 -8.2249
v -5.0963 5.5811 -5.5510
v -5.3153 3.4691 -7.6911
v -5.2479 2.5810 -8.1376
v -5.3564 3.8896 -7.4500
v -3.7564 -2.8094 -8.9179
v -3.8734 -2.6482 -8.9265
v -4.4801 -1.9624 -8.9375
v -4.7787 -1.5543 -8.9846
v -4.2301 -2.2500 -8.9183
v -3.8102 -2.7306 -8.9240
v -3.7104 -2.8831 -8.9095
v -3.6001 -3.1725 -8.8747
v -4.0303 -2.4692 -8.9222
v -4.6265 -1.7760 -8.9592
v -5.3828 4.6288 -6.8832
v -3.9474 -2.5622 -8.9250
v -5.3532 4.9405 -6.5600
v -5.3838 4.2772 -7.1805
v -5.2818 0.7451 -8.7571
v -5.2887 -0.0333 -8.8716
v -5.2505 1.1749 -8.6785
v -4.2091 -4.4443 -8.7937
v -4.9300 -1.2973 -8.9992
v -5.1709 -7.5997 -6.6785
v -3.5947 -3.2474 -8.8709
v -3.6167 -3.4851 -8.8987
v -3.6074 -3.4060 -8.8824
v -3.6021 -3.3249 -8.8715
v -2.1384 3.6209 -9.6383
v -2.2029 3.0737 -9.7953
v -2.4564 3.8711 -9.3771
v -2.7889 4.1537 -9.1927
v -3.1048 4.3760 -9.0449
v -4.0676 1.9321 -9.4394
v -4.0539 5.0492 -8.3440
v -3.5214 -2.7737 -9.0218
v -3.4182 -3.0031 -8.9704
v -3.6260 -2.6041 -9.0466
v -4.1415 -1.9114 -9.1122
v -4.0193 -4.9480 -8.8257
v -3.9352 -2.1908 -9.0759
v -3.5701 -2.6912 -9.0356
v -3.4801 -2.8525 -9.0053
v -3.3829 -3.1613 -8.9413
v -3.3973 -3.0807 -8.9543
v -3.4456 -2.9277 -8.9877
v -3.7619 -2.4140 -9.0613
v -2.2688 3.0220 -9.7989
v -2.0737 3.5705 -9.6870
v -2.3801 2.8954 -9.7916
v -2.2094 3.6746 -9.5801
v -2.5021 2.7484 -9.7613
v -2.7819 2.5170 -9.6585
v -4.3852 -1.5307 -9.1786
v -3.5632 4.6279 -8.8183
v -3.6421 2.1567 -9.5002
v -3.9147 -4.7317 -8.9026
v -4.2593 -1.7347 -9.1432
v -3.3160 4.4921 -8.9488
v -2.5554 3.9546 -9.3155
v -4.2727 -5.7795 -8.3590
v -3.5960 -4.1460 -9.1198
v -4.0345 -2.0609 -9.0902
v -4.2049 5.3834 -8.0176
v -4.8045 0.5627 -9.2439
v -2.3254 2.9618 -9.7973
v -1.9251 3.4423 -9.7573
v -2.0545 3.1763 -9.7883
v -2.0171 3.5224 -9.7257
v -1.9123 3.2746 -9.7528
v -2.5780 2.6707 -9.7341
v -2.9171 2.4462 -9.6143
v -2.4376 2.8239 -9.7803
v -2.2842 3.7329 -9.5126
v -3.2467 2.3117 -9.5435
v -4.1378 6.4056 -6.6340
v -1.8840 3.3762 -9.7589
v -1.8992 3.4075 -9.7612
v -1.9799 3.2287 -9.7770
v -1.9640 3.4809 -9.7457
v -2.1303 3.1234 -9.7920
v -2.3663 3.7975 -9.4439
v -2.6656 4.0492 -9.2565
v -1.8779 3.3455 -9.7511
v -1.8764 3.3122 -9.7395
v -4.7107 -0.7555 -9.2476
v -3.4552 -3.8680 -9.0973
v -3.4128 -3.7194 -9.0330
v -3.4953 -3.9675 -9.1246
v -3.7553 -4.4076 -9.0383
v -3.6430 -4.2172 -9.1036
v -3.4733 -3.9162 -9.1136
v -3.4394 -3.8206 -9.0769
v -3.3910 -3.5870 -8.9880
v -3.4013 -3.6583 -9.0109
v -3.4254 -3.7720 -9.0549
v -3.5560 -4.0821 -9.1280
v -4.6391 1.3010 -9.2630
v -4.1223 -5.1953 -8.7277
v -4.8236 0.2003 -9.2473
v -4.6195 -1.0377 -9.2400
v -4.2670 1.7843 -9.3864
v -3.8566 2.0562 -9.4751
v -3.8195 4.8051 -8.6207
v -3.4378 2.2385 -9.5213
v -2.9340 4.2638 -9.1252
v -3.0733 2.3800 -9.5754
v -2.6699 2.5929 -9.6997
v -4.2790 5.7174 -7.6794
v -3.5226 -4.0229 -9.1295
v -3.6961 -4.3020 -9.0776
v -3.8438 -2.3094 -9.0673
v -3.6898 -2.5121 -9.0549
v -4.7734 -0.4554 -9.2491
v -4.1979 -5.4739 -8.5628
v -4.2853 6.0094 -7.3383
v -4.8112 -0.1377 -9.2489
v -4.7494 0.9423 -9.2429
v -3.8245 -4.5459 -8.9806
v -4.5069 -1.2992 -9.2150
v -3.3754 -3.2454 -8.9338
v -3.3826 -3.5055 -8.9648
v -3.3772 -3.4190 -8.9455
v -3.3743 -3.3325 -8.9347
v -2.1398 2.8535 -9.9765
v -1.7433 3.4682 -9.9061
v -1.8762 3.1456 -9.9546
v -1.8235 3.5803 -9.8793
v -1.7344 3.2586 -9.8819
v -2.3612 2.4638 -9.8676
v -2.6788 2.1340 -9.7116
v -2.2383 2.6678 -9.9353
v -2.0678 3.8808 -9.6628
v -2.9881 1.9328 -9.6553
v -3.5207 6.5694 -7.3795
v -1.9586 7.1121 -8.1339
v -0.3964 -0.7776 -11.5002
v -1.4488 -0.5010 -10.4019
v -2.1193 -0.0801 -9.9253
v -5.8921 -5.1030 -6.4455
v -6.1852 -4.6870 -6.0675
v -1.7102 3.3812 -9.8951
v -1.7220 3.4218 -9.9049
v -1.8015 3.2054 -9.9238
v -1.7760 3.5216 -9.8972
v -1.9537 3.0861 -9.9756
v -2.1454 3.9707 -9.5913
v -2.4424 4.2979 -9.3766
v -1.7053 3.3436 -9.8807
v -1.7038 3.3073 -9.8652
v -1.1185 -0.6400 -10.7999
v -6.7079 -3.7274 -5.4036
v -0.8129 -0.7307 -11.1651
v -1.7478 -0.3245 -10.1055
v -4.2318 -0.8232 -9.4419
v -3.1653 -3.8983 -9.1569
v -3.1383 -3.7478 -9.0866
v -3.1958 -3.9965 -9.1935
v -3.3747 -4.4524 -9.1513
v -3.3012 -4.2528 -9.1983
v -3.1790 -3.9456 -9.1774
v -3.1542 -3.8526 -9.1341
v -3.1280 -3.6007 -9.0327
v -3.1324 -3.6793 -9.0602
v -3.1455 -3.8042 -9.1106
v -3.2409 -4.1115 -9.2086
v -4.1461 0.8517 -9.6513
v -4.6500 1.9162 -9.0640
v -4.7267 5.9986 -5.8476
v -4.8974 3.7627 -8.0980
v -4.8164 2.7960 -8.5525
v -4.9411 4.2459 -7.8486
v -4.6460 6.0333 -5.5055
v -3.6090 -5.3190 -8.9410
v -4.3174 0.0058 -9.5476
v -6.9481 0.6285 -4.5755
v -4.1569 -1.0765 -9.4028
v -6.9256 -3.1941 -5.1331
v -0.5229 -0.7714 -11.4079
v -1.6542 -0.3858 -10.1906
v -0.9235 -0.7016 -11.0423
v -6.4593 -4.2247 -5.7170
v -7.2258 -2.0083 -4.7613
v -4.7047 5.8935 -6.6987
v -3.8757 1.2803 -9.7029
v -4.8300 5.8790 -6.1912
v -4.8564 3.2751 -8.3243
v -3.5447 0.7149 -9.8681
v -4.7609 2.3329 -8.7976
v -3.7895 0.8890 -9.7928
v -1.2239 -0.6044 -10.6682
v -0.2473 -0.7802 -11.5704
v -1.9685 -0.1693 -9.9569
v -3.5310 1.5815 -9.6994
v -3.4153 5.2899 -8.6701
v -3.1594 1.8244 -9.6563
v -2.6971 4.5647 -9.2077
v -2.8277 2.0344 -9.6738
v -2.4423 2.3518 -9.8213
v -4.9928 5.0778 -7.2363
v -3.7938 6.0728 -7.8837
v -3.2163 -4.0517 -9.2041
v -3.3369 -4.3420 -9.1807
v -3.5218 -2.2798 -9.1818
v -3.3961 -2.4909 -9.1534
v -3.2896 0.5595 -9.9166
v -3.2998 6.6531 -7.4864
v -4.2835 -0.5580 -9.4779
v -7.1255 -0.2791 -4.5610
v -3.6363 -5.6474 -8.8243
v -4.9730 5.4121 -6.8964
v -4.9799 4.6875 -7.5572
v -3.8027 6.3004 -7.5774
v -0.7684 7.3387 -8.6498
v -1.7066 7.1781 -8.2586
v -4.4755 6.0819 -6.8486
v -5.6463 4.6497 -5.8733
v -6.1473 3.6432 -5.3079
v -6.4526 2.7952 -4.9436
v -6.6856 1.8677 -4.7012
v -6.3057 3.2387 -5.1178
v -6.5805 2.3277 -4.7997
v -5.1114 5.4529 -6.3855
v -7.1056 -2.6163 -4.9172
v -7.2540 -1.3945 -4.6557
v -5.2831 -5.7528 -7.1924
v -7.2057 -0.8097 -4.5880
v -1.1175 7.2944 -8.5219
v -0.3918 7.3658 -8.7394
v -5.9819 4.0086 -5.5011
v -5.4739 4.9370 -6.0485
v -4.3111 -0.2816 -9.5115
v -6.8608 1.0359 -4.6037
v -7.0358 0.1946 -4.5619
v -4.2389 0.5856 -9.6182
v -6.7772 1.4389 -4.6422
v -3.0799 6.7337 -7.5895
v -3.0360 0.4233 -9.9367
v -0.6766 -0.7588 -11.2941
v -1.8477 -0.2495 -10.0236
v -1.0227 -0.6736 -10.9219
v -1.5589 -0.4450 -10.2867
v -3.4156 -4.5989 -9.1059
v -1.4309 7.2422 -8.3887
v -4.0673 -1.3135 -9.3579
v -1.3353 -0.5534 -10.5324
v -2.8020 0.3110 -9.9408
v -2.8596 6.8099 -7.6936
v -4.2493 1.3118 -9.5283
v -3.9898 6.3768 -7.1298
v -1.9343 3.7205 -9.7926
v -2.0246 3.0171 -9.9849
v -2.2335 4.0687 -9.5218
v -2.5627 4.4268 -9.2977
v -2.8489 4.7105 -9.1072
v -3.7097 1.4429 -9.7082
v -3.5900 5.5444 -8.4437
v -3.2525 -2.7543 -9.1010
v -3.1583 -2.9851 -9.0340
v -3.3436 -2.5845 -9.1381
v -3.7709 -1.8842 -9.2422
v -3.5522 -5.0337 -9.0153
v -3.5976 -2.1601 -9.1975
v -3.2963 -2.6717 -9.1206
v -3.2148 -2.8325 -9.0797
v -3.1300 -3.1491 -8.9922
v -3.1408 -3.0651 -9.0116
v -3.1831 -2.9080 -9.0571
v -3.4552 -2.3887 -9.1675
v -2.0857 2.9383 -9.9842
v -1.8796 3.6468 -9.8466
v -2.1895 2.7632 -9.9608
v -1.9979 3.7978 -9.7314
v -2.2943 2.5686 -9.9046
v -2.5445 2.2353 -9.7679
v -3.9696 -1.5258 -9.3134
v -3.2194 5.0631 -8.8494
v -3.3447 1.7075 -9.6793
v -3.4732 -4.7970 -9.0500
v -3.8671 -1.7143 -9.2744
v -3.0244 4.8716 -8.9908
v -2.3318 4.1782 -9.4507
v -3.6521 -5.9999 -8.6758
v -3.2693 -4.1776 -9.2070
v -3.6812 -2.0312 -9.2163
v -3.7219 5.8148 -8.1759
v -4.2948 0.2988 -9.5827
v -2.6404 6.8867 -7.7984
v -2.5974 0.2147 -9.9372
v -2.4210 6.9663 -7.9052
v -2.4197 0.1122 -9.9117
v -2.2625 0.0151 -9.9007
v -2.1940 7.0407 -8.0166
v -3.1246 -3.5137 -9.0065
v -3.1245 -3.2380 -8.9795
v -3.1229 -3.4221 -8.9865
v -3.1226 -3.3299 -8.9772
v -5.5880 -5.4610 -6.8305
v -5.8147 4.3420 -5.6912
v -5.2947 5.2070 -6.2203
v -4.9848 -5.9790 -7.5098
v -4.4662 1.5828 -9.3206
v -4.2345 6.2432 -6.9918
v -3.7495 6.4814 -7.2601
v -0.4828 10.8115 -4.5280
v -0.4481 9.0151 -5.4654
v -0.4637 9.4900 -5.1762
v -0.4811 10.2373 -4.7746
v -0.4215 8.4851 -5.7935
v -0.4745 9.9012 -4.9488
v -0.4860 10.5770 -4.6261
v -4.0226 1.0839 -9.6814
v -7.1371 -4.8572 -4.3195
v -7.3189 -5.1916 -3.9165
v -7.5086 -5.4985 -3.3883
v -7.6915 -5.7104 -2.8145
v -2.4572 -6.9535 -8.8283
v -2.0572 -7.1448 -8.8686
v -2.0726 -7.5407 -8.7566
v -2.0266 -7.9793 -8.6453
v -1.8974 -8.4293 -8.5231
v -1.7146 -8.9134 -8.3341
v -2.2509 -6.7509 -8.9616
v -2.0213 -6.8232 -8.9938
v -0.3424 -6.9717 -9.0633
v -0.3452 -7.3339 -8.9600
v -0.3501 -7.7239 -8.8670
v -0.3583 -8.1416 -8.7636
v -0.3432 -8.5650 -8.6163
v -0.3302 -8.8354 -8.5070
v -0.6992 -7.7121 -8.8607
v -0.6953 -7.3278 -8.9590
v -0.6918 -6.9683 -9.0630
v -1.0336 -6.9544 -9.0553
v -1.0349 -7.3080 -8.9466
v -1.0330 -7.6877 -8.8472
v -1.0275 -8.0819 -8.7438
v -1.0122 -8.4696 -8.6161
v -0.9554 -8.8048 -8.4806
v -1.3707 -6.9276 -9.0424
v -1.3717 -7.2759 -8.9300
v -1.3635 -7.6543 -8.8293
v -1.3353 -8.0487 -8.7232
v -1.2813 -8.4402 -8.6042
v -1.1681 -8.8149 -8.4630
v -1.7035 -6.8862 -9.0247
v -1.7113 -7.2267 -8.9064
v -1.7062 -7.6101 -8.8046
v -1.6620 -8.0197 -8.6990
v -1.5615 -8.4363 -8.5720
v -1.3930 -8.9436 -8.3712
v -3.6563 -6.3771 -8.5051
v -3.6564 -6.7884 -8.3355
v -3.6600 -7.2324 -8.1795
v -3.6631 -7.7001 -8.0254
v -3.6540 -8.1889 -7.8469
v -3.6348 -8.7277 -7.6063
v -3.9696 -5.9068 -8.5225
v -4.0021 -6.2788 -8.3204
v -4.0224 -6.6936 -8.1333
v -4.3789 -6.1415 -8.0873
v -4.3849 -6.5926 -7.8930
v -4.4069 -7.0277 -7.7210
v -4.4110 -7.4824 -7.5438
v -4.3820 -7.9611 -7.3534
v -4.3043 -8.4984 -7.1267
v -4.6455 -5.8581 -7.9623
v -4.7112 -6.1408 -7.7674
v -4.7346 -6.4799 -7.6120
v -4.7727 -6.8899 -7.4283
v -4.7873 -7.3329 -7.2419
v -4.7664 -7.7951 -7.0521
v -4.7219 -8.2969 -6.8136
v -4.9183 5.6808 -6.5450
v -1.8724 7.1581 -7.7662
v -1.7864 7.2295 -7.4148
v -1.7065 7.3318 -7.0704
v -3.4217 6.6896 -7.0606
v -3.6459 6.6164 -6.9271
v -2.0399 7.1609 -7.3215
v -2.2759 7.0809 -7.2436
v -2.5001 7.0107 -7.1715
v -2.6992 6.9490 -7.0972
v -1.9817 7.2397 -6.9886
v -2.2267 7.1448 -6.9429
v -2.4471 7.0646 -6.8859
v -2.6190 6.9974 -6.8949
v -1.1922 7.8466 -6.1895
v -2.8781 6.8969 -6.9868
v -3.7521 6.6133 -6.4109
v -4.0146 6.4989 -6.2653
v -3.2082 6.7564 -7.1739
v -2.7024 6.9862 -6.7284
v -2.8678 6.9467 -6.5225
v -3.6242 6.6783 -6.0128
v -3.9082 6.5452 -5.8877
v -4.1581 6.4023 -5.7768
v -4.3965 6.2363 -5.6249
v -2.3952 7.1562 -6.5036
v -2.1804 7.2173 -6.6757
v -2.6289 7.1363 -6.1419
v -3.5322 6.7704 -5.5625
v -3.8618 6.5741 -5.4761
v -1.3635 7.2716 -7.9861
v -1.5357 7.2881 -7.5264
v -1.0422 7.3851 -7.6794
v -0.7260 7.4399 -7.7393
v -0.3717 7.4659 -7.8033
v -1.3023 7.3320 -7.6362
v -1.2699 7.3985 -7.3847
v -1.2210 7.5617 -6.8391
v -1.6248 7.4776 -6.6469
v -1.9545 7.3383 -6.6131
v -4.0822 6.4316 -5.5009
v -4.2554 6.3039 -5.2709
v -4.6351 5.9757 -5.0172
v -1.5854 7.7206 -6.1112
v -2.0402 7.5029 -6.0520
v -1.9764 8.0099 -5.4838
v -1.9942 8.5222 -5.0955
v -2.0149 8.9929 -4.7673
v -1.5995 8.1705 -5.6245
v -1.6349 8.6840 -5.2464
v -1.6673 9.1563 -4.9381
v -5.0123 5.5742 -4.5851
v -5.4681 5.0557 -4.2576
v -5.8294 4.5516 -3.7167
v -5.6453 4.7308 -3.2684
v -5.5060 4.8731 -2.8189
v -5.4235 5.0528 -2.3808
v -5.4096 5.2854 -1.9649
v -5.7603 4.6705 -4.4920
v -4.9392 5.7298 -5.2660
v -5.2553 5.2633 -3.7096
v -4.8288 5.7473 -4.1106
v -4.4041 6.1765 -4.4944
v -3.9576 6.5623 -4.9266
v -2.4355 7.4431 -5.7199
v -3.4915 6.9300 -5.0878
v -2.3509 7.8709 -5.2923
v -3.4549 7.2088 -4.6282
v -3.8627 6.8456 -4.3607
v -4.2811 6.4370 -4.0220
v -4.6951 5.9797 -3.6454
v -2.3450 8.3460 -4.9105
v -3.4269 7.5699 -4.2070
v -3.8270 7.1939 -3.9175
v -4.2374 6.7636 -3.5873
v -4.6475 6.2746 -3.2176
v -4.6725 6.6312 -2.8404
v -4.2655 7.1508 -3.2189
v -3.8479 7.5997 -3.5538
v -3.4367 7.9886 -3.8500
v -2.3545 8.8105 -4.5769
v -5.1075 5.4646 -3.2433
v -5.0446 5.7123 -2.8103
v -5.0593 6.0195 -2.4190
v -3.0673 6.8450 -6.8541
v -3.5024 6.7072 -6.5636
v -3.3454 6.7946 -6.1648
v -3.2008 6.9358 -5.7131
v -3.1182 7.1738 -5.2760
v -3.0713 7.4962 -4.8564
v -3.0501 7.8862 -4.4644
v -3.0512 8.3204 -4.1205
v -2.8987 7.0562 -5.9012
v -2.7693 7.3328 -5.4788
v -2.7069 7.7075 -5.0725
v -2.6919 8.1408 -4.6965
v -2.6945 8.5932 -4.3629
v -3.0874 6.8802 -6.3341
v -3.2735 6.7810 -6.7138
v -5.7182 4.6619 -1.0515
v -2.0360 9.4335 -4.4815
v -1.6848 9.5783 -4.6614
v -5.4263 5.6028 -1.5556
v -4.7406 7.0471 -2.5086
v -4.3394 7.5852 -2.9105
v -3.9109 8.0443 -3.2567
v -3.4854 8.4409 -3.5628
v -2.3727 9.2569 -4.2851
v -5.1082 6.3986 -2.0547
v -3.0753 8.7785 -3.8307
v -2.7066 9.0488 -4.0684
v -5.6599 5.0345 -0.5623
v -2.0675 9.8321 -4.2347
v -1.7129 9.9662 -4.4279
v -5.4440 6.0219 -1.1425
v -4.8338 7.5162 -2.2014
v -4.4390 8.0575 -2.6375
v -4.0040 8.5189 -3.0085
v -3.5663 8.9067 -3.3261
v -2.4176 9.6689 -4.0306
v -5.1690 6.8705 -1.6988
v -3.1436 9.2211 -3.5917
v -2.7741 9.4694 -3.8179
v -5.5519 5.6093 -0.1083
v -2.1352 10.2349 -4.0291
v -1.7658 10.3379 -4.2332
v -5.4320 6.5213 -0.7239
v -4.9625 7.9895 -1.8849
v -4.5695 8.5618 -2.3857
v -4.1306 9.0228 -2.8015
v -3.6983 9.3741 -3.1183
v -2.5153 10.1028 -3.8155
v -5.2419 7.3422 -1.3414
v -3.2531 9.6706 -3.3993
v -2.8897 9.9221 -3.5978
v -2.2430 10.6637 -3.8478
v -1.8575 10.6858 -4.0692
v -5.4149 6.7386 -0.2775
v -5.1197 8.4556 -1.4959
v -4.7117 9.1389 -2.1473
v -4.2529 9.5928 -2.6249
v -3.8963 9.8662 -2.9088
v -2.6969 10.5823 -3.5958
v -5.3149 7.7790 -0.9358
v -3.3448 10.1529 -3.2702
v -3.1016 10.4480 -3.3808
v -1.3059 9.6998 -4.8112
v -5.4861 5.6758 0.2158
v 0.5696 2.3721 -10.9230
v 1.2167 2.5067 -10.7226
v 2.0622 2.8108 -10.1599
v 2.4140 3.0364 -9.7750
v 2.4638 3.1094 -9.6789
v 2.3806 3.4454 -9.5897
v 2.3004 3.5495 -9.6762
v 1.9331 3.7700 -10.0227
v 0.5511 4.0990 -10.8650
v 0.5581 3.5593 -10.8041
v 1.7399 3.4765 -10.1315
v 2.0809 3.4167 -9.8043
v 0.5582 2.9473 -10.8253
v 1.0897 2.9919 -10.6603
v 1.8181 3.1237 -10.1540
v 2.1616 3.2028 -9.8057
v 2.2028 3.2299 -9.7390
v 2.1502 3.3765 -9.7364
v 2.3386 3.1708 -9.7055
v 2.2959 3.1215 -9.7867
v 1.9528 2.9889 -10.1812
v 1.1614 2.7726 -10.7237
v 0.5755 2.6607 -10.9175
v 0.5717 3.8048 -10.8586
v 1.8220 3.6086 -10.1053
v 2.1761 3.4775 -9.7598
v 2.2529 3.4081 -9.6740
v 0.5412 3.1625 -10.6441
v 1.0287 3.1504 -10.5664
v 1.7017 3.2403 -10.0847
v 2.0429 3.2797 -9.8047
v 0.5317 1.8177 -10.7364
v 1.2609 1.9587 -10.5518
v 2.2500 2.3852 -10.0254
v 2.6722 2.8154 -9.7164
v 0.5027 1.3840 -10.5724
v 1.3807 1.2831 -10.2475
v 2.5426 2.0017 -9.8194
v 3.0068 2.6546 -9.5977
v 3.0806 2.8902 -9.5180
v 2.7452 2.9726 -9.6243
v 1.1079 3.5592 -10.6485
v 1.1678 3.7864 -10.6663
v 1.2258 4.0434 -10.6232
v 2.0882 3.2913 -9.7616
v 2.6954 3.5610 -9.3991
v 2.6019 3.7428 -9.4265
v 2.2096 4.1642 -9.7498
v 1.3474 4.6015 -10.3173
v 0.5485 4.6475 -10.5142
v 3.0186 3.7203 -9.2537
v 2.9236 3.9715 -9.2499
v 2.5147 4.5588 -9.5020
v 1.5361 5.1735 -10.0734
v 0.6488 5.2751 -10.3537
v 2.5279 2.9311 -9.7562
v 0.5424 2.0931 -10.8315
v 1.2370 2.2336 -10.6557
v 2.1490 2.6101 -10.1051
v 2.5906 3.0421 -9.6576
v 2.0573 3.9529 -9.8951
v 0.5355 4.3620 -10.7131
v 1.2814 4.3108 -10.5019
v 2.4407 3.6354 -9.5557
v 2.5307 3.4934 -9.4960
v 0.4366 -0.3398 -11.7682
v 0.4393 0.5683 -11.0563
v 0.4175 0.7223 -10.7119
v 0.7947 0.3764 -10.8704
v 0.9040 0.4139 -10.7626
v 0.8840 0.6314 -10.2813
v 0.7230 0.7375 -10.3288
v 0.6325 0.7517 -10.3585
v 1.0866 2.4763 -10.7797
v 1.0111 3.5592 -10.6899
v 0.9864 2.9835 -10.6998
v 1.0431 2.7494 -10.7693
v 1.0596 3.7967 -10.7254
v 0.9321 3.1467 -10.5914
v 1.1126 1.9279 -10.6097
v 1.1561 1.3445 -10.3649
v 1.0993 4.0665 -10.6913
v 1.1842 4.6255 -10.3768
v 1.3543 5.2181 -10.1468
v 1.0957 2.1999 -10.7099
v 1.1359 4.3382 -10.5698
v 1.7148 0.9253 -10.0759
v 1.9773 0.5188 -10.0989
v 1.6240 -0.2126 -10.6860
v 1.3424 -0.3104 -11.0233
v 0.4095 0.1741 -11.6607
v 0.4579 1.1336 -10.5259
v 0.9377 1.0467 -10.3800
v 1.1170 0.9777 -10.3492
v 1.4717 0.8079 -10.3502
v 1.6870 0.6073 -10.4281
v 1.5678 0.1374 -10.9421
v 1.2616 0.0916 -11.1800
v 0.3387 0.8934 -10.5840
v 0.7071 0.9065 -10.3884
v 0.8280 0.8745 -10.3555
v 1.0493 0.7107 -10.3391
v 1.1154 0.6139 -10.4973
v 0.3824 0.4854 -11.3332
v 1.0970 0.4394 -10.8648
v 0.9348 0.4127 -10.9954
v 2.8175 1.7823 -9.7331
v 3.3392 2.5609 -9.5060
v 3.4400 3.1624 -9.3141
v 3.3509 3.8599 -9.1470
v 3.2501 4.1619 -9.1179
v 2.7799 4.8769 -9.2928
v 0.4811 0.4562 -10.9137
v 0.4641 0.6104 -10.6377
v 0.7512 0.3226 -10.8241
v 0.8676 0.3596 -10.7101
v 0.8755 0.5343 -10.2384
v 0.6437 0.6525 -10.3040
v 0.5827 0.6941 -10.3414
v 0.7337 5.8435 -10.3507
v 1.5555 5.6998 -10.0684
v 1.7542 5.6315 -9.9686
v 0.7506 7.4195 -8.2027
v 4.4235 6.2993 -6.5092
v 5.5918 4.8621 -5.5505
v 6.4978 3.0794 -3.9984
v 6.8640 1.7379 -3.4614
v 6.9089 1.4557 -2.8393
v 6.4359 3.2483 -3.4850
v 5.9824 4.3099 -4.1427
v 5.5130 5.0305 -5.2061
v 4.3088 6.4107 -6.1405
v 0.7423 7.5911 -7.3245
v 2.1476 6.6982 -9.4450
v 3.4582 5.7815 -8.6147
v 0.8478 6.9275 -9.9678
v 1.8895 6.7866 -9.5955
v 1.6720 7.3076 -7.9070
v 0.8072 10.7634 -4.3657
v 0.8042 8.9162 -5.4018
v 0.7831 7.7253 -6.8060
v 1.2013 8.8007 -5.3288
v 1.1975 10.6800 -4.2246
v 0.2343 -3.4244 -9.7062
v 0.2257 -2.7480 -10.0874
v 0.2715 -2.0541 -10.6115
v 0.4153 -0.9086 -11.5117
v 1.1771 -0.7475 -10.7633
v 0.8809 -1.9890 -10.1428
v 0.7136 -2.7356 -9.7264
v 0.9792 -2.5861 -9.5125
v 1.1819 -1.9048 -9.8619
v 1.4694 -0.5973 -10.3902
v 2.2048 -0.2130 -9.9878
v 2.0184 -1.8146 -9.5094
v 3.6351 0.5144 -9.8924
v 4.9509 1.6508 -8.9682
v 5.6606 2.4524 -7.7046
v 5.6851 3.1924 -7.3278
v 4.4222 4.0272 -8.5843
v 4.3833 3.0118 -8.9286
v 4.2154 2.2418 -9.3110
v 3.4856 1.2476 -9.8171
v 4.3784 4.6468 -8.3733
v 5.7126 3.5317 -7.1006
v 6.0016 2.8455 -6.8114
v 6.0384 2.9486 -6.6373
v 6.1840 2.3963 -6.5627
v 6.0864 2.3586 -6.8822
v 6.3429 1.6840 -6.5778
v 3.4808 -1.5332 -9.4301
v 4.6029 -1.5419 -9.1369
v 5.6902 -0.7311 -8.5827
v 1.7284 -3.4134 -8.9299
v 2.1335 -3.6643 -9.0056
v 2.6864 -3.8265 -9.1024
v 3.6158 -3.8215 -9.0010
v 4.1221 -3.6459 -8.7217
v 4.2345 -3.5672 -8.6298
v 4.3259 -3.1502 -8.4960
v 4.2676 -3.0521 -8.5550
v 3.6718 -2.7584 -8.9797
v 2.9680 -2.7180 -9.1450
v 2.0455 -2.8377 -9.0672
v 1.7809 -2.9733 -8.9909
v 1.8577 -3.3545 -8.9236
v 4.1071 -3.4806 -8.6637
v 4.1909 -3.2313 -8.5838
v 3.5623 -2.9815 -8.9341
v 2.9004 -2.9456 -9.0621
v 2.0987 -2.9953 -8.9983
v 1.8648 -3.1047 -8.9508
v 2.2156 -3.5386 -8.9673
v 2.7022 -3.6771 -9.0398
v 3.5666 -3.6688 -8.9487
v 4.0183 -3.5337 -8.7265
v 4.1280 -3.1716 -8.6251
v 1.6126 -3.4395 -8.9337
v 2.0626 -3.7548 -9.0330
v 2.6781 -3.9310 -9.1433
v 3.6646 -3.9247 -9.0202
v 4.2114 -3.7273 -8.7025
v 4.3408 -3.6258 -8.5912
v 4.4570 -3.0739 -8.4193
v 4.3994 -2.9497 -8.4965
v 3.7790 -2.5968 -9.0006
v 3.0376 -2.5486 -9.1936
v 2.0274 -2.7045 -9.1251
v 1.7275 -2.8596 -9.0350
v 0.9639 -3.2255 -9.1671
v 1.6941 -4.2247 -9.0629
v 2.6691 -4.4623 -9.1338
v 3.9491 -4.3565 -8.9071
v 4.6768 -4.0108 -8.4069
v 4.8819 -3.8088 -8.1997
v 5.4096 -2.5611 -7.9324
v 5.2831 -2.3524 -8.1973
v 4.3350 -1.9253 -9.0667
v 3.3448 -1.8619 -9.3462
v 2.0390 -2.1099 -9.3557
v 1.6484 -2.3485 -9.2870
v 1.6616 -2.1972 -9.3863
v 0.7279 -3.4175 -9.4150
v 5.6883 -1.9177 -8.1432
v 5.7611 -2.0299 -7.9843
v 6.4396 -1.5951 -7.2463
v 5.3591 -3.9675 -7.6915
v 6.1796 -2.5111 -7.1297
v 5.1573 -4.2406 -7.9356
v 7.2898 -0.7194 -4.0562
v 7.3567 -1.3662 -4.1136
v 7.2905 -2.7351 -4.3465
v 6.3939 -4.9421 -5.5929
v 6.0753 -5.4014 -6.0207
v 6.7029 -5.2154 -5.0107
v 7.4341 -2.9193 -3.5455
v 7.3795 -1.3309 -3.5122
v 7.2999 -0.5363 -3.3900
v 6.7702 1.8803 -4.1899
v 6.4942 2.9286 -4.4937
v 6.1351 3.8426 -4.9311
v 7.0380 0.8815 -2.7311
v 6.0881 4.0620 -4.5347
v 5.4524 5.1198 -4.8337
v 6.0039 3.3581 -2.0829
v 5.2350 3.9254 0.7201
v 0.8140 9.3734 -5.1161
v 1.2046 9.2401 -5.0058
v 5.8809 3.3243 -1.6176
v 0.7834 7.9607 -6.2352
v 6.2957 3.3790 -2.9641
v 4.2531 -4.8729 -8.6632
v 2.5266 -5.0886 -9.1977
v 1.4230 -4.5267 -9.1628
v 2.4885 -7.4529 -8.6480
v 2.2126 -8.8255 -8.2611
v 3.9714 -8.6112 -7.3168
v 4.0283 -7.1377 -7.9217
v 6.6819 -7.1322 -4.6091
v 6.2997 -5.7440 -5.6212
v 7.2668 -6.4406 -3.5783
v 7.6366 -2.0412 -1.3509
v 7.9371 -2.6242 -1.1978
v 8.2478 -2.9793 -1.4762
v 7.5979 -2.1141 -1.7638
v 8.5369 -3.4416 -0.9719
v 8.7527 -2.6994 0.4480
v 8.5730 -1.9343 0.5684
v 8.4083 -1.0676 0.4583
v 8.1777 -0.2044 0.2576
v 7.9144 -0.4226 0.0516
v 8.1646 -1.1530 0.2193
v 8.3421 -1.8982 0.3090
v 8.4818 -2.5686 0.2716
v 8.1378 -2.4857 -0.0339
v 7.9901 -1.9139 0.0098
v 7.7889 -1.3187 -0.0173
v 7.5213 -0.7054 -0.1513
v 7.2159 -0.0765 -0.4184
v 6.7976 0.9402 -1.1832
v 6.7079 1.3579 -1.6143
v 7.5875 1.6487 -1.3483
v 7.6059 1.3845 -0.9018
v 7.7212 0.9554 -0.4415
v 7.9373 0.4223 -0.0576
v 7.6542 0.2125 -0.2032
v 7.4279 0.7745 -0.5456
v 7.2763 1.2474 -0.9683
v 7.2611 1.5805 -1.3870
v 8.3111 -3.4541 -1.7892
v 8.1534 -3.7765 -1.5159
v 8.2284 -3.8646 -0.9581
v 8.1792 -3.5762 -0.6026
v 8.1485 -3.1143 -0.2753
v 8.0629 -2.6627 0.0306
v 7.8908 -2.2537 0.3300
v 7.6426 -1.6660 0.5693
v 7.2844 -0.9149 0.7137
v 8.2278 -3.6384 -1.0873
v 8.2191 -3.0288 -0.2514
v 8.1732 -3.7955 -1.4171
v 8.1133 -2.5065 -0.0411
v 7.9469 -1.9494 0.0510
v 7.7356 -1.3743 0.1004
v 7.4624 -0.7773 0.0623
v 7.1487 -0.1390 -0.1563
v 6.8640 0.4361 -0.5075
v 6.3998 1.2807 -1.0574
v 6.4099 0.6771 0.8918
v 6.7239 0.1029 0.8054
v 6.9798 -0.3747 0.7836
v 6.4076 1.7615 -1.6751
v 6.8092 1.6452 -2.3777
v 6.6870 2.0789 -2.5431
v 7.2356 1.6171 -2.0032
v 7.3510 1.5229 -1.9674
v 6.2364 2.5279 -1.8322
v 6.5185 2.6862 -2.7328
v 6.1137 2.3498 -1.3319
v 8.1816 -3.5215 -0.6452
v 8.1763 -3.0643 -0.2906
v 8.1300 -4.1268 -1.5458
v 7.9015 -2.0688 0.2145
v 8.2197 -3.7722 -1.0077
v 8.0783 -2.5749 -0.0125
v 7.6739 -1.5536 0.4071
v 7.3486 -0.8562 0.4761
v 6.4097 0.9638 0.0175
v 7.0449 -0.2724 0.4236
v 6.7459 0.3199 0.2923
v 6.0287 2.2471 -0.2692
v 5.7675 2.2047 0.9520
v 8.3304 0.2593 -0.2948
v 8.1669 0.6011 -0.6577
v 8.0357 0.8358 -1.0435
v 7.8566 0.9072 -1.4170
v 7.2859 0.8673 -2.0442
v 6.7937 1.9689 -3.0100
v 6.6299 2.6001 -3.2341
v 7.2010 1.5014 -2.0790
v 7.2556 1.4551 -2.0638
v 7.3323 -0.0655 -2.1275
v 7.4995 0.2636 -1.8677
v 7.8199 0.4766 -1.4272
v 7.9368 0.4470 -1.1543
v 8.0166 0.2583 -0.9085
v 8.1142 -0.1136 -0.6913
v 8.5022 -0.3727 0.0146
v 8.6436 -1.0995 0.2685
v 8.1236 -0.5594 -0.4339
v 8.3338 -1.1310 -0.2674
v 8.7513 -1.9006 0.4375
v 8.4365 -1.6635 -0.2492
v 8.9044 -2.7011 0.4573
v 8.4330 -2.1471 -0.2054
v 8.4060 -2.5460 -0.2015
v 7.3822 -0.6003 -2.3831
v 7.3746 -1.4391 -2.4225
v 8.3623 -3.0510 -0.3663
v 8.2901 -3.1127 -0.5558
v 8.1866 -3.0894 -0.7710
v 7.9185 -2.4685 -0.8390
v 8.1629 -2.9212 -0.7026
v 8.2280 -2.9120 -0.5684
v 8.0761 -2.4096 -0.6033
v 8.2998 -2.9018 -0.4491
v 8.2791 -2.4370 -0.4283
v 8.2748 -2.0487 -0.4586
v 8.1806 -1.6159 -0.3882
v 8.1405 -1.2406 -0.3217
v 7.8535 -1.5220 -0.4724
v 8.0207 -1.9942 -0.6384
v 7.7351 -2.0215 -0.8613
v 7.4132 -1.4539 -0.7288
v 7.3065 -1.3886 -1.3367
v 7.4817 -1.4578 -1.8205
v 7.2559 -0.5945 -1.3111
v 7.4783 -0.7330 -0.6915
v 7.8677 -0.9806 -0.3802
v 7.4828 -0.8158 -1.8046
v 7.5468 -0.3395 -1.7350
v 7.6112 -0.0717 -1.6799
v 7.5099 -0.1387 -1.2170
v 7.8064 -0.2431 -0.7901
v 7.7057 0.1070 -1.2921
v 7.9042 0.1254 -1.0673
v 5.7108 3.4886 -0.5996
v 0.8156 10.1237 -4.6595
v 1.2122 10.0141 -4.5112
v 7.4479 -2.2731 -2.4096
v 7.9391 -3.0170 -1.9766
v 7.9937 -2.6860 -1.6862
v 7.9063 -2.4922 -1.4093
v 7.6555 -3.6212 -2.9388
v 7.8496 -3.9515 -2.4617
v 7.3289 -4.5336 -3.9219
v 7.8731 -5.3246 -2.3050
v 8.0880 -4.1975 -1.7312
v 8.4181 -3.2604 -1.2634
v 8.1912 -3.6464 -1.5828
v 8.1783 -4.1102 -1.3049
v 8.2025 -3.7529 -1.2635
v 8.1829 -3.9668 -1.2963
v 8.3897 -2.8551 -0.2538
v 8.0530 -2.9357 -0.9717
v 8.0693 -2.7592 -0.7718
v 8.1723 -2.7038 -0.5924
v 8.2898 -2.7289 -0.4262
v 8.0421 -4.2157 -1.9128
v 0.7879 8.4174 -5.7573
v 6.1462 3.3978 -2.5185
v 1.1790 8.3060 -5.6972
v 8.1115 -2.8428 -1.3415
v 7.6175 -2.0508 -1.5665
v 8.2136 -3.7066 -1.0094
v 8.0900 -2.5335 -0.0452
v 7.6930 -1.4390 0.2638
v 7.3801 -0.8287 0.3566
v 6.3210 1.2063 -0.4833
v 6.7395 1.6021 -2.0077
v 6.5546 2.0226 -2.1174
v 7.2724 1.7628 -1.7728
v 7.5073 1.6809 -1.7586
v 6.3770 2.6603 -2.2760
v 8.1889 -3.4774 -0.6904
v 8.2102 -3.0419 -0.2814
v 8.1482 -3.9485 -1.4805
v 7.9163 -1.9985 0.1295
v 7.0913 -0.1907 0.1368
v 6.7542 0.4524 -0.0890
v 6.0585 2.2839 -0.8013
v 7.5929 0.8405 -1.7084
v 7.1602 0.2454 -2.5287
v 7.3898 0.5452 -1.9093
v 7.6536 0.4489 -1.6608
v 7.8018 0.6764 -1.4718
v 7.9812 0.6288 -1.1081
v 8.0939 0.4211 -0.7704
v 8.2434 0.0492 -0.4622
v 8.4539 -0.5649 -0.1389
v 8.5197 -1.1553 -0.0590
v 8.5513 -1.7607 0.0435
v 8.5408 -2.3026 0.0930
v 8.5210 -2.7310 0.0470
v 7.3198 -0.6671 -2.8107
v 7.3505 -1.3732 -2.8991
v 8.5100 -3.2803 -0.2913
v 8.4351 -3.3395 -0.5718
v 8.3738 -3.2815 -0.8872
v 7.4103 -1.4206 -1.5892
v 7.3754 -0.7471 -1.5583
v 7.5317 -0.2785 -1.5102
v 7.6273 0.0230 -1.5242
v 5.7961 3.3671 -1.1239
v 0.8141 9.7703 -4.8643
v 7.4594 -2.5990 -2.8527
v 7.9493 -2.5379 -1.5224
v 7.6897 -3.1915 -2.4292
v 7.9201 -3.5956 -2.1141
v 8.1154 -3.9552 -1.6188
v 8.5343 -3.0594 -0.0906
v 8.2636 -3.1270 -1.1514
v 8.1915 -3.8544 -1.2702
v 8.0776 -3.8963 -1.7352
v 8.3659 -3.6956 -1.3819
v 8.3761 -3.6986 -1.2298
v 8.3816 -3.6494 -1.0241
v 8.6112 -3.7019 -1.4707
v 8.6770 -3.8128 -1.1497
v 8.8842 -3.4279 0.0469
v 8.8067 -3.7690 -0.3732
v 8.7669 -3.8378 -0.8086
v 8.5954 -3.5304 -0.6211
v 8.7101 -3.5080 -0.2868
v 8.7592 -3.2929 0.0099
v 8.7472 -2.9610 0.2254
v 8.7486 -2.5495 0.3904
v 8.6430 -1.8627 0.3075
v 8.5869 -1.1681 0.1211
v 8.7545 -3.1517 0.2390
v 8.6024 -3.1104 0.1091
v 8.2449 -3.0048 -0.2042
v 8.2450 -3.4523 -0.6466
v 8.3214 -3.4255 -0.4702
v 8.7148 -3.5815 -0.0907
v 8.8059 -3.5270 0.0102
v 8.6352 -3.7989 -0.7980
v 8.6903 -3.7724 -0.4562
v 8.3509 -3.5555 -0.7641
v 8.2401 -3.5127 -0.8771
v 8.2062 -3.5884 -0.8507
v 8.2048 -3.6291 -0.8073
v 8.2047 -3.6969 -0.7467
v 8.4458 -3.7166 -1.0904
v 8.5962 -3.7606 -0.9866
v 8.7884 -3.6244 -0.3191
v 8.6998 -3.6399 -0.6660
v 8.6531 -3.5620 -1.0235
v 8.5415 -3.3811 -1.3492
v 8.3379 -3.1523 -1.5525
v 8.1660 -2.9689 -1.6702
v 7.5357 -4.7534 -3.4088
v 6.9296 -5.6799 -4.5636
v 6.5027 -6.1515 -5.2409
v 4.0271 -7.5998 -7.7520
v 2.4574 -7.9214 -8.5348
v 8.1410 -4.3468 -1.5128
v 8.0775 -4.6645 -1.7906
v 0.4279 -4.6555 -9.4505
v 0.5982 -5.5075 -9.4181
v 0.7370 -8.1110 -8.7472
v 0.6810 -8.8597 -8.4677
v 1.2387 -3.4105 -8.9842
v 1.8469 -4.0216 -9.0573
v 2.6729 -4.2299 -9.1655
v 3.8253 -4.1715 -8.9840
v 4.4730 -3.9031 -8.5565
v 4.6453 -3.7427 -8.3875
v 4.9038 -2.8333 -8.1839
v 4.8572 -2.6511 -8.3204
v 4.1094 -2.2028 -9.0265
v 3.2224 -2.1298 -9.2848
v 2.0339 -2.3409 -9.2629
v 1.6510 -2.5427 -9.1768
v 1.6740 -3.4282 -8.9321
v 2.1004 -3.7073 -9.0199
v 2.6819 -3.8761 -9.1241
v 3.6380 -3.8724 -9.0134
v 4.1642 -3.6858 -8.7152
v 4.2849 -3.5967 -8.6141
v 4.3860 -3.1150 -8.4599
v 4.3280 -3.0039 -8.5277
v 3.7213 -2.6793 -8.9916
v 3.0006 -2.6363 -9.1702
v 2.0347 -2.7738 -9.0951
v 1.7534 -2.9191 -9.0110
v 4.1889 -3.5382 -8.6412
v 3.6288 -2.8340 -8.9655
v 2.9404 -2.7949 -9.1184
v 2.0591 -2.8971 -9.0409
v 2.1631 -3.6237 -8.9916
v 2.6911 -3.7800 -9.0805
v 3.5967 -3.7710 -8.9844
v 4.2159 -3.0952 -8.5796
v 1.7771 -3.3958 -8.9274
v 4.2751 -3.1805 -8.5280
v 1.8091 -3.0208 -8.9749
v 4.0845 -3.6080 -8.7239
v 1.9098 -3.3079 -8.9232
v 4.1077 -3.2785 -8.6370
v 1.9088 -3.1760 -8.9336
v 3.9633 -3.4482 -8.7340
v 4.0349 -3.4126 -8.6906
v 3.5248 -3.1331 -8.9047
v 2.8798 -3.1067 -9.0076
v 2.1929 -3.0815 -8.9712
v 2.2627 -3.4281 -8.9483
v 2.7164 -3.5383 -9.0007
v 3.5421 -3.5416 -8.9176
v 4.0562 -3.2436 -8.6655
v 4.0691 -3.4482 -8.6771
v 3.5395 -3.0568 -8.9188
v 2.8877 -3.0243 -9.0336
v 2.1316 -3.0376 -8.9828
v 2.2400 -3.4874 -8.9571
v 2.7090 -3.6130 -9.0201
v 3.5539 -3.6105 -8.9328
v 4.0893 -3.2078 -8.6465
v 1.8875 -3.3318 -8.9230
v 4.1497 -3.2550 -8.6108
v 1.8890 -3.1421 -8.9412
v 3.9892 -3.4931 -8.7299
v 1.8205 -3.3761 -8.9250
v 4.2313 -3.2070 -8.5568
v 1.8374 -3.0641 -8.9619
v 4.0500 -3.5712 -8.7248
v 4.1468 -3.5097 -8.6518
v 3.5925 -2.9077 -8.9498
v 2.9178 -2.8699 -9.0906
v 2.0764 -2.9495 -9.0176
v 2.1901 -3.5830 -8.9787
v 2.6964 -3.7318 -9.0597
v 3.5804 -3.7209 -8.9660
v 4.1698 -3.1344 -8.6027
v 1.4581 -3.4470 -8.9417
v 1.9699 -3.8678 -9.0510
v 2.6737 -4.0619 -9.1671
v 3.7329 -4.0382 -9.0161
v 4.3257 -3.8113 -8.6499
v 4.4732 -3.6820 -8.5141
v 4.6368 -2.9710 -8.3239
v 4.5834 -2.8207 -8.4204
v 3.9237 -2.4197 -9.0113
v 3.1213 -2.3555 -9.2372
v 2.0246 -2.5387 -9.1909
v 1.6809 -2.7199 -9.0964
v 0.5557 3.3674 -10.7146
v 1.0548 3.3842 -10.5928
v 1.6964 3.3712 -10.1107
v 2.0283 3.3654 -9.8175
v 2.0798 3.3537 -9.7746
v 0.9630 3.3765 -10.6268
v 1.7551 3.1844 -10.1234
v 2.0964 3.2436 -9.8098
v 0.5670 3.0514 -10.7288
v 1.0555 3.0795 -10.6122
v 0.5540 3.4614 -10.7592
v 1.7127 3.4213 -10.1250
v 2.1374 3.2608 -9.7519
v 2.0491 3.3901 -9.8147
v 0.9570 3.0752 -10.6448
v 1.0804 3.4663 -10.6232
v 2.1099 3.3639 -9.7584
v 0.9866 3.4626 -10.6583
v 2.2715 3.1993 -9.7223
v 2.2302 3.1624 -9.7966
v 1.8856 3.0594 -10.1725
v 1.1286 2.8939 -10.7046
v 0.5649 2.8053 -10.8834
v 1.7776 3.5383 -10.1269
v 0.5647 3.6763 -10.8372
v 2.1236 3.4457 -9.7865
v 2.1965 3.3920 -9.7060
v 1.1360 3.6672 -10.6610
v 1.0173 2.8754 -10.7454
v 1.0350 3.6714 -10.7129
v 0.5682 3.9508 -10.8812
v 2.2352 3.5123 -9.7223
v 2.3165 3.4257 -9.6378
v 2.4026 3.1400 -9.6903
v 2.3560 3.0786 -9.7778
v 2.0101 2.9031 -10.1742
v 1.1965 2.6463 -10.7391
v 0.5734 2.5193 -10.9329
v 1.8741 3.6857 -10.0696
v 1.1983 3.9143 -10.6553
v 1.0688 2.6178 -10.7856
v 1.0811 3.9308 -10.7197
v 1.2279 2.3685 -10.6934
v 2.1057 2.7119 -10.1345
v 2.5257 3.0765 -9.6692
v 1.2530 4.1743 -10.5714
v 2.4510 3.4671 -9.5400
v 2.4696 2.9866 -9.7681
v 0.5554 2.2316 -10.8863
v 1.9906 3.8577 -9.9614
v 0.5376 4.2303 -10.7945
v 2.3673 3.5907 -9.6179
v 1.0916 2.3349 -10.7490
v 1.1169 4.2020 -10.6400
v 2.5943 2.8733 -9.7395
v 0.5353 1.9557 -10.7845
v 2.1292 4.0536 -9.8243
v 0.5392 4.5003 -10.6181
v 2.5176 3.6854 -9.4892
v 1.2468 2.0972 -10.6058
v 2.1973 2.5024 -10.0714
v 2.6628 3.0066 -9.6431
v 1.3104 4.4501 -10.4111
v 2.6107 3.5239 -9.4475
v 1.1017 2.0653 -10.6602
v 1.1566 4.4765 -10.4769
v 2.9495 2.9135 -9.5614
v 0.5245 1.5772 -10.6495
v 1.3034 1.6561 -10.4237
v 2.3931 2.0964 -9.9038
v 2.8744 2.7047 -9.6451
v 2.8946 3.6587 -9.3014
v 0.5947 5.0234 -10.3587
v 1.4573 4.9655 -10.1439
v 2.4011 4.4174 -9.5920
v 2.8009 3.8854 -9.3083
v 1.2795 4.9996 -10.2062
v 1.1388 1.6396 -10.4918
v 2.4436 3.3172 -9.5423
v 2.1902 3.3241 -9.6845
v 2.3099 3.3178 -9.6196
v 1.0296 3.3087 -10.5592
v 2.0859 3.3288 -9.7577
v 2.7639 3.3537 -9.4276
v 3.0893 3.4371 -9.3176
v 2.5953 3.3262 -9.4792
v 0.9406 3.2992 -10.5948
v 3.4208 3.5116 -9.2183
v 6.2193 3.8241 -3.7928
v 5.6648 2.8328 -7.5240
v 4.4182 3.4968 -8.7545
v 6.1116 2.6986 -6.5813
v 6.0350 2.6502 -6.8407
v 6.3222 3.4149 -4.7063
v 6.3016 3.6118 -4.2583
v 5.7021 4.1565 -2.4210
v 5.1406 4.8349 0.5038
v 5.5665 4.2206 -1.9733
v 6.0599 4.0120 -3.3179
v 5.8685 4.1154 -2.8589
v 5.4782 4.3604 -1.5132
v 0.5540 3.2770 -10.6814
v 1.6886 3.3264 -10.0929
v 2.0219 3.3374 -9.8088
v 2.1382 3.3297 -9.7202
v 2.2475 3.3203 -9.6518
v 2.3752 3.3171 -9.5810
v 2.5162 3.3185 -9.5083
v 2.6760 3.3367 -9.4518
v 2.9655 3.4034 -9.3605
v 2.4762 3.1939 -9.5870
v 2.2114 3.2671 -9.6914
v 1.0237 3.2305 -10.5569
v 2.0884 3.3053 -9.7495
v 2.7805 3.1483 -9.5197
v 3.1107 3.1527 -9.4184
v 2.6175 3.1665 -9.5537
v 0.9319 3.2254 -10.5881
v 2.1433 3.2876 -9.7133
v 2.2786 3.2469 -9.6657
v 2.6941 3.1547 -9.5357
v 2.9827 3.1459 -9.4576
v 2.3451 3.2284 -9.6386
v 0.5424 3.2174 -10.6607
v 1.6831 3.2913 -10.0763
v 2.0196 3.3079 -9.7980
v 2.4108 3.2104 -9.6113
v 2.5458 3.1803 -9.5721
v 0.4224 0.0632 -11.7221
v 1.6173 0.0395 -10.8811
v 1.3122 -0.0136 -11.1629
v 0.4775 1.1956 -10.5298
v 1.0012 1.0854 -10.3611
v 1.1989 1.0067 -10.3178
v 1.5631 0.8327 -10.2937
v 1.7784 0.5939 -10.3516
v 0.4292 -0.5976 -11.6898
v 1.2871 -0.4917 -10.9175
v 1.5678 -0.3641 -10.5568
v 2.1044 0.1980 -10.0360
v 3.2556 1.0684 -9.8613
v 2.9400 1.3673 -9.7680
v 2.6566 1.6411 -9.7584
v 2.4316 1.8729 -9.8469
v 2.3529 1.9539 -9.8963
v 1.3326 1.4875 -10.3422
v 1.1510 1.4912 -10.4258
v 0.5134 1.4719 -10.6064
v 3.4093 2.8421 -9.4142
v 4.3177 2.5929 -9.1189
v 5.6707 2.0496 -7.8743
v 6.1489 2.0199 -6.9322
v 6.2604 2.0515 -6.5626
v 6.6463 2.3955 -4.3032
v 6.6761 2.4718 -3.7538
v 0.3899 0.3549 -11.5113
v 1.3836 0.3288 -10.9723
v 1.1236 0.2893 -11.1370
v 0.3898 1.0215 -10.5393
v 0.8083 0.9841 -10.3874
v 0.9505 0.9351 -10.3570
v 1.2253 0.7698 -10.3921
v 1.4183 0.6304 -10.5283
v 0.3579 0.9633 -10.5557
v 0.7530 0.9521 -10.3879
v 0.8844 0.9110 -10.3562
v 1.1331 0.7438 -10.3725
v 1.2589 0.6372 -10.5333
v 0.3814 0.4202 -11.4275
v 1.2402 0.3946 -10.9264
v 1.0337 0.3742 -11.0773
v 0.4016 0.2752 -11.5953
v 1.4927 0.2339 -10.9751
v 1.2060 0.1954 -11.1754
v 0.4243 1.0761 -10.5304
v 0.8696 1.0142 -10.3832
v 1.0316 0.9573 -10.3603
v 1.3448 0.7761 -10.3762
v 1.5734 0.6273 -10.4973
v 0.3670 0.8173 -10.6450
v 0.6661 0.8399 -10.3780
v 0.7773 0.8155 -10.3487
v 0.9646 0.6595 -10.3103
v 1.0200 0.5560 -10.4315
v 0.3965 0.5338 -11.2168
v 0.9846 0.4381 -10.8065
v 0.8537 0.4208 -10.9241
v 0.4078 0.6559 -10.8478
v 0.4619 0.5666 -10.7431
v 0.6378 0.3868 -10.9742
v 1.8790 0.0154 -10.3908
v 0.9621 -0.3390 -11.4208
v 1.7409 0.3050 -10.6808
v 0.8738 0.1260 -11.4329
v 1.1710 0.5026 -10.7081
v 0.7152 0.4141 -11.1443
v 0.6123 0.3479 -10.9069
v 0.8163 10.4584 -4.4959
v 1.8082 -0.4422 -10.1324
v 1.5865 -1.8031 -9.6625
v 0.8776 -0.8672 -11.1734
v 0.6154 -2.0388 -10.4238
v 0.4906 -2.7594 -9.9384
v 4.3571 -3.3605 -8.4899
v 1.6218 -3.1687 -8.9338
v 4.2207 -3.3526 -8.5729
v 1.7575 -3.2182 -8.9257
v 1.5291 -3.1030 -8.9481
v 4.4858 -3.3580 -8.4108
v 1.2789 -2.6074 -9.2398
v 5.1884 -3.2729 -7.8622
v 1.3527 -2.3148 -9.4256
v 0.5009 -3.4362 -9.5937
v 5.7558 -3.3185 -7.2741
v 6.9187 -3.9200 -4.8905
v 7.1669 -4.1478 -4.3000
v 5.5383 3.7063 0.0021
v 8.1805 -3.5490 -0.6240
v 8.1548 -3.0892 -0.2888
v 7.8911 -2.1538 0.2795
v 7.0162 -0.3277 0.6000
v 6.7393 0.2139 0.5499
v 8.2242 -3.8200 -0.9851
v 8.0677 -2.6223 0.0134
v 7.6592 -1.6095 0.4883
v 7.3203 -0.8856 0.5948
v 6.4322 0.8150 0.4607
v 5.9293 2.2705 0.3045
v 1.2151 10.3560 -4.3294
v 7.4613 -4.1506 -3.6546
v 8.1813 -4.0450 -1.2909
v 8.2048 -3.6631 -0.7770
v 7.7160 -4.2125 -2.9641
v 8.1315 -4.2546 -1.5460
v 8.0753 -4.4761 -1.8134
v 7.9753 -4.6688 -2.1717
v 0.9600 -4.6507 -9.3274
v 1.4848 -5.4354 -9.3486
v 1.3173 -2.8399 -9.0772
v 4.8716 -3.3035 -8.1234
v 4.4167 -3.3603 -8.4539
v 1.5776 -3.1397 -8.9389
v 4.3064 -3.3600 -8.5203
v 1.6656 -3.1916 -8.9309
v 1.8368 -3.2335 -8.9261
v 4.1792 -3.3427 -8.5980
v 1.8013 -3.2270 -8.9254
v 4.2622 -3.3578 -8.5472
v 1.7119 -3.2074 -8.9277
v 4.6487 -3.3392 -8.2971
v 1.4235 -3.0003 -8.9874
v 0.9133 0.0156 -11.4592
v 1.8138 0.2275 -10.6066
v 0.9427 -0.5695 -11.3338
v 1.8588 -0.1476 -10.2819
v 1.5098 0.4536 -10.7634
v 0.7927 0.3067 -11.3189
v 0.7646 0.3924 -11.2429
v 1.3402 0.4892 -10.7460
v 0.8342 0.2231 -11.3855
v 1.6418 0.3811 -10.7362
v 1.0536 0.5035 -10.6723
v 0.6757 0.4172 -11.0525
v 0.4307 -0.0664 -11.7604
v 1.6424 -0.0506 -10.8158
v 1.3432 -0.1195 -11.1261
v 0.4855 1.2577 -10.5337
v 1.0643 1.1441 -10.3392
v 1.2652 1.0572 -10.2803
v 1.6320 0.8593 -10.2336
v 1.8572 0.5788 -10.2758
v 0.9402 -0.1040 -11.4632
v 1.8507 0.1545 -10.5276
v 0.2518 -2.2696 -10.4507
v 0.8199 -2.2234 -10.0117
v 1.1123 -2.1209 -9.7550
v 1.9730 -3.5869 -8.9719
v 1.9477 -2.8777 -9.0406
v 2.0132 -3.0291 -8.9791
v 2.0760 -3.4774 -8.9450
v 1.8817 -3.6621 -8.9905
v 1.9172 -2.7493 -9.0965
v 1.3635 -4.0415 -9.0292
v 1.9019 -2.1887 -9.3353
v 1.8511 -1.9963 -9.4547
v 0.3578 -4.2829 -9.4858
v 1.1210 -4.2614 -9.1900
v 1.9017 -2.4006 -9.2383
v 1.5856 -3.8710 -9.0121
v 1.9300 -3.6233 -8.9819
v 1.9308 -2.8160 -9.0674
v 2.0111 -3.5515 -8.9618
v 1.9667 -2.9343 -9.0164
v 2.0816 -3.1216 -8.9519
v 2.1037 -3.4330 -8.9387
v 2.0439 -3.0734 -8.9646
v 2.0452 -3.5159 -8.9526
v 1.9880 -2.9841 -8.9961
v 1.7589 -3.7523 -9.0025
v 1.9021 -2.5932 -9.1626
v 1.5047 -1.9768 -9.5893
v 0.5684 -2.2652 -10.2748
v 0.7676 -4.3162 -9.3614
v 3.7336 -1.5221 -9.3957
v 3.5679 -1.8619 -9.3112
v 3.4211 -2.1320 -9.2529
v 3.3008 -2.3574 -9.2101
v 3.9701 -0.8660 -9.5576
v 3.8987 0.6771 -9.8203
v 4.9651 -0.7402 -9.1738
v 3.3046 -5.0552 -9.0432
v 3.2989 -6.8654 -8.4783
v 3.0475 -3.8760 -9.1168
v 3.1234 -2.7180 -9.1284
v 3.0410 -2.9443 -9.0524
v 3.0242 -3.7235 -9.0516
v 3.0718 -3.9730 -9.1534
v 3.2029 -2.5502 -9.1721
v 3.1870 -4.4530 -9.1194
v 3.1458 -4.2420 -9.1635
v 3.0589 -3.9222 -9.1368
v 3.1613 -2.6372 -9.1512
v 3.0377 -3.8313 -9.0952
v 3.0905 -2.7945 -9.1042
v 3.0182 -3.5702 -9.0056
v 3.0190 -3.1095 -8.9998
v 3.0270 -3.0247 -9.0249
v 3.0207 -3.6520 -9.0286
v 3.0630 -2.8689 -9.0787
v 3.0297 -3.7830 -9.0738
v 3.1052 -4.0920 -9.1712
v 3.2858 -7.3113 -8.3359
v 3.2787 -7.7817 -8.2007
v 3.1786 -8.7457 -7.8786
v 1.9793 6.1574 -9.7813
v 3.1128 5.2778 -9.0156
v 0.8051 6.3966 -10.2394
v 1.7491 6.2380 -9.9104
v 3.1374 1.5308 -9.7469
v 3.7522 2.4413 -9.4214
v 3.8821 3.1202 -9.1635
v 3.8442 3.9742 -8.9677
v 3.7447 4.3517 -8.9055
v 3.8910 3.5456 -9.0546
v 3.8326 2.7544 -9.2925
v 0.3062 -1.5535 -11.0068
v 1.0093 -1.4795 -10.4034
v 1.3290 -1.3855 -10.0812
v 2.2386 -1.1924 -9.7334
v 3.6896 -0.9131 -9.6069
v 0.7150 -1.5572 -10.7398
v 1.7660 -1.2872 -9.8523
v 3.8710 -3.7591 -8.8861
v 4.0062 -2.8554 -8.7911
v 3.8007 -3.6173 -8.8528
v 3.8806 -3.0441 -8.7889
v 3.9352 -3.8603 -8.8924
v 4.1311 -2.7120 -8.7819
v 4.2948 -4.2481 -8.7069
v 4.8510 -2.0518 -8.7372
v 5.2154 -1.6323 -8.7393
v 4.7075 -4.6461 -8.3601
v 5.5568 -7.8374 -5.9531
v 5.3809 -6.0929 -6.8759
v 5.4975 -6.4731 -6.6224
v 5.5742 -6.8988 -6.3843
v 4.5391 -2.3429 -8.7360
v 4.1380 -4.0867 -8.8098
v 3.9010 -3.8092 -8.8924
v 4.0631 -2.7858 -8.7885
v 3.8443 -3.7111 -8.8758
v 3.9578 -2.9213 -8.7910
v 3.7681 -3.5047 -8.8341
v 3.8239 -3.1619 -8.7897
v 3.8500 -3.1030 -8.7887
v 3.7831 -3.5655 -8.8432
v 3.9164 -2.9835 -8.7900
v 3.8209 -3.6644 -8.8638
v 4.0219 -3.9654 -8.8681
v 4.3060 -2.5491 -8.7582
v 5.6893 1.6368 -8.0253
v 5.0527 5.6812 -6.0637
v 4.9478 5.8269 -5.7360
v 5.1515 3.6350 -7.9474
v 5.0702 2.6999 -8.4139
v 5.1954 4.0852 -7.6971
v 4.8571 5.9055 -5.4956
v 5.1070 3.1727 -8.1797
v 5.0297 2.2078 -8.6657
v 6.2202 1.6585 -6.9909
v 6.4386 -1.0447 -7.4522
v 5.3035 -4.3737 -7.7125
v 5.5139 -4.0754 -7.4485
v 6.3986 -2.4954 -6.7828
v 6.6710 -1.5071 -6.7710
v 4.3770 -5.1040 -8.5494
v 2.6553 -5.4799 -9.1852
v 0.6442 -5.7760 -9.3998
v 5.9497 -3.3598 -6.9969
v 1.6042 -5.7104 -9.3600
v 3.3457 -5.3656 -8.9922
v 4.8561 -4.8322 -8.1995
v 6.7119 -0.9701 -6.8028
v 1.0883 -1.0673 -10.5963
v 7.0242 0.7082 -4.0852
v 7.0588 0.8466 -3.4815
v 4.0548 -0.0957 -9.7147
v 0.3677 -1.1944 -11.2921
v 1.4009 -0.9429 -10.2333
v 2.2745 -0.6744 -9.8987
v 3.7712 -0.1978 -9.7848
v 0.7975 -1.1801 -10.9795
v 1.8123 -0.8310 -9.9955
v 5.0965 0.2880 -9.1178
v 5.7897 0.4182 -8.3329
v 6.4404 0.4728 -7.1837
v 6.6033 0.4852 -6.6809
v 0.7735 2.4119 -10.8785
v 0.7406 3.5574 -10.7698
v 0.7187 2.9581 -10.7810
v 0.7668 3.8065 -10.8281
v 0.6883 3.1533 -10.6406
v 0.7614 1.8621 -10.7118
v 0.7393 1.3746 -10.5253
v 0.7755 4.1000 -10.8193
v 0.7637 2.1315 -10.8025
v 0.7726 4.3652 -10.6789
v 0.8424 0.3774 -10.8397
v 0.4808 0.7469 -10.5482
v 0.7532 2.6951 -10.8656
v 0.7903 4.6465 -10.4752
v 0.9194 5.2671 -10.2932
v 1.4342 -0.2888 -10.9143
v 0.6215 1.1215 -10.4817
v 1.3759 0.1031 -11.1013
v 0.4632 0.9129 -10.5049
v 0.9970 0.4185 -10.9536
v 0.4607 0.6354 -10.5072
v 0.8018 0.3390 -10.8076
v 1.0526 5.8083 -10.2737
v 1.0971 7.3901 -8.1070
v 1.0889 7.5427 -7.3115
v 1.2338 6.9001 -9.8650
v 0.2965 -1.6981 -10.8874
v 0.7929 -2.7099 -9.6479
v 1.2914 -1.5456 -10.0206
v 2.1890 -1.3784 -9.6683
v 3.6245 -1.1333 -9.5452
v 0.9729 -1.9651 -10.0439
v 1.2684 -0.6982 -10.6318
v 0.7970 -3.3821 -9.3386
v 6.1863 -1.7726 -7.5907
v 5.1932 -3.8916 -7.8949
v 5.9423 -2.5406 -7.4101
v 4.9905 -4.1364 -8.1237
v 4.1334 -4.6652 -8.7551
v 1.5255 -4.4364 -9.1137
v 2.6201 -4.8105 -9.1243
v 0.7135 3.3699 -10.6827
v 0.6998 3.0567 -10.6931
v 0.7253 3.4600 -10.7246
v 0.7368 2.8323 -10.8366
v 0.7555 3.6733 -10.8102
v 0.7652 2.5558 -10.8799
v 0.7748 3.9511 -10.8351
v 0.7708 2.2694 -10.8478
v 0.7700 4.2317 -10.7563
v 0.7615 1.9972 -10.7573
v 0.7789 4.4990 -10.5812
v 0.7569 1.6037 -10.6115
v 0.8504 5.0307 -10.3128
v 0.7028 3.2847 -10.6535
v 0.6912 3.2183 -10.6386
v 1.4211 -0.0033 -11.0705
v 0.6632 1.1806 -10.4838
v 1.3783 -0.4560 -10.7910
v 0.7513 1.4819 -10.5624
v 0.5321 1.0270 -10.4856
v 1.2204 0.2968 -11.0846
v 1.1115 0.3753 -11.0296
v 0.4967 0.9767 -10.4958
v 1.3100 0.2016 -11.1086
v 0.5739 1.0723 -10.4803
v 0.4508 0.8317 -10.5253
v 0.9044 0.4246 -10.8873
v 5.5558 -3.2918 -7.5032
v 0.6834 -1.6980 -10.6499
v 1.7210 -1.4518 -9.7952
v 0.6894 1.2409 -10.4930
v 1.4446 -0.1053 -11.0276
v 0.9065 -2.1989 -9.9182
v 1.2106 -4.2005 -9.1310
v 3.8987 -1.1027 -9.5030
v 4.8629 -1.0343 -9.1811
v 3.2431 -4.8089 -9.0458
v 1.1595 6.3622 -10.1473
v 1.1049 -1.4485 -10.2913
v 0.9747 -1.6276 -10.3316
v 4.5573 -4.4807 -8.4975
v 5.5629 -1.0691 -8.6622
v 6.1509 -1.4340 -7.8234
v 1.1833 -1.0234 -10.4678
v 0.2816 2.3414 -10.9487
v 0.2792 4.0841 -10.9047
v 0.3197 3.5671 -10.8205
v 0.2970 2.9679 -10.8493
v 0.3172 2.6788 -10.9655
v 0.3215 3.8079 -10.8884
v 0.2751 3.1766 -10.6784
v 0.2634 1.7615 -10.7202
v 0.2473 1.3652 -10.5877
v 0.2694 4.6417 -10.5421
v 0.3317 5.2545 -10.3949
v 0.2724 2.0661 -10.8209
v 0.2688 4.3547 -10.7399
v 0.2000 -0.3289 -11.8060
v 0.2498 0.7473 -10.8580
v 0.2199 0.5979 -11.1661
v 0.2395 1.1134 -10.5548
v 0.1963 0.1871 -11.6962
v 0.1903 0.4898 -11.3875
v 0.2209 0.8779 -10.6692
v 0.3766 5.8621 -10.3794
v 0.3747 7.4209 -8.2857
v 0.3547 7.6034 -7.3835
v 0.4317 6.9234 -10.0161
v 0.3769 7.7410 -6.8369
v 0.1217 -3.4196 -9.7107
v 0.1998 -0.9017 -11.5603
v 0.1383 -2.0487 -10.6283
v 0.1186 -2.7368 -10.1055
v 0.2205 -4.6474 -9.4780
v 0.3028 -5.5185 -9.4251
v 0.3025 3.3714 -10.7412
v 0.2867 3.0692 -10.7494
v 0.3160 3.4722 -10.7820
v 0.3005 2.8272 -10.9270
v 0.3201 3.6855 -10.8604
v 0.3010 3.9485 -10.9188
v 0.3016 2.5044 -10.9859
v 0.2703 4.2217 -10.8233
v 0.2769 2.2091 -10.8904
v 0.2650 1.9144 -10.7671
v 0.2642 4.4986 -10.6423
v 0.2559 1.5507 -10.6486
v 0.2882 4.9808 -10.3861
v 0.2887 3.2739 -10.6977
v 0.2749 3.2130 -10.6726
v 0.1996 0.0748 -11.7579
v 0.2450 1.1858 -10.5596
v 0.1960 -0.5957 -11.7406
v 0.2514 1.4505 -10.6163
v 0.2301 0.9917 -10.5953
v 0.1898 0.3679 -11.5522
v 0.1872 0.4295 -11.4750
v 0.2212 0.9391 -10.6203
v 0.1932 0.2876 -11.6288
v 0.2338 1.0473 -10.5689
v 0.2356 0.8083 -10.7560
v 0.2036 0.5479 -11.2833
v 0.2430 0.6922 -10.9612
v 0.2455 1.2521 -10.5667
v 0.2020 -0.0546 -11.8015
v 0.1270 -2.2584 -10.4621
v 0.1890 -4.2590 -9.5159
v 0.4121 6.4060 -10.2777
v 0.1583 -1.5386 -11.0342
v 0.3261 -5.7845 -9.4009
v 0.1852 -1.1775 -11.3382
v 0.1523 -1.6914 -10.9093
v 0.5042 0.4519 -11.0396
v 1.9942 0.3014 -10.2176
v 1.7566 0.5053 -10.5066
v 0.5802 0.1573 -11.5945
v 1.1306 0.5787 -10.5724
v 0.5228 0.4629 -11.2689
v 0.5005 0.4184 -10.9595
v 0.5765 -0.9060 -11.4211
v 0.3982 -2.0528 -10.5665
v 0.3226 -2.7537 -10.0472
v 4.3588 -3.2555 -8.4711
v 1.7112 -3.0293 -8.9690
v 1.8148 -3.1435 -8.9406
v 1.5895 -2.2171 -9.3960
v 0.3273 -3.4249 -9.6669
v 7.1358 -3.3616 -4.5878
v 7.4915 -3.7842 -3.5495
v 0.8928 -5.4927 -9.4038
v 1.5324 -2.6233 -9.1446
v 1.6779 -2.9819 -8.9844
v 0.6006 0.0480 -11.6425
v 1.8317 0.4618 -10.4261
v 0.6117 -0.5938 -11.5972
v 1.4788 0.5739 -10.6082
v 0.5451 0.3401 -11.4538
v 0.5305 0.4094 -11.3677
v 1.0255 0.5245 -10.5119
v 0.5236 0.4934 -11.1530
v 0.6284 -0.3425 -11.6720
v 2.0727 -0.2960 -10.0173
v 1.8685 -1.7840 -9.5640
v 4.2243 -3.2921 -8.5646
v 1.6460 -2.9279 -9.0040
v 4.4903 -3.2140 -8.3864
v 1.5277 -2.4219 -9.2686
v 5.2890 -2.9453 -7.8226
v 5.9761 -2.9243 -7.1637
v 7.3303 -3.5736 -3.9932
v 0.6144 -4.6566 -9.4155
v 4.9008 -3.0601 -8.1048
v 4.4194 -3.2373 -8.4317
v 4.3079 -3.2706 -8.5056
v 1.7448 -3.0717 -8.9573
v 4.1345 -3.3218 -8.6234
v 1.8665 -3.1963 -8.9306
v 4.1859 -3.3018 -8.5909
v 1.8448 -3.1729 -8.9351
v 4.2639 -3.2826 -8.5365
v 1.7797 -3.1092 -8.9478
v 4.6615 -3.1476 -8.2746
v 1.5851 -2.7972 -9.0594
v 2.0278 0.0738 -10.1221
v 1.3017 0.5835 -10.6048
v 0.5637 0.2565 -11.5323
v 1.6341 0.5431 -10.5727
v 0.6191 -0.0786 -11.6746
v 1.8948 0.4247 -10.3505
v 0.3657 -2.2691 -10.4047
v 1.7589 -1.9572 -9.5037
v 0.5053 -4.2978 -9.4477
v 0.4551 -1.5634 -10.9378
v 2.0865 -1.2238 -9.7628
v 6.1847 -2.9400 -6.8595
v 0.9638 -5.7631 -9.3960
v 2.1269 -0.7262 -9.9204
v 0.5203 -1.2031 -11.2119
v 0.4378 -1.7028 -10.8289
v 2.0360 -1.4034 -9.6990
v 5.7456 -2.9253 -7.4089
v 1.0690 -1.6018 -10.2237
v 1.1024 -0.3391 -11.2861
v 1.6881 -0.4967 -10.2073
v 1.4425 -1.8333 -9.7212
v 4.1794 -3.4171 -8.6082
v 1.5146 -3.2082 -8.9306
v 4.4361 -3.5003 -8.4852
v 1.1571 -2.7446 -9.2233
v 5.0558 -3.5573 -8.0013
v 5.5526 -3.6616 -7.4617
v 6.8986 -4.6171 -4.7414
v 1.1349 -4.6386 -9.2746
v 4.7849 -3.5389 -8.2270
v 4.3728 -3.4846 -8.5194
v 4.2667 -3.4512 -8.5680
v 1.6709 -3.2563 -8.9232
v 4.0924 -3.3688 -8.6519
v 1.8441 -3.2572 -8.9248
v 4.1363 -3.3951 -8.6295
v 1.8093 -3.2600 -8.9230
v 4.2218 -3.4348 -8.5881
v 1.7191 -3.2607 -8.9222
v 4.5853 -3.5231 -8.3851
v 1.3851 -3.1335 -8.9575
v 1.7610 -0.2303 -10.3599
v 1.3220 0.4571 -10.8124
v 0.9720 0.2127 -11.3122
v 1.6129 0.3162 -10.8179
v 0.6949 0.3864 -10.9382
v 1.7972 -0.0825 -10.4727
v 1.7064 0.2304 -10.7714
v 1.0190 0.1092 -11.3421
v 1.1588 0.4756 -10.7640
v 0.7958 0.4068 -11.0885
v 0.6633 0.3464 -10.9002
v 0.9887 -0.8353 -11.0366
v 0.7059 -2.0255 -10.3351
v 0.5702 -2.7588 -9.8756
v 4.3166 -3.4678 -8.5460
v 1.6216 -3.2467 -8.9243
v 1.7656 -3.2615 -8.9220
v 1.2247 -2.3924 -9.4453
v 0.5739 -3.4393 -9.5371
v 6.6716 -4.4406 -5.2221
v 1.7992 -5.3667 -9.3302
v 1.2393 -2.9917 -9.0413
v 1.5709 -3.2309 -8.9263
v 1.0647 -0.0023 -11.3549
v 1.7663 0.1476 -10.6984
v 1.0738 -0.5518 -11.1911
v 1.4803 0.3985 -10.8334
v 0.9163 0.3034 -11.2567
v 0.8634 0.3849 -11.1829
v 1.0263 0.4796 -10.7124
v 0.7415 0.4121 -11.0057
v 1.0872 -0.1166 -11.3425
v 1.7983 0.0693 -10.6189
v 0.6548 -2.2553 -10.1926
v 1.3641 -2.0178 -9.6379
v 0.8937 -4.3154 -9.3069
v 0.8203 -1.5382 -10.6334
v 1.6092 -1.3190 -9.9159
v 5.7238 -3.7372 -7.2021
v 1.9323 -5.6531 -9.3121
v 0.9010 -1.1486 -10.8574
v 1.6628 -0.8720 -10.0563
v 1.5682 -1.4811 -9.8612
v 5.3782 -3.6082 -7.6801
v 0.7836 -1.6801 -10.5488
v 0.2237 -3.0430 -9.8971
v 0.9441 -2.8535 -9.3628
v 1.6564 -2.2607 -9.3456
v 2.0346 -1.9779 -9.4216
v 3.4113 -1.7039 -9.3850
v 4.4651 -1.7485 -9.1013
v 0.6959 -3.0337 -9.5823
v 5.4981 -2.1245 -8.1800
v 5.6374 -2.2308 -7.9565
v 6.3445 -2.0692 -7.1552
v 7.3650 -2.0545 -4.1997
v 7.4057 -2.0912 -3.5581
v 7.3925 -2.0822 -2.9338
v 1.3071 -2.4660 -9.3361
v 0.4750 -3.0522 -9.7695
v 1.8900 -2.0864 -9.3946
v 3.6483 -1.6999 -9.3504
v 5.0317 -1.8592 -8.7419
v 6.5647 -2.0157 -6.7570
v 0.7684 -3.0043 -9.5032
v 6.1075 -2.1519 -7.4681
v 0.1165 -3.0334 -9.9073
v 1.5497 -2.3215 -9.3367
v 0.3152 -3.0453 -9.8590
v 1.1804 -2.5756 -9.3370
v 0.5493 -3.0528 -9.7140
v 0.2361 -2.4973 -10.2726
v 1.0394 -2.3497 -9.6378
v 1.8338 -3.5011 -8.9461
v 1.8607 -2.9228 -9.0148
v 1.9485 -3.4130 -8.9295
v 1.7273 -3.5553 -8.9559
v 1.0890 -3.6827 -9.0615
v 1.7347 -2.1189 -9.4147
v 0.8554 -3.8298 -9.2748
v 1.3696 -3.6535 -8.9833
v 1.7844 -3.5284 -8.9517
v 1.8769 -3.4732 -8.9398
v 1.5825 -3.6072 -8.9634
v 1.4215 -2.1489 -9.5104
v 0.5934 -3.8594 -9.4469
v 0.7583 -2.4756 -9.8690
v 1.9323 -3.0654 -8.9629
v 1.8184 -2.8010 -9.0664
v 1.7737 -2.2703 -9.3103
v 0.2789 -3.8277 -9.5641
v 1.7744 -2.4697 -9.2085
v 1.8388 -2.8644 -9.0391
v 1.8834 -2.9756 -8.9943
v 2.0047 -3.3403 -8.9249
v 1.9876 -3.1517 -8.9398
v 1.9791 -3.3789 -8.9266
v 1.9598 -3.1080 -8.9504
v 1.9146 -3.4440 -8.9341
v 1.9068 -3.0220 -8.9774
v 1.7876 -2.6543 -9.1303
v 0.5198 -2.5053 -10.1097
v 0.8399 -2.4499 -9.7827
v 0.9311 -3.7871 -9.2072
v 0.1218 -2.4864 -10.2881
v 0.1483 -3.8175 -9.5901
v 1.6608 -2.1001 -9.4489
v 0.3401 -2.5022 -10.2321
v 0.3947 -3.8388 -9.5310
v 0.6043 -2.5027 -10.0366
v 1.2884 -2.2073 -9.5462
v 0.6865 -3.8621 -9.3960
v 1.7651 -2.1824 -9.3670
v 4.6518 6.1152 -6.3604
v 0.4267 -0.7109 -11.6369
v 1.5365 -0.4344 -10.5003
v 2.1470 0.0560 -10.0246
v 4.6645 3.4139 -8.5708
v 1.2507 -0.5768 -10.8659
v 3.4036 0.9029 -9.8894
v 4.5567 2.4860 -8.9999
v 0.9254 -0.6742 -11.2824
v 1.8393 -0.2370 -10.2355
v 3.6451 1.0830 -9.8344
v 4.4435 2.1077 -9.2300
v 4.5470 6.2345 -5.9972
v 4.6958 3.9234 -8.3640
v 4.6215 2.9284 -8.7783
v 4.7209 4.4483 -8.1198
v 1.3429 -0.5350 -10.7343
v 0.1965 -0.7087 -11.6871
v 2.0331 -0.0513 -10.0799
v 0.6005 -0.7029 -11.5454
v 1.7363 -0.3103 -10.3107
v 1.0491 -0.6495 -11.1389
v 1.3186 -0.4039 -10.9674
v 3.3141 1.3941 -9.7857
v 3.9803 2.3553 -9.3726
v 4.1357 3.0648 -9.0589
v 4.1570 3.5299 -8.9209
v 0.4320 -0.4712 -11.7354
v 1.5983 -0.2905 -10.6200
v 2.0437 0.3442 -10.0520
v 3.0978 1.2220 -9.8141
v 0.9542 -0.4572 -11.3811
v 1.8721 -0.0640 -10.3320
v 2.0716 6.4298 -9.6317
v 3.2927 5.5185 -8.8346
v 0.8328 6.6716 -10.1333
v 1.8293 6.5156 -9.7768
v 4.1334 4.0122 -8.8049
v 4.0453 4.4745 -8.7076
v 4.0724 2.6822 -9.2153
v 1.4094 -0.3746 -10.8523
v 1.2082 6.6427 -10.0408
v 0.1983 -0.4671 -11.7838
v 0.4247 6.6723 -10.1730
v 2.0147 0.1949 -10.1649
v 0.6209 -0.4712 -11.6404
v 1.7820 -0.1558 -10.4111
v 1.0909 -0.4498 -11.2406
v 1.8648 0.7585 -10.0693
v 1.5997 0.7170 -10.3792
v 1.0990 0.6513 -10.4170
v 0.9736 0.5546 -10.3278
v 1.8646 5.8880 -9.8828
v 2.9394 5.0648 -9.1664
v 0.7728 6.1225 -10.3150
v 1.6534 5.9645 -10.0017
v 3.5776 3.9249 -9.0757
v 3.4743 4.2540 -9.0294
v 1.6909 0.7252 -10.3058
v 2.7914 1.5088 -9.7455
v 3.6104 2.8068 -9.3581
v 1.3378 0.6966 -10.4580
v 1.2056 0.6836 -10.4547
v 1.4778 0.7006 -10.4307
v 1.0220 0.6047 -10.3676
v 1.7685 0.7355 -10.2356
v 2.9700 1.6607 -9.7230
v 3.5372 2.5080 -9.4650
v 3.6479 3.1522 -9.2474
v 3.6404 3.5399 -9.1514
v 1.1082 6.0858 -10.2243
v 0.3953 6.1360 -10.3425
v 0.4144 0.6151 -10.9498
v 0.8111 0.6826 -10.2876
v 1.5521 1.1012 -10.1283
v 1.2930 0.8827 -10.3237
v 0.9414 0.8096 -10.3369
v 2.6765 1.8966 -9.7653
v 3.1626 2.6085 -9.5511
v 2.6393 4.7106 -9.4025
v 3.0700 4.0643 -9.1867
v 3.1676 3.7886 -9.2040
v 0.4515 0.4959 -10.8335
v 0.7563 0.5724 -10.2540
v 0.6926 5.5620 -10.3574
v 1.4512 5.4514 -10.1109
v 1.6411 5.3947 -10.0290
v 3.2384 3.4740 -9.2697
v 3.2623 3.1597 -9.3702
v 1.3943 0.9234 -10.2973
v 2.5360 1.7641 -9.7956
v 3.2318 2.8673 -9.4656
v 1.0949 0.8532 -10.3456
v 1.0136 0.8392 -10.3408
v 1.1888 0.8693 -10.3494
v 0.8746 0.7553 -10.3201
v 1.4526 0.9526 -10.2444
v 0.9879 5.5323 -10.2829
v 0.2324 0.6468 -11.0602
v 0.3563 5.5736 -10.3975
v 0.5301 1.6934 -10.6917
v 1.2802 1.8120 -10.4925
v 2.3144 2.2541 -9.9718
v 2.7632 2.7584 -9.6841
v 2.6955 3.8088 -9.3669
v 1.2238 4.7996 -10.2832
v 1.1263 1.7854 -10.5549
v 2.8381 2.9401 -9.5952
v 2.7887 3.6059 -9.3499
v 0.5629 4.8160 -10.4120
v 1.3947 4.7730 -10.2253
v 2.2986 4.2849 -9.6721
v 2.8580 3.3756 -9.3969
v 2.8742 3.1445 -9.4918
v 0.8111 4.8220 -10.3789
v 0.7613 1.7311 -10.6617
v 0.2592 1.6545 -10.6839
v 0.2731 4.7964 -10.4531
v 3.6366 6.2772 -8.0506
v 2.1602 7.0844 -8.8932
v 0.8369 7.2996 -9.4455
v 1.8940 7.1751 -9.0428
v 4.5715 5.5382 -7.6068
v 5.7329 4.1457 -6.5490
v 6.1185 3.2717 -6.0563
v 6.3362 2.5613 -5.8300
v 6.5280 1.7687 -5.6984
v 5.5486 -4.6883 -7.1223
v 5.8026 -4.3360 -6.8225
v 6.2301 2.9307 -5.9317
v 6.4353 2.1700 -5.7525
v 6.3229 -3.4991 -6.2992
v 5.2272 4.8756 -7.1030
v 6.7784 -2.5171 -5.9422
v 7.0076 -1.4377 -5.7479
v 4.5484 -5.6227 -8.1431
v 2.6863 -6.1729 -9.0325
v 0.6998 -6.3258 -9.2740
v 1.7093 -6.2799 -9.2496
v 3.3497 -6.0729 -8.7812
v 5.0480 -5.2403 -7.6983
v 7.0169 -0.9018 -5.6938
v 6.8057 0.5343 -5.6464
v 1.2242 7.2780 -9.3317
v 0.4257 7.3050 -9.5158
v 0.3565 -6.3277 -9.2714
v 6.5672 -3.0255 -6.0993
v 1.0408 -6.3199 -9.2775
v 6.0626 -3.9373 -6.5432
v 2.0346 -6.2449 -9.2030
v 6.9287 -1.9827 -5.8271
v 4.8076 5.3187 -7.4523
v 1.0953 -3.3501 -9.0389
v 1.7730 -4.1184 -9.0581
v 2.6719 -4.3359 -9.1530
v 3.8829 -4.2542 -8.9526
v 4.5632 -3.9568 -8.4931
v 4.7543 -3.7768 -8.3030
v 5.1085 -2.7321 -8.0820
v 5.0509 -2.5284 -8.2552
v 4.2175 -2.0733 -9.0434
v 3.2809 -2.0029 -9.3132
v 2.0391 -2.2276 -9.3022
v 1.6455 -2.4414 -9.2237
v 1.3584 -3.4377 -8.9556
v 1.9127 -3.9382 -9.0555
v 2.6732 -4.1401 -9.1698
v 3.7757 -4.1013 -9.0041
v 4.3944 -3.8552 -8.6080
v 4.5527 -3.7111 -8.4574
v 4.7542 -2.9089 -8.2625
v 4.7038 -2.7448 -8.3741
v 4.0111 -2.3186 -9.0168
v 3.1697 -2.2480 -9.2597
v 2.0280 -2.4438 -9.2257
v 1.6629 -2.6365 -9.1342
v 1.5417 -3.4465 -8.9360
v 2.0194 -3.8078 -9.0436
v 2.6753 -3.9926 -9.1580
v 3.6961 -3.9798 -9.0212
v 4.2651 -3.7692 -8.6813
v 4.4033 -3.6541 -8.5584
v 4.5404 -3.0256 -8.3746
v 4.4836 -2.8888 -8.4611
v 3.8467 -2.5110 -9.0065
v 3.0777 -2.4563 -9.2154
v 2.0242 -2.6261 -9.1573
v 1.7029 -2.7937 -9.0633
v 5.0180 -3.2861 -8.0016
v 1.2754 -2.7286 -9.1469
v 4.5624 -3.3514 -8.3595
v 4.7499 -3.3223 -8.2203
v 1.4773 -3.0570 -8.9632
v 1.3695 -2.9294 -9.0241
v 1.8256 -3.7046 -8.9972
v 1.9043 -2.2947 -9.2789
v 1.4766 -3.9497 -9.0180
v 1.6799 -3.8068 -9.0073
v 1.9005 -2.5010 -9.1991
v 1.9073 -2.6762 -9.1281
v 3.4922 -2.0041 -9.2789
v 3.3580 -2.2501 -9.2301
v 3.1665 -4.3366 -9.1466
v 3.0872 -4.0294 -9.1651
v 3.1252 -4.1623 -9.1710
v 3.2487 -2.4580 -9.1913
v 4.6842 -2.2120 -8.7328
v 4.4141 -2.4543 -8.7456
v 4.2119 -2.6334 -8.7714
v 4.2101 -4.1607 -8.7654
v 4.0755 -4.0229 -8.8436
v 3.9753 -3.9120 -8.8844
v 4.5705 -3.1837 -8.3347
v 4.7689 -3.1059 -8.2012
v 1.5191 -2.5200 -9.1972
v 1.5564 -2.7163 -9.0983
v 1.6152 -2.8673 -9.0284
v 5.0714 -3.0067 -7.9834
v 4.5067 -3.5131 -8.4411
v 4.6764 -3.5312 -8.3146
v 1.4529 -3.1766 -8.9395
v 4.9136 -3.5483 -8.1201
v 1.3129 -3.0736 -8.9898
v 1.1710 -2.8796 -9.1160
v 1.6610 -3.5816 -8.9594
v 1.7792 -2.5672 -9.1675
v 1.8006 -2.7315 -9.0969
v 1.2253 -3.6724 -9.0050
v 1.4873 -3.6314 -8.9703
v 1.7739 -2.3667 -9.2519
v 1.9314 2.7560 -10.2722
v 1.8254 3.8168 -10.1253
v 1.6658 3.0908 -10.2785
v 1.8127 2.9486 -10.3040
v 1.5533 3.2201 -10.2185
v 2.1119 2.3045 -10.1101
v 2.2989 1.7705 -9.8858
v 1.6156 3.4891 -10.2591
v 1.7138 3.6394 -10.2223
v 2.0971 4.2454 -9.8497
v 2.3872 4.6725 -9.5947
v 2.0214 2.5427 -10.2035
v 1.9519 4.0155 -9.9997
v 2.4904 1.5124 -9.7815
v 2.6407 5.0189 -9.3836
v 3.2655 5.9527 -8.7136
v 3.3630 0.3691 -9.9316
v 3.2262 -1.5506 -9.4549
v 2.4863 -3.7872 -9.0761
v 2.8141 -2.7208 -9.1527
v 2.7597 -2.9476 -9.0645
v 2.5296 -3.6403 -9.0193
v 2.4569 -3.8902 -9.1147
v 2.8694 -2.5511 -9.2058
v 2.3623 -4.4238 -9.1218
v 3.1193 -1.8687 -9.3701
v 2.1123 -4.8793 -9.1876
v 0.5435 -5.2358 -9.4163
v 3.0226 -2.1343 -9.3056
v 2.4029 -4.1916 -9.1418
v 2.4715 -3.8361 -9.0963
v 2.8396 -2.6391 -9.1801
v 2.5007 -3.7407 -9.0559
v 2.7924 -2.7976 -9.1240
v 2.5603 -3.5084 -8.9860
v 2.7485 -3.0237 -9.0351
v 2.5449 -3.5792 -9.0022
v 2.7745 -2.8729 -9.0945
v 2.5149 -3.6932 -9.0371
v 2.4296 -4.0207 -9.1392
v 2.9405 -2.3583 -9.2538
v 1.5585 3.3621 -10.2463
v 1.6018 3.1575 -10.2501
v 1.5813 3.4225 -10.2582
v 1.7375 3.0217 -10.2953
v 1.6624 3.5605 -10.2500
v 1.8787 2.8584 -10.2968
v 1.7686 3.7244 -10.1797
v 1.9771 2.6517 -10.2405
v 1.8856 3.9135 -10.0652
v 2.0669 2.4283 -10.1611
v 2.0213 4.1253 -9.9272
v 2.2081 2.0275 -9.9934
v 2.2795 4.5195 -9.6861
v 1.5443 3.3102 -10.2275
v 1.5362 3.2695 -10.2122
v 3.0140 0.9102 -9.8737
v 2.7358 1.2207 -9.7703
v 2.2351 1.8907 -9.9433
v 1.3260 -5.1651 -9.3419
v 2.9506 5.4472 -9.1069
v 3.4104 -0.9634 -9.6406
v 3.4852 -0.2942 -9.8310
v 2.2526 -4.7194 -9.1307
v 3.3499 -1.1709 -9.5752
v 0.2780 -5.2470 -9.4296
v 0.8046 -5.2222 -9.3964
v 1.5940 -5.1082 -9.2993
v 3.1714 -1.7167 -9.4090
v 3.1476 0.7437 -9.9119
v 3.1170 5.6940 -8.9290
v 2.8739 1.0675 -9.8180
v 2.7898 5.2222 -9.2563
v 2.6069 1.3706 -9.7593
v 2.5078 4.8365 -9.4961
v 2.3856 1.6459 -9.8261
v 2.1831 4.3767 -9.7693
v 2.1617 2.1704 -10.0558
v 3.4220 6.4129 -8.1579
v 2.4167 -4.1000 -9.1435
v 2.4428 -3.9512 -9.1293
v 3.0694 -2.0079 -9.3356
v 2.9799 -2.2511 -9.2786
v 2.9031 -2.4588 -9.2298
v 2.3861 -4.2989 -9.1337
v 7.2027 -0.1858 -4.0577
v 7.2311 -0.0735 -3.5149
v 0.3224 -1.4202 -11.1139
v 1.3591 -1.2277 -10.1363
v 2.2687 -1.0165 -9.7955
v 3.7383 -0.6824 -9.6685
v 0.7443 -1.4282 -10.8209
v 1.7954 -1.1269 -9.9047
v 6.4995 -0.4495 -7.3475
v 6.7158 -0.4423 -6.7712
v 1.0410 -1.3363 -10.4705
v 4.0228 -0.6199 -9.6106
v 5.0382 -0.4234 -9.1594
v 5.7695 -0.3610 -8.4980
v 1.1347 -1.2993 -10.3526
v 0.1666 -1.3996 -11.1514
v 2.1150 -1.0514 -9.8188
v 0.4741 -1.4383 -11.0350
v 1.6395 -1.1612 -9.9666
v 0.8496 -1.4037 -10.7095
v 6.9734 -0.3893 -5.6608
v 3.4548 -0.7460 -9.7077
v 3.6344 6.4745 -7.7387
v 2.1079 7.1752 -8.5466
v 0.8493 7.1445 -9.7393
v 1.9128 7.0174 -9.3502
v 4.5089 5.1481 -7.9711
v 5.7332 3.8492 -6.8409
v 6.0825 3.0993 -6.3717
v 6.2651 2.4659 -6.2129
v 6.4416 1.7199 -6.1450
v 5.6933 -4.8866 -6.7767
v 5.9721 -4.5056 -6.4506
v 6.1762 2.7999 -6.2780
v 6.3534 2.1020 -6.1687
v 6.5137 -3.6072 -5.8780
v 5.2247 4.5029 -7.4143
v 6.5956 -2.4968 -6.3827
v 6.8529 -1.4642 -6.2641
v 4.4652 -5.3556 -8.3627
v 2.6960 -5.8312 -9.1243
v 0.6779 -6.0448 -9.3504
v 1.6745 -5.9924 -9.3228
v 3.3574 -5.7124 -8.9030
v 4.9623 -5.0250 -7.9671
v 6.8846 -0.9356 -6.2362
v 6.8874 0.5737 -5.1301
v 1.2448 7.1318 -9.6384
v 0.4329 7.1462 -9.8016
v 0.3642 -6.6323 -9.1707
v 6.7510 -3.1010 -5.6492
v 1.0545 -6.6209 -9.1697
v 6.2497 -4.0767 -6.1470
v 2.0345 -6.5337 -9.0983
v 7.0915 -1.9919 -5.3241
v 4.7958 5.6563 -7.0934
v 3.5770 6.0413 -8.3466
v 2.1815 6.9301 -9.2002
v 0.8095 7.3640 -9.0838
v 1.8367 7.2454 -8.6825
v 4.5700 5.8605 -7.2446
v 5.7065 4.4150 -6.2315
v 6.1410 3.4534 -5.7046
v 6.3995 2.6724 -5.4156
v 6.6107 1.8220 -5.2309
v 5.4294 -4.5199 -7.4414
v 5.6568 -4.1939 -7.1593
v 6.2754 3.0778 -5.5496
v 6.5110 2.2479 -5.3074
v 6.1374 -3.4188 -6.6733
v 5.1998 5.2000 -6.7663
v 6.9500 -2.5592 -5.4639
v 7.1499 -1.4199 -5.2259
v 2.6339 -6.5235 -8.9251
v 0.7123 -6.6308 -9.1760
v 1.7214 -6.5720 -9.1375
v 3.3263 -6.4538 -8.6338
v 5.1414 -5.4831 -7.4172
v 7.1338 -0.8657 -5.1609
v 6.7161 0.5058 -6.1646
v 1.1883 7.3489 -8.9675
v 0.4093 7.3633 -9.1553
v 0.3439 -6.0491 -9.3457
v 6.3823 -2.9749 -6.4989
v 1.0130 -6.0373 -9.3580
v 5.8899 -3.8266 -6.8967
v 2.0086 -5.9489 -9.2817
v 6.7571 -1.9898 -6.3075
v 4.7758 4.9182 -7.7980
v 3.4139 6.5847 -7.8464
v 3.3722 6.1985 -8.4520
v 6.8619 -0.4236 -6.2084
v 7.0687 -0.3452 -5.1271
v 5.9315 2.9312 -6.9424
v 5.9668 2.3600 -7.1746
v 4.1908 -2.9729 -8.6328
v 4.3236 -2.8491 -8.5929
v 5.1506 -2.2094 -8.4134
v 5.5641 -1.7924 -8.3524
v 5.9489 4.2156 -5.1540
v 5.8840 4.4285 -4.8036
v 4.7725 -2.5158 -8.4703
v 4.2521 -2.9136 -8.6145
v 4.1373 -3.0263 -8.6493
v 3.9885 -3.2104 -8.7038
v 4.5086 -2.7034 -8.5373
v 5.9369 2.6707 -7.0720
v 6.0115 2.0109 -7.2735
v 4.0517 -3.1196 -8.6780
v 4.0174 -3.1645 -8.6913
v 4.0912 -3.0747 -8.6643
v 5.9514 3.1549 -6.7525
v 6.0653 1.6414 -7.3707
v 6.1669 -0.8596 -7.9627
v 6.2230 0.4563 -7.6455
v 5.9847 -1.2404 -8.1410
v 5.3553 -2.0038 -8.3929
v 5.9985 3.5857 -6.2042
v 4.9505 -2.3841 -8.4374
v 4.4082 -2.7797 -8.5669
v 4.6277 -2.6177 -8.5045
v 6.2345 -0.3971 -7.8569
v 5.9803 3.3689 -6.5023
v 6.0022 3.7997 -5.8730
v 5.3128 5.3317 -5.3803
v 5.5263 3.3366 -7.5340
v 5.4798 2.5215 -7.9523
v 5.5605 3.7182 -7.2962
v 5.4879 1.6468 -8.3154
v 3.7830 -3.0167 -8.8414
v 5.1901 5.4649 -5.0143
v 3.7568 -3.0824 -8.8348
v 3.8154 -2.9508 -8.8486
v 5.4496 -0.7142 -8.8198
v 3.9020 -2.8149 -8.8607
v 4.0221 -2.6656 -8.8630
v 4.6828 -1.9995 -8.8652
v 5.0114 -1.5890 -8.8992
v 4.4017 -2.2856 -8.8476
v 3.9576 -2.7420 -8.8634
v 3.8550 -2.8841 -8.8554
v 3.7377 -3.1481 -8.8288
v 4.1852 -2.4967 -8.8544
v 5.4118 5.1602 -5.7271
v 5.4963 2.9379 -7.7486
v 5.4779 2.0875 -8.1463
v 5.5671 0.3921 -8.6216
v 5.3307 -1.0342 -8.8714
v 4.8446 -1.8110 -8.8833
v 5.5801 4.3990 -6.7338
v 4.5345 -2.1558 -8.8540
v 4.0972 -2.5846 -8.8599
v 4.2865 -2.3985 -8.8489
v 5.5258 -0.3657 -8.7551
v 5.5494 4.6915 -6.4126
v 5.5833 4.0731 -7.0293
v 7.2306 -0.0360 -2.9976
v 7.2684 -0.2492 -2.6622
v 1.1111 -0.9487 -10.6572
v 7.1515 0.3865 -2.9298
v 4.0344 0.1726 -9.7581
v 5.0822 0.6831 -9.0865
v 5.7540 0.8177 -8.2469
v 1.0670 -1.1976 -10.5342
v 6.9408 1.0899 -4.1350
v 6.9805 1.1548 -3.6591
v 4.0498 -0.3624 -9.6638
v 0.3874 -1.0925 -11.3692
v 1.4200 -0.8156 -10.2858
v 2.2573 -0.5109 -9.9376
v 3.7543 0.0481 -9.8324
v 0.8236 -1.0661 -11.0503
v 1.8083 -0.6927 -10.0371
v 5.0821 -0.0805 -9.1400
v 5.8004 0.0239 -8.4128
v 6.3725 0.8830 -7.1152
v 6.5192 0.9030 -6.6400
v 1.2030 -0.9016 -10.5265
v 0.1926 -1.0801 -11.4213
v 2.1138 -0.5727 -9.9582
v 2.1281 -0.8866 -9.8728
v 0.5422 -1.0972 -11.2869
v 1.6682 -0.7387 -10.1056
v 0.9291 -1.0333 -10.9246
v 6.7109 0.9558 -5.6513
v 3.4791 -0.5220 -9.7722
v 3.4718 -0.0656 -9.8801
v 7.1116 0.2812 -4.0674
v 7.1510 0.3724 -3.5361
v 0.3463 -1.2982 -11.2114
v 1.3834 -1.0801 -10.1844
v 2.2788 -0.8444 -9.8495
v 3.7646 -0.4426 -9.7285
v 0.7725 -1.3003 -10.9010
v 1.8127 -0.9752 -9.9545
v 6.4878 0.0357 -7.2587
v 6.6736 0.0407 -6.7253
v 1.1608 -1.1574 -10.4094
v 0.1770 -1.2789 -11.2532
v 0.4989 -1.3138 -11.1293
v 1.6576 -1.0132 -10.0119
v 0.8775 -1.2728 -10.7845
v 6.8952 0.0892 -5.6487
v 6.7995 0.0583 -6.1842
v 6.7968 0.9932 -5.1495
v 6.9811 0.1319 -5.1230
v 6.6231 0.9258 -6.1497
v 6.1769 0.8588 -7.5557
v 6.2506 0.0390 -7.7433
v 5.5436 0.7957 -8.5441
v 5.5658 0.0039 -8.6892
v 6.9876 1.2084 -3.2209
v 1.1419 -0.8431 -10.7123
v 3.9833 0.4329 -9.7952
v 5.0380 1.1126 -9.0411
v 5.7195 1.2213 -8.1471
v 2.0937 -0.4285 -9.9893
v 0.5617 -1.0005 -11.3549
v 0.9585 -0.9297 -10.9830
v 6.6194 1.3637 -5.6663
v 6.7052 1.4041 -5.1807
v 6.5306 1.3282 -6.1407
v 5.5132 1.2111 -8.4447
v 6.8599 1.4551 -4.1670
v 6.9122 1.4352 -3.7646
v 0.4026 -0.9978 -11.4413
v 1.4420 -0.6973 -10.3390
v 2.2325 -0.3569 -9.9676
v 3.7100 0.2877 -9.8690
v 0.8506 -0.9622 -11.1159
v 1.8040 -0.5632 -10.0811
v 6.2976 1.2769 -7.0522
v 6.4310 1.3001 -6.6050
v 1.2337 -0.7926 -10.5807
v 0.1980 -0.9928 -11.4923
v 1.6772 -0.6118 -10.1553
v 3.4329 0.1575 -9.9158
v 6.1219 1.2533 -7.4633
v 1.7993 2.7016 -10.3753
v 1.5354 3.0638 -10.3817
v 1.4200 3.1907 -10.3304
v 1.9634 2.2265 -10.2003
v 2.1502 1.6738 -9.9295
v 1.8864 2.4739 -10.3018
v 2.3259 1.3948 -9.8057
v 2.4978 5.1549 -9.4817
v 3.0586 6.9047 -7.3068
v 3.0823 6.1064 -8.8205
v 3.0959 0.2431 -9.9496
v 2.9833 -1.5752 -9.4701
v 1.4705 3.1321 -10.3568
v 1.4530 3.4342 -10.3753
v 1.9247 2.3549 -10.2538
v 2.0439 1.9490 -10.0710
v 1.4060 3.3064 -10.3461
v 1.3995 3.2524 -10.3281
v 2.7834 0.7691 -9.8644
v 2.5433 1.0888 -9.7721
v 2.7952 5.6045 -9.2098
v 3.1433 -1.0124 -9.6620
v 3.2096 -0.3794 -9.8577
v 2.9502 5.8545 -9.0343
v 2.6628 0.9296 -9.8102
v 2.4298 1.2455 -9.7713
v 2.2310 1.5372 -9.8611
v 2.0581 4.4675 -9.8634
v 2.0040 2.0901 -10.1407
v 3.2134 6.5370 -8.2698
v 2.8631 -2.0219 -9.3471
v 2.7962 -2.2617 -9.2869
v 2.7330 -2.4677 -9.2343
v 1.7255 3.8647 -10.2322
v 1.6834 2.9144 -10.4150
v 1.4994 3.5074 -10.3709
v 1.6148 3.6729 -10.3303
v 1.9789 4.3269 -9.9470
v 2.2509 4.7824 -9.6871
v 1.8448 4.0787 -10.1037
v 2.6634 -2.7266 -9.1520
v 2.6210 -2.9501 -9.0607
v 2.7063 -2.5592 -9.2085
v 2.8998 -1.8849 -9.3825
v 2.8285 -2.1466 -9.3157
v 2.6832 -2.6461 -9.1810
v 2.6468 -2.8030 -9.1222
v 2.6022 -3.0962 -9.0048
v 2.6106 -3.0216 -9.0313
v 2.6329 -2.8780 -9.0914
v 2.7636 -2.3687 -9.2601
v 1.4226 3.3673 -10.3646
v 1.6080 2.9931 -10.4019
v 1.5545 3.5870 -10.3548
v 1.7472 2.8125 -10.4030
v 1.6686 3.7663 -10.2854
v 1.8449 2.5895 -10.3418
v 1.7828 3.9689 -10.1704
v 1.9102 4.1985 -10.0291
v 2.1491 4.6193 -9.7786
v 2.0873 1.8089 -10.0016
v 3.0900 -1.2115 -9.5936
v 2.9390 -1.7377 -9.4224
v 2.8991 0.6040 -9.9119
v 2.6401 5.3701 -9.3556
v 2.3635 4.9585 -9.5891
v 3.1833 -0.8046 -9.7330
v 3.1755 6.3407 -8.5644
v 3.2036 6.6946 -7.9559
v 3.1966 -0.1654 -9.9065
v 3.2048 -0.5942 -9.7983
v 3.1592 0.0442 -9.9345
v 0.8050 -0.3400 -11.5533
v 1.9353 -0.3765 -10.0668
v 1.7282 -1.7848 -9.6124
v 1.5774 -3.0082 -8.9743
v 1.4026 -2.5039 -9.2545
v 0.7878 -4.6554 -9.3750
v 1.6946 -3.1301 -8.9415
v 1.8466 -3.2148 -8.9284
v 1.8155 -3.2000 -8.9295
v 1.7340 -3.1582 -8.9359
v 1.4948 -2.8892 -9.0224
v 1.9593 -0.0462 -10.2072
v 1.3326 0.5274 -10.6757
v 0.7022 0.2410 -11.4640
v 1.6570 0.4629 -10.6561
v 1.9271 -1.2547 -9.7983
v 0.5677 -1.7040 -10.7449
v 0.5757 0.4139 -11.0068
v 1.9465 0.1424 -10.3064
v 1.7664 0.3996 -10.5941
v 0.7278 0.1429 -11.5191
v 1.1456 0.5359 -10.6411
v 0.6289 0.4385 -11.2063
v 0.5486 0.3796 -10.9288
v 0.7396 -0.8914 -11.3068
v 0.5121 -2.0481 -10.5027
v 0.4148 -2.7603 -10.0009
v 1.6552 -3.0955 -8.9492
v 1.7756 -3.1814 -8.9319
v 1.4780 -2.2570 -9.4086
v 0.4166 -3.4304 -9.6338
v 1.1876 -5.4721 -9.3848
v 1.4189 -2.7203 -9.1113
v 1.6164 -3.0546 -8.9598
v 0.7623 0.0356 -11.5589
v 1.8407 0.3347 -10.5132
v 0.7876 -0.5821 -11.4779
v 1.5152 0.5186 -10.6905
v 0.6808 0.3323 -11.3947
v 0.6543 0.3994 -11.3064
v 1.0014 0.4854 -10.5904
v 0.6042 0.4448 -11.1012
v 0.7858 -0.0896 -11.5740
v 1.8819 0.2733 -10.4365
v 0.4715 -2.2686 -10.3456
v 1.6392 -1.9545 -9.5465
v 0.6402 -4.3082 -9.4096
v 0.5950 -1.5669 -10.8450
v 1.2831 -5.7449 -9.3872
v 1.9716 -0.7786 -9.9519
v 0.6697 -1.1991 -11.1003
v 1.8798 -1.4269 -9.7401
v 0.3989 -3.0492 -9.8182
v 1.4307 -2.3840 -9.3354
v 0.4356 -2.5068 -10.1796
v 1.5509 -2.1124 -9.4789
v 0.4974 -3.8501 -9.4922
v 0.7723 -0.6918 -11.4283
v 1.9509 -0.1512 -10.1612
v 1.9592 0.0543 -10.2531
v 0.7981 -0.4637 -11.5197
v 1.3775 -6.3055 -9.2703
v 1.5361 -2.9539 -8.9945
v 1.4547 -2.8128 -9.0607
v 1.3943 -2.6120 -9.1727
v 1.0632 -5.2008 -9.3713
v 0.6197 -1.4401 -10.9327
v 1.9555 -1.0886 -9.8520
v 1.3443 -6.0212 -9.3470
v 1.3925 -6.6028 -9.1615
v 1.9642 -0.6344 -9.9927
v 1.9697 -0.9290 -9.9044
v 0.6477 -1.3154 -11.0184
v 0.6936 -1.0873 -11.1765
v 1.9485 -0.4999 -10.0287
v 0.7182 -0.9860 -11.2438
v 0.9260 0.4204 -10.7241
v 1.2327 -0.3301 -11.1500
v 1.5786 -0.5459 -10.2886
v 1.3068 -1.8692 -9.7846
v 1.5411 -3.3225 -8.9252
v 1.0489 -2.9307 -9.1998
v 1.2975 -4.5993 -9.2201
v 1.7085 -3.3221 -8.9223
v 1.8640 -3.2807 -8.9237
v 1.8379 -3.2924 -8.9227
v 1.7562 -3.3140 -8.9216
v 1.3931 -3.2863 -8.9403
v 1.6646 -0.3035 -10.4495
v 1.2880 0.4216 -10.8712
v 1.0933 0.1998 -11.2396
v 1.5606 0.2668 -10.8959
v 1.2231 -0.1237 -11.2305
v 1.2331 -2.0699 -9.6903
v 1.0140 -4.2990 -9.2499
v 1.4633 -1.3564 -9.9941
v 0.9956 -1.1126 -10.7303
v 1.5234 -0.9076 -10.1414
v 0.7442 0.3773 -10.9051
v 1.7142 -0.1554 -10.5732
v 1.6547 0.1740 -10.8556
v 1.1472 0.0951 -11.2571
v 1.1322 0.4532 -10.8153
v 0.8686 0.4102 -11.0399
v 0.6925 0.3288 -10.8625
v 1.0861 -0.7967 -10.8988
v 0.7926 -2.0087 -10.2418
v 0.6407 -2.7504 -9.8030
v 1.6572 -3.3273 -8.9232
v 1.8002 -3.3040 -8.9216
v 1.0977 -2.4887 -9.4720
v 0.6544 -3.4347 -9.4821
v 2.1327 -5.2574 -9.2903
v 1.2044 -3.1821 -9.0068
v 1.6018 -3.3279 -8.9241
v 1.1945 -0.0127 -11.2550
v 1.6981 0.0849 -10.7927
v 1.1908 -0.5244 -11.0486
v 1.4425 0.3600 -10.9068
v 1.0242 0.2941 -11.1944
v 0.9523 0.3788 -11.1276
v 1.0078 0.4576 -10.7622
v 0.7997 0.4167 -10.9632
v 1.7213 -0.0003 -10.7229
v 0.7370 -2.2418 -10.1041
v 0.9145 -1.5103 -10.5206
v 2.2836 -5.5700 -9.2617
v 1.4241 -1.5159 -9.9342
v 0.8798 -1.6562 -10.4425
v 1.0562 -2.7100 -9.3427
v 0.6267 -3.0487 -9.6544
v 0.6800 -2.4921 -9.9533
v 1.1605 -2.2772 -9.5869
v 0.7733 -3.8545 -9.3373
v 1.6366 -0.3781 -10.3955
v 1.1585 -0.6169 -10.9945
v 1.6917 -0.2278 -10.5087
v 1.2143 -0.4297 -11.1007
v 2.3582 -6.2088 -9.1331
v 1.4716 -3.3096 -8.9291
v 1.3041 -3.2465 -8.9642
v 1.1003 -3.0818 -9.0781
v 1.8661 -5.0139 -9.2481
v 0.9451 -1.3724 -10.5929
v 1.4918 -1.1963 -10.0488
v 2.3469 -5.8917 -9.2087
v 2.3283 -6.5164 -9.0324
v 1.5375 -0.7795 -10.1874
v 1.5123 -1.0480 -10.0971
v 1.0204 -0.9974 -10.7917
v 0.9731 -1.2387 -10.6613
v 1.5570 -0.6562 -10.2351
v 1.0522 -0.8922 -10.8466
v 0.5244 0.7639 -10.4253
v 0.9076 2.7244 -10.8162
v 1.0031 4.6423 -10.4359
v 1.1499 5.2486 -10.2215
v 1.5314 -0.2564 -10.7959
v 1.4747 0.1156 -11.0275
v 0.5781 0.9173 -10.4322
v 1.0515 0.4323 -10.9113
v 0.2876 -1.8610 -10.7598
v 1.2442 -1.7123 -9.9505
v 2.1196 -1.5765 -9.5977
v 3.5522 -1.3422 -9.4855
v 5.0310 -3.8421 -8.0639
v 4.0279 -4.4889 -8.8438
v 2.6584 -4.6154 -9.1162
v 0.8385 3.0739 -10.6815
v 0.8878 2.8570 -10.7908
v 0.9258 2.5878 -10.8304
v 0.8142 3.2203 -10.6095
v 0.9594 1.4926 -10.4986
v 1.3084 0.3090 -11.0307
v 1.1810 0.3818 -10.9798
v 0.6225 0.9717 -10.4356
v 1.4079 0.2130 -11.0452
v 0.9481 0.4311 -10.8487
v 0.6532 -1.8482 -10.5487
v 1.6610 -1.6247 -9.7323
v 0.8777 1.2031 -10.4260
v 1.5445 -0.0837 -10.9230
v 1.2867 -4.1285 -9.0750
v 3.8169 -1.3233 -9.4472
v 4.7359 -1.3042 -9.1660
v 3.2078 -4.6046 -9.0811
v 1.4793 6.3123 -10.0428
v 4.4085 -4.3511 -8.6187
v 5.3963 -1.3697 -8.7160
v 0.9411 2.4454 -10.8319
v 0.8882 3.5574 -10.7326
v 0.8640 2.9774 -10.7459
v 0.9264 3.8033 -10.7798
v 0.8143 3.1453 -10.6156
v 0.9498 1.8973 -10.6643
v 0.9495 1.3710 -10.4487
v 0.9493 4.0844 -10.7544
v 0.9418 2.1659 -10.7593
v 0.9700 4.3575 -10.6303
v 0.8781 0.3881 -10.8023
v 0.7783 1.0941 -10.4313
v 0.4921 0.6692 -10.3846
v 0.8230 0.3244 -10.7695
v 1.3235 5.7593 -10.1713
v 1.4727 7.4825 -7.2082
v 1.5809 6.8501 -9.7352
v 0.8769 -2.6621 -9.5719
v 1.0719 -1.9368 -9.9498
v 1.3634 -0.6455 -10.5070
v 0.8718 -3.3230 -9.2576
v 5.9369 -1.9367 -7.8384
v 5.6886 -2.5642 -7.6627
v 4.8220 -4.0647 -8.2816
v 1.6111 -4.3364 -9.0773
v 0.8441 3.3721 -10.6553
v 0.8660 3.4591 -10.6936
v 0.9089 3.6729 -10.7641
v 0.9406 3.9433 -10.7802
v 0.9422 2.3023 -10.8002
v 0.9582 4.2216 -10.7023
v 0.9438 2.0329 -10.7103
v 0.9843 4.4954 -10.5395
v 0.9594 1.6249 -10.5564
v 1.0773 5.0211 -10.2619
v 0.8246 3.2928 -10.6206
v 1.5199 0.0136 -10.9836
v 0.8312 1.1439 -10.4302
v 1.4697 -0.4147 -10.6756
v 0.6705 1.0129 -10.4353
v 0.7222 1.0515 -10.4332
v 0.5415 0.8441 -10.4267
v 5.3664 -3.2778 -7.6973
v 1.0031 -2.1657 -9.8326
v 1.2128 -1.4161 -10.1798
v 0.9329 -1.7908 -10.2492
v 5.9010 -1.7120 -8.0290
v 1.2892 -0.9805 -10.3420
v 0.1465 -1.8558 -10.7780
v 5.5168 -2.9312 -7.6224
v 1.9644 -1.5923 -9.6307
v 0.4227 -1.8606 -10.7093
v 1.0258 -1.7671 -10.1444
v 1.1744 -1.5754 -10.1178
v 5.2110 -3.5759 -7.8577
v 0.7496 -1.8330 -10.4545
v 1.5130 -1.6532 -9.7963
v 5.8590 -2.2213 -7.7306
v 0.8483 -2.9505 -9.4238
v 0.9331 -2.4096 -9.7031
v 1.0039 -3.7330 -9.1350
v 1.4355 -0.4872 -10.6156
v 1.5405 6.5897 -9.9172
v 1.5026 -0.3405 -10.7348
v 1.4031 6.0332 -10.1202
v 1.2376 5.4957 -10.1986
v 0.9555 1.7609 -10.6118
v 1.0316 4.8163 -10.3379
v 1.5828 7.2425 -9.1944
v 2.3247 -4.5651 -9.1154
v 3.2852 -1.3676 -9.5109
v 1.2426 -1.2611 -10.2374
v 1.5308 7.3005 -8.8252
v 1.5989 7.0810 -9.4983
v 5.7735 -1.5466 -8.2697
v 5.1803 -1.3288 -8.9010
v 1.2668 -1.1149 -10.2902
v 1.3101 -0.8552 -10.3966
v 1.3361 -0.7413 -10.4544
v 3.0338 -1.3983 -9.5295
v 0.5460 -1.8578 -10.6359
v 1.8121 -1.6040 -9.6775
v 1.3731 -1.6828 -9.8669
v 0.8407 -1.8141 -10.3554
v 0.4312 -0.1996 -11.7665
v 1.6422 -0.1340 -10.7512
v 1.3514 -0.2163 -11.0770
v 1.8701 0.0899 -10.4567
v 0.4936 1.3163 -10.5482
v 1.1197 1.2279 -10.3351
v 1.2988 1.1376 -10.2362
v 1.6744 0.8817 -10.1642
v 1.9246 0.5559 -10.2024
v 0.9502 -0.2194 -11.4462
v 1.4468 -0.1997 -10.9731
v 0.7145 1.3037 -10.5075
v 0.1997 -0.1876 -11.8072
v 0.2459 1.3061 -10.5748
v 1.9467 0.3762 -10.2810
v 0.6188 -0.2072 -11.6707
v 1.1018 -0.2279 -11.3206
v 1.8039 -0.0071 -10.5415
v 1.8259 0.7427 -10.1640
v 1.4939 1.0125 -10.1891
v 0.7968 -0.2134 -11.5672
v 1.9210 0.2131 -10.3667
v 1.2324 -0.2280 -11.1929
v 1.7264 -0.0800 -10.6462
v 0.9191 1.2745 -10.4273
v 1.5474 -0.1713 -10.8582
v 1.6755 2.6539 -10.4618
v 1.4306 3.0443 -10.4639
v 1.3120 3.1738 -10.4081
v 1.8150 2.1538 -10.2813
v 2.0009 1.5835 -9.9840
v 1.7514 2.4122 -10.3867
v 2.1735 1.2887 -9.8412
v 2.3568 5.2776 -9.5802
v 2.8504 6.9754 -7.4071
v 2.9102 6.2458 -8.9329
v 2.8449 0.1387 -9.9468
v 2.7645 -1.6047 -9.4787
v 1.3663 3.1142 -10.4378
v 1.3516 3.4489 -10.4556
v 1.7834 2.2856 -10.3381
v 1.8865 1.8719 -10.1424
v 1.2933 3.3110 -10.4229
v 1.2841 3.2456 -10.3981
v 2.5783 0.6469 -9.8550
v 2.3712 0.9706 -9.7845
v 2.6466 5.7442 -9.3175
v 2.9023 -1.0576 -9.6784
v 2.9487 -0.4492 -9.8734
v 2.7875 5.9944 -9.1401
v 2.4749 0.8075 -9.8040
v 2.2691 1.1332 -9.7945
v 2.0808 1.4389 -9.9050
v 1.9363 4.5503 -9.9487
v 1.8485 2.0152 -10.2160
v 3.0120 6.6550 -8.3853
v 2.6637 -2.0443 -9.3511
v 2.6139 -2.2808 -9.2878
v 2.5714 -2.4841 -9.2313
v 2.9330 -0.8583 -9.7488
v 2.9898 6.4733 -8.6818
v 2.9910 6.7954 -8.0658
v 2.9481 -0.6543 -9.8149
v 2.9001 -0.0484 -9.9400
v 1.6273 3.9102 -10.3238
v 1.5684 2.8784 -10.4965
v 1.4015 3.5262 -10.4524
v 1.5170 3.7051 -10.4142
v 1.8632 4.4025 -10.0341
v 2.1152 4.8832 -9.7716
v 1.7407 4.1383 -10.1964
v 2.5234 -2.7375 -9.1446
v 2.4936 -2.9518 -9.0526
v 2.5531 -2.5743 -9.2037
v 2.6928 -1.9088 -9.3872
v 2.6379 -2.1674 -9.3180
v 2.5369 -2.6595 -9.1747
v 2.5121 -2.8119 -9.1139
v 2.4828 -3.0172 -9.0238
v 2.5026 -2.8842 -9.0830
v 2.5917 -2.3871 -9.2590
v 1.3132 3.3782 -10.4442
v 1.5006 2.9693 -10.4866
v 1.4598 3.6110 -10.4401
v 1.6293 2.7719 -10.4897
v 1.5722 3.8057 -10.3743
v 1.7169 2.5338 -10.4299
v 1.6840 4.0205 -10.2657
v 1.7987 4.2647 -10.1174
v 2.0213 4.7103 -9.8631
v 1.9351 1.7269 -10.0651
v 2.8586 -1.2514 -9.6061
v 2.7255 -1.7638 -9.4281
v 2.6762 0.4856 -9.9020
v 2.4944 5.5021 -9.4571
v 2.2269 5.0709 -9.6817
v 2.9330 -0.2455 -9.9148
v 2.8096 -1.4340 -9.5406
v 2.2597 2.9146 -9.9631
v 2.1137 3.6862 -9.8493
v 1.9152 3.4568 -9.9587
v 2.0201 3.1646 -9.9656
v 2.1541 3.0524 -9.9731
v 2.0011 3.5591 -9.9351
v 1.8869 3.2683 -9.9212
v 2.4791 2.5698 -9.8731
v 2.7974 2.2889 -9.7219
v 2.4056 3.9970 -9.5684
v 2.7276 4.3220 -9.3463
v 2.3552 2.7512 -9.9318
v 2.2450 3.8295 -9.7152
v 3.1136 2.1176 -9.6472
v 3.0260 4.5796 -9.1606
v 3.9338 6.5807 -6.8080
v 3.8984 1.6831 -9.6301
v 3.8690 5.3670 -8.4628
v 3.4160 -2.7332 -9.0679
v 3.3214 -2.9607 -9.0035
v 3.5109 -2.5634 -9.1016
v 3.9768 -1.8826 -9.2095
v 3.8051 -4.9882 -8.8726
v 3.7882 -2.1544 -9.1583
v 3.4605 -2.6506 -9.0859
v 3.3778 -2.8107 -9.0478
v 3.2901 -3.1216 -8.9615
v 3.3026 -3.0393 -8.9815
v 3.3466 -2.8851 -9.0259
v 3.6329 -2.3742 -9.1282
v 1.8753 3.3783 -9.9464
v 1.8904 3.4149 -9.9560
v 1.9512 3.2167 -9.9495
v 1.9516 3.5053 -9.9522
v 2.0900 3.1112 -9.9724
v 2.2108 2.9877 -9.9708
v 2.0552 3.6203 -9.9000
v 2.3073 2.8363 -9.9518
v 2.1764 3.7556 -9.7860
v 2.3205 3.9097 -9.6412
v 2.4111 2.6625 -9.9064
v 2.6082 4.2036 -9.4240
v 2.6669 2.3789 -9.7764
v 1.8661 3.3446 -9.9315
v 1.8599 3.3095 -9.9130
v 4.1933 -1.5217 -9.2897
v 4.4918 -0.7978 -9.4045
v 3.3413 -3.8596 -9.0770
v 3.3064 -3.7064 -9.0156
v 3.3784 -3.9609 -9.1074
v 3.5902 -4.4131 -9.0446
v 3.5023 -4.2161 -9.1001
v 3.3582 -3.9088 -9.0945
v 3.3272 -3.8113 -9.0566
v 3.2926 -3.5649 -8.9751
v 3.2987 -3.6411 -8.9954
v 3.3157 -3.7614 -9.0358
v 3.4313 -4.0778 -9.1165
v 3.4403 4.8941 -8.9006
v 3.4951 1.9258 -9.6322
v 4.4051 1.0658 -9.5536
v 3.8867 -5.2599 -8.7962
v 4.5912 0.1051 -9.4846
v 3.7145 -4.7548 -8.9284
v 4.4042 -1.0626 -9.3723
v 4.0826 -1.7126 -9.2472
v 4.0848 1.5251 -9.6133
v 3.7035 1.8096 -9.6354
v 3.6664 5.1083 -8.7108
v 3.2191 4.7245 -9.0457
v 3.2968 2.0262 -9.6348
v 2.8655 4.4484 -9.2600
v 2.9486 2.2036 -9.6794
v 2.5016 4.0945 -9.4967
v 2.5622 2.4742 -9.8281
v 4.0891 5.9528 -7.8423
v 3.4028 -4.0171 -9.1147
v 3.4646 -4.1431 -9.1121
v 3.5441 -4.3035 -9.0787
v 3.7058 -2.2693 -9.1421
v 3.5685 -2.4720 -9.1151
v 3.8792 -2.0270 -9.1796
v 4.5501 -0.5133 -9.4301
v 3.9389 -5.5697 -8.6592
v 4.0945 6.2129 -7.5076
v 4.0166 5.6622 -8.1652
v 4.5695 0.4356 -9.5086
v 4.5833 -0.2114 -9.4577
v 4.5092 0.7643 -9.5302
v 3.6429 -4.5581 -8.9931
v 4.3012 -1.3071 -9.3341
v 0.3812 8.0017 -6.2524
v 1.1285 -1.7410 -10.0448
v 0.5025 0.3379 -10.8605
v 0.4220 0.4356 -10.6020
v 0.4521 0.3295 -10.7403
v 0.4141 0.4663 -10.4293
v 0.4950 0.4912 -10.2703
v 0.6036 0.2699 -10.8306
v 0.7202 0.2569 -10.7451
v 0.9282 0.4173 -10.6566
v 0.9079 0.4020 -10.4721
v 0.8558 0.3278 -10.5649
v 0.8015 0.2582 -10.6501
v 0.9578 0.4821 -10.4445
v 0.9137 0.4261 -10.3522
v 0.8871 0.3352 -10.1741
v 0.6889 0.3925 -10.1975
v 0.8030 0.2077 -10.3278
v 0.7526 0.0996 -10.3011
v 0.6160 -0.0421 -10.3104
v 0.3871 -0.0170 -10.3978
v 0.3588 0.2209 -10.5031
v 0.3725 0.3146 -10.3854
v 0.3758 0.2165 -10.2333
v 0.6078 0.0489 -10.0962
v 0.6574 0.0630 -10.4661
v 0.5290 0.0761 -10.5541
v 0.4358 0.1755 -10.6328
v 0.7984 0.1752 -10.2009
v 0.7602 0.1351 -10.4029
v 0.8139 0.2208 -10.2610
v 0.8388 0.2763 -10.2791
v 0.8619 0.3268 -10.3403
v 0.8412 0.2892 -10.4019
v 0.8011 0.2231 -10.4834
v 0.7246 0.1600 -10.5709
v 0.6233 0.1725 -10.6521
v 0.5235 0.1985 -10.7357
v 4.0090 -8.0826 -7.5616
v 6.6385 -6.6017 -4.8961
v 8.3204 -2.5024 0.0901
v 7.7511 -0.5514 -0.1030
v 7.9952 -1.2166 0.0478
v 8.1813 -1.8830 0.1154
v 7.0720 1.4137 -1.4886
v 7.1128 1.0771 -1.0668
v 7.2652 0.6134 -0.6820
v 7.4930 0.0709 -0.3435
v 8.2633 -3.5815 -1.6965
v 7.1186 1.6115 -2.0770
v 8.2962 0.4395 -0.0409
v 8.1475 0.9235 -0.4228
v 8.0198 1.2974 -0.8928
v 7.8490 1.4346 -1.3702
v 7.4087 1.3647 -1.9881
v 7.1209 1.4482 -2.1501
v 7.2227 1.3586 -2.1251
v 8.7527 -0.9723 0.5556
v 8.5309 -0.1297 0.2765
v 8.8090 -1.8404 0.6567
v 8.9066 -2.7889 0.5556
v 7.9656 -4.2114 -2.1867
v 7.0869 1.5972 -1.8183
v 7.6276 1.4186 -1.7403
v 7.9987 -3.7859 -1.9322
v 8.5187 -3.7538 -1.4487
v 8.5214 -3.8119 -1.2036
v 8.6297 -3.5835 -1.4410
v 8.7384 -3.7069 -1.1096
v 8.8494 -3.7165 -0.3697
v 8.7772 -3.7435 -0.7479
v 8.4299 -3.0531 -0.0372
v 8.5346 -3.5272 -0.2586
v 8.5545 -3.7056 -0.8499
v 8.5240 -3.7271 -0.5622
v 8.5451 -3.7521 -1.0166
v 8.8738 -3.1912 0.3083
v 8.8457 -3.4911 0.0699
v 8.1717 -3.1361 -1.8076
v 7.7215 -5.0504 -2.8351
v 7.1246 -6.0740 -4.0647
v 2.3651 -8.3864 -8.4121
v 0.7779 -8.5049 -8.6116
v 7.9128 -4.5427 -2.3775
v 3.2500 -8.2650 -8.0539
v 5.5879 -7.3616 -6.1733
v 8.3829 -3.3426 -1.6994
v 8.9324 -3.1129 0.2582
v 6.9412 1.3025 -1.5804
v 6.9951 0.9679 -1.1556
v 7.3758 -0.0201 -0.4376
v 8.2227 0.7644 -0.5620
v 8.0762 1.0571 -0.9802
v 7.8901 1.1676 -1.3954
v 8.7485 -1.0468 0.3989
v 7.4430 -1.4669 -2.0726
v 7.5026 -0.7755 -2.0649
v 7.5867 0.0546 -1.7700
v 7.4912 -0.2630 -1.9235
v 7.7871 0.2894 -1.3795
v 7.8949 0.3101 -1.1998
v 7.5434 -2.1656 -2.0070
v 7.9349 -2.7524 -1.8765
v 8.0140 -4.0857 -1.9736
v 7.6951 0.2150 -1.5933
v 6.9281 1.4641 -1.9052
v 8.4428 -3.7663 -1.2196
v 8.4211 -3.4707 -0.3599
v 8.4161 -3.6745 -0.6359
v 8.5051 -3.7394 -1.0478
v 8.9169 -3.4753 0.0659
v 8.1623 -3.0431 -1.7481
v 8.2183 -2.4731 -0.0320
v 7.8808 -1.2719 -0.0640
v 7.1538 0.5126 -0.7714
v 8.2304 -3.6164 -1.6429
v 6.9488 1.4985 -2.1638
v 8.3908 0.3802 -0.1782
v 7.3726 1.1416 -2.0240
v 6.9665 1.3539 -2.3090
v 7.1029 1.1751 -2.2609
v 8.5490 -0.2550 0.1393
v 8.8861 -1.8749 0.5385
v 8.9831 -2.7645 0.5180
v 7.6364 1.1471 -1.7322
v 8.0481 -3.8291 -1.8157
v 8.4477 -3.7499 -1.4179
v 8.5915 -3.4952 -1.4002
v 8.7125 -3.6338 -1.0638
v 8.8361 -3.6580 -0.3446
v 8.7357 -3.6842 -0.7037
v 8.3192 -3.0149 -0.1418
v 8.4783 -3.6813 -0.9061
v 8.3733 -3.2579 -1.6256
v 8.9583 -3.1574 0.2837
v 6.9960 0.4255 -0.7472
v 7.6378 -0.6388 -0.2008
v 8.0702 -1.8894 0.0017
v 1.5647 2.6104 -10.5395
v 1.3399 3.0281 -10.5300
v 1.2284 3.1645 -10.4673
v 1.6716 2.0904 -10.3561
v 1.8559 1.5033 -10.0415
v 1.6222 2.3569 -10.4621
v 2.0334 1.1946 -9.8829
v 2.2152 5.3838 -9.6729
v 2.6386 7.0501 -7.5007
v 2.7388 6.3711 -9.0501
v 2.6225 0.0523 -9.9418
v 2.5681 -1.6379 -9.4849
v 1.2784 3.0990 -10.4972
v 1.2700 3.4607 -10.5127
v 1.6476 2.2258 -10.4166
v 1.7351 1.8040 -10.2091
v 1.2095 3.3137 -10.4767
v 1.2004 3.2416 -10.4531
v 2.4043 0.5383 -9.8537
v 2.2210 0.8641 -9.8063
v 2.4940 5.8655 -9.4235
v 2.6958 -1.0974 -9.6876
v 2.7237 -0.5049 -9.8779
v 2.6302 6.1205 -9.2558
v 2.3167 0.6978 -9.8205
v 2.1250 1.0322 -9.8265
v 1.9408 1.3515 -9.9571
v 1.8141 4.6233 -10.0242
v 1.6997 1.9504 -10.2866
v 2.8165 6.7723 -8.5082
v 2.4838 -2.0764 -9.3467
v 2.4491 -2.3099 -9.2813
v 2.4211 -2.5081 -9.2212
v 2.7196 -0.9015 -9.7580
v 2.8043 6.5958 -8.8032
v 2.7780 6.8920 -8.1781
v 2.7295 -0.7029 -9.8238
v 2.6701 -0.1257 -9.9364
v 1.5323 3.9509 -10.4057
v 1.4642 2.8463 -10.5645
v 1.3188 3.5414 -10.5150
v 1.4274 3.7323 -10.4869
v 1.7457 4.4684 -10.1101
v 1.9849 4.9712 -9.8535
v 1.6367 4.1919 -10.2797
v 2.3902 -2.7528 -9.1317
v 2.3766 -2.9519 -9.0426
v 2.4091 -2.5964 -9.1919
v 2.5055 -1.9424 -9.3855
v 2.4652 -2.1991 -9.3126
v 2.3984 -2.6786 -9.1618
v 2.3851 -2.8228 -9.1016
v 2.3245 -3.0706 -8.9880
v 2.3636 -3.0092 -9.0156
v 2.3815 -2.8903 -9.0716
v 2.4344 -2.4139 -9.2508
v 1.2310 3.3864 -10.4979
v 1.4043 2.9466 -10.5554
v 1.3711 3.6327 -10.5043
v 1.5208 2.7344 -10.5623
v 1.4814 3.8401 -10.4547
v 1.5962 2.4828 -10.5038
v 1.5864 4.0673 -10.3513
v 1.6882 4.3246 -10.1988
v 1.8938 4.7901 -9.9394
v 1.7857 1.6545 -10.1273
v 2.6562 -1.2869 -9.6162
v 2.5330 -1.7971 -9.4307
v 2.4858 0.3817 -9.8937
v 2.3519 5.6175 -9.5611
v 2.0928 5.1685 -9.7687
v 2.7041 -0.3115 -9.9167
v 2.6111 -1.4687 -9.5482
v 1.4501 2.5712 -10.6054
v 1.2566 3.0115 -10.5795
v 1.1583 3.1559 -10.5055
v 1.5350 2.0374 -10.4248
v 1.7196 1.4217 -10.1095
v 1.4947 2.3083 -10.5316
v 1.9139 1.0981 -9.9396
v 2.0735 5.4758 -9.7681
v 2.4166 7.1239 -7.5927
v 2.5661 6.4913 -9.1744
v 2.4676 -0.0399 -9.9482
v 2.3956 -1.6789 -9.4963
v 1.2003 3.0836 -10.5368
v 1.2035 3.4672 -10.5552
v 1.5146 2.1747 -10.4842
v 1.5943 1.7404 -10.2824
v 1.1453 3.3143 -10.5109
v 1.1380 3.2375 -10.4940
v 2.2832 0.4247 -9.8937
v 2.1101 0.7523 -9.8723
v 2.3348 5.9712 -9.5323
v 2.5342 -1.1305 -9.7001
v 2.5669 -0.5641 -9.8802
v 2.4670 6.2347 -9.3756
v 2.2004 0.5836 -9.8702
v 2.0175 0.9267 -9.8973
v 1.8149 1.2616 -10.0199
v 1.6844 4.6843 -10.0919
v 1.5582 1.8961 -10.3545
v 2.6134 6.8815 -8.6303
v 2.3247 -2.1169 -9.3367
v 2.3006 -2.3472 -9.2683
v 2.2815 -2.5411 -9.2047
v 2.5601 -0.9412 -9.7674
v 2.6148 6.7126 -8.9253
v 2.5643 6.9872 -8.2948
v 2.5709 -0.7506 -9.8283
v 2.5139 -0.2067 -9.9399
v 1.4411 3.9883 -10.4892
v 1.3670 2.8206 -10.6266
v 1.2488 3.5510 -10.5667
v 1.3429 3.7546 -10.5498
v 1.6230 4.5228 -10.1810
v 1.8460 5.0478 -9.9261
v 1.5277 4.2376 -10.3579
v 2.2664 -2.7735 -9.1141
v 2.2753 -2.9549 -9.0306
v 2.2740 -2.6273 -9.1738
v 2.3399 -1.9833 -9.3781
v 2.3122 -2.2382 -9.3010
v 2.2687 -2.7045 -9.1435
v 2.2677 -2.8389 -9.0851
v 2.2725 -3.0346 -8.9951
v 2.2767 -3.0006 -9.0092
v 2.2714 -2.9007 -9.0568
v 2.2904 -2.4486 -9.2359
v 1.1687 3.3891 -10.5372
v 1.3134 2.9256 -10.6109
v 1.2925 3.6487 -10.5595
v 1.4174 2.7034 -10.6309
v 1.3930 3.8696 -10.5273
v 1.4724 2.4405 -10.5689
v 1.4836 4.1077 -10.4305
v 1.5731 4.3744 -10.2730
v 1.7598 4.8589 -10.0087
v 1.6446 1.5830 -10.1982
v 2.4918 -1.3186 -9.6306
v 2.3613 -1.8396 -9.4341
v 2.3536 0.2715 -9.9201
v 2.2063 5.7186 -9.6672
v 1.9537 5.2530 -9.8531
v 2.5481 -0.3818 -9.9174
v 2.4416 -1.5043 -9.5622
v 1.3357 2.5376 -10.6644
v 1.1769 3.0012 -10.6224
v 1.1014 3.1548 -10.5442
v 1.3991 1.9950 -10.4884
v 1.5692 1.3503 -10.1758
v 1.3676 2.2683 -10.5965
v 1.7994 1.0068 -9.9932
v 1.9219 5.5576 -9.8656
v 2.1792 7.1899 -7.6889
v 2.3706 6.5987 -9.3042
v 2.3337 -0.1262 -9.9631
v 2.2236 -1.7337 -9.5046
v 1.1336 3.0835 -10.5798
v 1.1462 3.4685 -10.5899
v 1.3828 2.1321 -10.5478
v 1.4519 1.6901 -10.3534
v 1.0928 3.3124 -10.5364
v 1.0793 3.2338 -10.5128
v 2.1779 0.3160 -9.9472
v 2.0034 0.6414 -9.9425
v 2.1688 6.0690 -9.6518
v 2.3843 -1.1629 -9.7155
v 2.4169 -0.6196 -9.8867
v 2.2821 6.3363 -9.4976
v 2.1000 0.4716 -9.9413
v 1.9149 0.8288 -9.9602
v 1.6830 1.1806 -10.0736
v 1.5467 4.7344 -10.1588
v 1.4220 1.8478 -10.4261
v 2.4008 6.9892 -8.7579
v 2.1765 -2.1668 -9.3223
v 2.1599 -2.3918 -9.2495
v 2.1485 -2.5812 -9.1828
v 2.4118 -0.9798 -9.7783
v 2.4122 6.8255 -9.0580
v 2.3452 7.0840 -8.4171
v 2.4217 -0.7988 -9.8352
v 2.3703 -0.2819 -9.9515
v 1.3373 4.0179 -10.5566
v 1.2662 2.7943 -10.6747
v 1.1841 3.5559 -10.6112
v 1.2590 3.7724 -10.6079
v 1.4909 4.5667 -10.2491
v 1.6991 5.1159 -10.0020
v 1.4099 4.2775 -10.4320
v 2.1512 -2.8022 -9.0920
v 2.1826 -2.9695 -9.0156
v 2.1461 -2.6639 -9.1510
v 2.1830 -2.0413 -9.3705
v 2.1680 -2.2850 -9.2848
v 2.1468 -2.7361 -9.1208
v 2.1583 -2.8644 -9.0642
v 2.2201 -3.0394 -8.9882
v 2.2004 -3.0100 -8.9982
v 2.1689 -2.9211 -9.0381
v 2.1533 -2.4906 -9.2154
v 1.1166 3.3882 -10.5658
v 1.2228 2.9065 -10.6566
v 1.2183 3.6598 -10.6112
v 1.3101 2.6739 -10.6870
v 1.3003 3.8941 -10.5927
v 1.3532 2.4027 -10.6337
v 1.3741 4.1437 -10.5041
v 1.4485 4.4172 -10.3453
v 1.6157 4.9180 -10.0765
v 1.4962 1.5251 -10.2693
v 2.3376 -1.3500 -9.6483
v 2.1965 -1.8982 -9.4323
v 2.2371 0.1666 -9.9499
v 2.0472 5.8076 -9.7741
v 1.8058 5.3283 -9.9405
v 2.3984 -0.4458 -9.9234
v 2.2793 -1.5439 -9.5776
v 1.9217 -3.2807 -8.9235
v 4.0732 -3.2928 -8.6577
v 1.9202 -3.2083 -8.9281
v 3.9443 -3.4017 -8.7365
v 4.0072 -3.3791 -8.7021
v 3.5187 -3.2121 -8.8941
v 2.8759 -3.1943 -8.9876
v 2.2160 -3.1568 -8.9518
v 2.2829 -3.3614 -8.9422
v 2.7231 -3.4542 -8.9835
v 3.5320 -3.4629 -8.9031
v 4.0321 -3.2794 -8.6802
v 1.8570 -3.2379 -8.9261
v 2.1453 -3.3226 -8.9309
v 2.1145 -3.1810 -8.9400
v 3.0164 -3.4801 -8.9852
v 3.0154 -3.1989 -8.9806
v 3.7568 -3.4359 -8.8252
v 3.7989 -3.2210 -8.7943
v 4.0725 -3.3207 -8.6597
v 1.8805 -3.2117 -8.9279
v 4.0513 -3.3474 -8.6743
v 1.8689 -3.2537 -8.9252
v 2.0096 -3.1973 -8.9315
v 2.5739 -3.4290 -8.9726
v 2.7371 -3.1871 -8.9882
v 3.9653 -3.2589 -8.7151
v 3.7312 -3.2135 -8.8228
v 2.5980 -3.1770 -8.9837
v 1.8696 -3.2268 -8.9268
v 1.8799 -3.2715 -8.9243
v 2.3323 -3.1546 -8.9641
v 3.2842 -3.2086 -8.9465
v 3.2878 -3.4789 -8.9562
v 2.7409 -3.1028 -9.0087
v 2.4646 -3.1655 -8.9749
v 2.4686 -3.0868 -8.9970
v 2.0207 -3.2966 -8.9245
v 2.1272 -3.3821 -8.9337
v 1.9107 -3.2442 -8.9245
v 2.0227 -3.2462 -8.9263
v 2.1607 -3.2496 -8.9332
v 2.3022 -3.2897 -8.9420
v 2.5850 -3.3449 -8.9666
v 2.4582 -3.2436 -8.9606
v 2.3300 -3.2256 -8.9500
v 2.2333 -3.2115 -8.9426
v 2.3030 -3.7340 -9.0436
v 2.3672 -3.5950 -8.9952
v 2.2540 -3.8320 -9.0768
v 2.0292 -4.3470 -9.0958
v 2.1248 -4.1247 -9.1035
v 2.2794 -3.7806 -9.0611
v 2.3251 -3.6896 -9.0264
v 2.4081 -3.4719 -8.9679
v 2.3879 -3.5380 -8.9809
v 2.3464 -3.6445 -9.0102
v 2.1957 -3.9576 -9.0985
v 1.1456 -4.9156 -9.3258
v 1.8764 -4.6007 -9.1201
v 0.2474 -4.9580 -9.4535
v 0.7129 -4.9483 -9.4030
v 1.3614 -4.8761 -9.2772
v 2.0810 -4.2288 -9.0996
v 1.7499 -4.7137 -9.1648
v 0.4867 -4.9541 -9.4339
v 2.1625 -4.0351 -9.1032
v 2.2262 -3.8904 -9.0896
v 0.9305 -4.9368 -9.3681
v 1.5690 -4.8093 -9.2222
v 1.9648 -4.4739 -9.0995
v 2.4265 -3.3983 -8.9581
v 2.4430 -3.3203 -8.9550
v 2.5931 -3.2607 -8.9704
v 2.7290 -3.3650 -8.9744
v 3.0151 -3.3857 -8.9724
v 3.2847 -3.3892 -8.9431
v 3.5246 -3.3796 -8.8926
v 3.7520 -3.3619 -8.8171
v 2.7337 -3.2753 -8.9759
v 2.8815 -3.8573 -9.1168
v 2.8738 -3.7046 -9.0506
v 2.8912 -3.9589 -9.1570
v 2.9442 -4.4666 -9.1340
v 2.7032 -8.8606 -8.0729
v 2.8951 -7.3808 -8.5110
v 2.9251 -4.2439 -9.1735
v 2.8858 -3.9056 -9.1384
v 2.8781 -3.8107 -9.0942
v 2.8722 -3.5596 -9.0080
v 2.8726 -3.6374 -9.0292
v 2.8756 -3.7614 -9.0721
v 2.9063 -4.0843 -9.1785
v 2.9829 -5.0787 -9.1221
v 2.9211 -6.9239 -8.6443
v 2.8795 -7.8570 -8.3893
v 3.0216 -5.4159 -9.0871
v 2.9583 -4.8244 -9.0900
v 3.0200 -6.1295 -8.9111
v 2.8981 -4.0183 -9.1706
v 2.9156 -4.1586 -9.1798
v 2.9346 -4.3449 -9.1582
v 2.9756 -6.5075 -8.7868
v 3.0382 -5.7720 -9.0182
v 2.9510 -4.6208 -9.1044
v 2.8177 -8.3479 -8.2532
v 2.8722 -3.4719 -8.9889
v 2.8728 -3.3788 -8.9772
v 2.8741 -3.2857 -8.9767
v 3.0145 -3.2916 -8.9707
v 3.2831 -3.2990 -8.9398
v 3.5203 -3.2955 -8.8893
v 3.7566 -3.2771 -8.8108
v 3.9366 -3.3565 -8.7351
v 3.9486 -3.3091 -8.7254
v 4.0223 -3.3225 -8.6883
v 3.9909 -3.3531 -8.7079
v 5.8217 3.0551 -7.1267
v 5.7696 4.5498 -5.3624
v 5.6324 4.8596 -4.7779
v 5.7296 -5.7870 -6.4653
v 6.0374 -6.5709 -5.8605
v 5.8135 2.7409 -7.2977
v 5.8485 2.0227 -7.5878
v 3.9981 -3.7115 -8.8091
v 3.9128 -3.5805 -8.7920
v 3.9719 -3.0776 -8.7331
v 4.0714 -3.8063 -8.8059
v 4.4800 -4.1504 -8.5722
v 4.9385 -4.4699 -8.1660
v 6.0858 -7.5226 -5.4170
v 5.8997 -6.1523 -6.1525
v 4.3007 -4.0132 -8.6955
v 4.0324 -3.7583 -8.8108
v 3.9672 -3.6668 -8.8037
v 3.8695 -3.4792 -8.7851
v 3.9388 -3.1294 -8.7395
v 3.8894 -3.5332 -8.7884
v 4.0088 -3.0245 -8.7276
v 3.9387 -3.6238 -8.7973
v 4.1698 -3.9032 -8.7696
v 5.8826 1.6345 -7.7169
v 5.9278 -0.7740 -8.3060
v 5.0852 -4.6292 -7.9701
v 6.0040 0.4381 -8.0187
v 4.7748 -4.3316 -8.3267
v 5.2960 -4.9903 -7.4210
v 4.1166 -3.8545 -8.7923
v 4.2313 -3.9553 -8.7372
v 4.3811 -4.0785 -8.6434
v 5.8569 4.1195 -6.0508
v 5.2006 -4.7981 -7.7183
v 5.4135 -5.2137 -7.1062
v 5.8235 2.3958 -7.4467
v 4.1017 -2.9074 -8.7147
v 4.2332 -2.7716 -8.6906
v 5.0039 -2.1160 -8.5893
v 5.4026 -1.6947 -8.5591
v 5.6979 4.7327 -5.0297
v 4.6633 -2.4168 -8.6123
v 4.1617 -2.8418 -8.7047
v 4.0513 -2.9683 -8.7221
v 3.9094 -3.1828 -8.7467
v 4.4145 -2.6143 -8.6527
v 5.8432 3.3444 -6.9155
v 5.7818 -1.1336 -8.4200
v 5.2023 -1.9196 -8.5788
v 5.8707 3.8762 -6.3714
v 4.8232 -2.2835 -8.5970
v 4.3167 -2.6964 -8.6731
v 4.5292 -2.5229 -8.6312
v 6.0059 -0.3735 -8.2046
v 5.8639 3.6164 -6.6627
v 5.9633 0.8369 -7.9280
v 6.0248 0.0345 -8.1101
v 5.9219 1.2336 -7.8312
v 4.6138 -4.2301 -8.4656
v 5.5991 -1.4361 -8.5087
v 6.1050 -7.0311 -5.6123
v 3.8559 -3.4202 -8.7810
v 3.8833 -3.2385 -8.7555
v 3.8509 -3.3593 -8.7754
v 3.8592 -3.2964 -8.7671
v 5.2611 1.6564 -8.6133
v 3.7457 -3.7949 -8.9493
v 3.6869 -3.6460 -8.9047
v 3.6747 -2.9959 -8.8913
v 3.7999 -3.8982 -8.9639
v 4.1222 -4.3094 -8.8145
v 4.4779 -4.7783 -8.5238
v 5.0891 -8.0980 -6.4026
v 5.1124 -6.7153 -7.0279
v 3.9819 -4.1355 -8.9047
v 3.7709 -3.8461 -8.9596
v 3.7236 -3.7448 -8.9349
v 3.6587 -3.5255 -8.8791
v 3.6508 -3.0677 -8.8794
v 3.6719 -3.5909 -8.8917
v 3.7056 -2.9252 -8.9032
v 3.7041 -3.6959 -8.9192
v 3.8758 -4.0074 -8.9507
v 5.2037 -0.7195 -9.0141
v 5.0442 -6.3246 -7.2393
v 5.1476 -7.1479 -6.8233
v 5.2329 5.4351 -5.9000
v 5.3086 3.0518 -7.9683
v 5.2674 2.1374 -8.4102
v 4.6191 -4.9861 -8.3898
v 5.3363 0.3515 -8.8846
v 4.3419 -4.5887 -8.6375
v 5.0945 -1.0257 -9.0442
v 4.8008 -5.4454 -7.9420
v 4.3780 -2.1095 -8.9572
v 4.0469 -4.2143 -8.8664
v 3.8344 -3.9513 -8.9613
v 3.9247 -4.0679 -8.9322
v 4.1512 -2.3539 -8.9396
v 5.2815 -0.3875 -8.9767
v 4.8805 -5.6989 -7.6927
v 4.7160 -5.2084 -8.1806
v 5.1216 5.6022 -5.5686
v 5.3476 3.4844 -7.7410
v 5.2828 2.6029 -8.1899
v 5.3881 3.9030 -7.4956
v 3.7894 -2.7822 -8.9243
v 3.9037 -2.6265 -8.9364
v 4.5089 -1.9579 -8.9760
v 4.8064 -1.5597 -9.0320
v 4.2574 -2.2394 -8.9446
v 3.8422 -2.7056 -8.9319
v 3.7437 -2.8546 -8.9146
v 3.6350 -3.1397 -8.8685
v 4.0577 -2.4540 -8.9382
v 4.6553 -1.7754 -9.0030
v 5.4122 4.6420 -6.9198
v 3.9760 -2.5436 -8.9377
v 5.3799 4.9532 -6.5915
v 5.4145 4.2901 -7.2217
v 5.3198 0.7573 -8.8229
v 5.3246 -0.0309 -8.9326
v 5.2892 1.1900 -8.7415
v 4.2146 -4.4302 -8.7430
v 4.9559 -1.3086 -9.0484
v 5.1332 -7.6069 -6.6274
v 3.6299 -3.2132 -8.8597
v 3.6478 -3.4510 -8.8670
v 3.6407 -3.3718 -8.8576
v 3.6368 -3.2902 -8.8542
v 2.2031 3.6301 -9.7601
v 2.2292 3.0791 -9.8741
v 2.5035 3.8869 -9.4882
v 2.8259 4.1708 -9.2876
v 3.1379 4.3963 -9.1249
v 4.0734 1.9430 -9.4856
v 4.0991 5.0831 -8.4113
v 3.5481 -2.7437 -9.0268
v 3.4463 -2.9710 -8.9712
v 3.6500 -2.5764 -9.0545
v 4.1594 -1.9012 -9.1441
v 4.0300 -4.9401 -8.7755
v 3.9538 -2.1758 -9.0968
v 3.5957 -2.6622 -9.0418
v 3.5074 -2.8214 -9.0094
v 3.4122 -3.1274 -8.9353
v 3.4259 -3.0478 -8.9524
v 3.4732 -2.8963 -8.9906
v 3.7825 -2.3927 -9.0745
v 2.2890 3.0289 -9.8726
v 2.1420 3.5772 -9.8103
v 2.3918 2.9043 -9.8593
v 2.2699 3.6861 -9.6999
v 2.5068 2.7586 -9.8259
v 2.7776 2.5275 -9.7156
v 4.4005 -1.5291 -9.2211
v 3.5988 4.6554 -8.8858
v 3.6394 2.1675 -9.5372
v 3.9258 -4.7185 -8.8494
v 4.2757 -1.7275 -9.1810
v 3.3493 4.5160 -9.0214
v 2.5985 3.9706 -9.4223
v 4.2784 -5.7816 -8.3150
v 3.6215 -4.1255 -9.0643
v 4.0532 -2.0474 -9.1163
v 4.2548 5.4195 -8.0801
v 4.8296 0.5691 -9.3194
v 2.3412 2.9697 -9.8675
v 1.9977 3.4428 -9.8800
v 2.0963 3.1783 -9.8805
v 2.0881 3.5268 -9.8496
v 1.9703 3.2734 -9.8597
v 2.5796 2.6812 -9.7973
v 2.9103 2.4563 -9.6665
v 2.4456 2.8336 -9.8462
v 2.3403 3.7465 -9.6301
v 3.2389 2.3216 -9.5846
v 4.1806 6.4537 -6.6585
v 1.9541 3.3748 -9.8778
v 1.9711 3.4069 -9.8823
v 2.0303 3.2287 -9.8768
v 2.0365 3.4831 -9.8694
v 2.1638 3.1272 -9.8770
v 2.4179 3.8128 -9.5587
v 2.7052 4.0658 -9.3580
v 1.9453 3.3437 -9.8673
v 1.9404 3.3103 -9.8522
v 4.7299 -0.7689 -9.3003
v 3.4822 -3.8426 -9.0433
v 3.4414 -3.6891 -8.9852
v 3.5224 -3.9451 -9.0692
v 3.7729 -4.3887 -8.9834
v 3.6665 -4.1968 -9.0483
v 3.5002 -3.8928 -9.0588
v 3.4668 -3.7928 -9.0241
v 3.4216 -3.5549 -8.9493
v 3.4310 -3.6273 -8.9670
v 3.4533 -3.7426 -9.0042
v 3.5826 -4.0610 -9.0722
v 4.6626 1.3115 -9.3294
v 4.1336 -5.1919 -8.6814
v 4.8482 0.2018 -9.3205
v 4.6359 -1.0492 -9.2880
v 4.2782 1.7958 -9.4398
v 3.8573 2.0667 -9.5157
v 3.8597 4.8361 -8.6879
v 3.4323 2.2493 -9.5587
v 2.9686 4.2820 -9.2130
v 3.0651 2.3895 -9.6219
v 2.6685 2.6034 -9.7606
v 4.3288 5.7550 -7.7331
v 3.5497 -4.0011 -9.0737
v 3.7169 -4.2820 -9.0225
v 3.8633 -2.2904 -9.0837
v 3.7118 -2.4873 -9.0650
v 4.7961 -0.4670 -9.3080
v 4.2082 -5.4741 -8.5194
v 4.3321 6.0477 -7.3810
v 4.8361 -0.1434 -9.3152
v 4.7745 0.9512 -9.3158
v 3.8384 -4.5292 -8.9260
v 4.5219 -1.3054 -9.2601
v 3.4058 -3.2110 -8.9225
v 3.4141 -3.4723 -8.9324
v 3.4089 -3.3853 -8.9201
v 3.4058 -3.2983 -8.9168
v 2.1681 2.8626 -10.0576
v 1.8320 3.4668 -10.0385
v 1.9292 3.1456 -10.0534
v 1.9156 3.5833 -10.0168
v 1.8030 3.2549 -9.9949
v 2.3722 2.4739 -9.9481
v 2.6728 2.1420 -9.7750
v 2.2580 2.6787 -10.0158
v 2.1523 3.8939 -9.8011
v 2.9713 1.9400 -9.6962
v 3.5772 6.6322 -7.4184
v 2.0203 7.2073 -8.1714
v 0.4224 -0.8114 -11.5778
v 1.5009 -0.5100 -10.4448
v 2.1777 -0.0782 -10.0071
v 5.8690 -5.1216 -6.4107
v 6.1698 -4.7078 -6.0449
v 1.7925 3.3776 -10.0209
v 1.8077 3.4190 -10.0340
v 1.8626 3.2031 -10.0298
v 1.8671 3.5221 -10.0325
v 1.9993 3.0886 -10.0682
v 2.2260 3.9855 -9.7282
v 2.5086 4.3150 -9.5028
v 1.7839 3.3396 -10.0030
v 1.7782 3.3032 -9.9837
v 1.2125 -0.6612 -10.8142
v 6.7114 -3.7485 -5.4079
v 0.9024 -0.7700 -11.2290
v 1.8231 -0.3345 -10.1857
v 4.2396 -0.8281 -9.4895
v 3.1970 -3.8726 -9.1023
v 3.1706 -3.7188 -9.0381
v 3.2275 -3.9717 -9.1366
v 3.3990 -4.4318 -9.0901
v 3.3308 -4.2298 -9.1387
v 3.2106 -3.9206 -9.1215
v 3.1862 -3.8257 -9.0809
v 3.1603 -3.5699 -8.9940
v 3.1649 -3.6497 -9.0161
v 3.1776 -3.7761 -9.0594
v 3.2725 -4.0874 -9.1502
v 4.1529 0.8588 -9.7118
v 4.6758 1.9312 -9.1223
v 4.7620 6.0326 -5.8652
v 4.9356 3.7845 -8.1533
v 4.8498 2.8188 -8.6090
v 4.9777 4.2659 -7.9021
v 4.6808 6.0727 -5.5169
v 3.6265 -5.3149 -8.8948
v 4.3273 0.0074 -9.6156
v 6.9632 0.6298 -4.6142
v 4.1610 -1.0800 -9.4457
v 6.9377 -3.2109 -5.1484
v 0.5884 -0.8052 -11.4857
v 1.7104 -0.3978 -10.2600
v 1.0193 -0.7422 -11.0864
v 6.4534 -4.2464 -5.7080
v 7.2469 -2.0154 -4.7894
v 4.7410 5.9222 -6.7281
v 3.8711 1.2886 -9.7449
v 4.8627 5.9064 -6.2140
v 4.8929 3.2993 -8.3806
v 3.5313 0.7202 -9.8981
v 4.7913 2.3524 -8.8539
v 3.7841 0.8946 -9.8348
v 1.3055 -0.6166 -10.6824
v 0.1983 -0.8063 -11.6262
v 2.0518 -0.1721 -10.0468
v 3.5165 1.5892 -9.7260
v 3.4786 5.3285 -8.7624
v 3.1405 1.8314 -9.6872
v 2.7573 4.5843 -9.3226
v 2.8156 2.0423 -9.7264
v 2.4483 2.3609 -9.8993
v 5.0275 5.0998 -7.2806
v 3.8587 6.1253 -7.9459
v 3.2480 -4.0271 -9.1463
v 3.3642 -4.3198 -9.1202
v 3.5358 -2.2567 -9.1912
v 3.4138 -2.4632 -9.1575
v 3.2669 0.5651 -9.9333
v 3.3619 6.7230 -7.5264
v 4.2940 -0.5618 -9.5323
v 7.1469 -0.2818 -4.5978
v 3.6549 -5.6468 -8.7846
v 5.0070 5.4335 -6.9336
v 5.0149 4.7093 -7.6071
v 3.8606 6.3534 -7.6258
v 0.7795 7.3817 -8.6693
v 1.7573 7.2674 -8.2950
v 4.5156 6.1163 -6.8794
v 5.6591 4.6545 -5.8949
v 6.1496 3.6421 -5.3260
v 6.4548 2.7950 -4.9683
v 6.6916 1.8695 -4.7340
v 6.3076 3.2378 -5.1386
v 6.5842 2.3284 -4.8285
v 5.1401 5.4704 -6.4144
v 7.1234 -2.6272 -4.9404
v 7.2763 -1.4001 -4.6875
v 5.2570 -5.7645 -7.1424
v 7.2280 -0.8142 -4.6231
v 1.1415 7.3567 -8.5499
v 0.3930 7.3875 -8.7492
v 5.9866 4.0078 -5.5178
v 5.4924 4.9457 -6.0730
v 4.3218 -0.2829 -9.5734
v 6.8730 1.0376 -4.6419
v 7.0541 0.1942 -4.6002
v 4.2487 0.5918 -9.6851
v 6.7861 1.4410 -4.6786
v 3.1474 6.8113 -7.6294
v 3.0053 0.4293 -9.9399
v 0.7560 -0.7935 -11.3697
v 1.9338 -0.2604 -10.1102
v 1.1224 -0.7050 -10.9465
v 1.6080 -0.4553 -10.3438
v 3.4361 -4.5811 -9.0448
v 1.4688 7.3205 -8.4221
v 4.0695 -1.3128 -9.3969
v 1.3998 -0.5627 -10.5603
v 2.7671 0.3172 -9.9335
v 2.9316 6.8948 -7.7331
v 4.2584 1.3210 -9.5865
v 4.0372 6.4244 -7.1649
v 2.0245 3.7291 -9.9324
v 2.0636 3.0222 -10.0722
v 2.3097 4.0843 -9.6560
v 2.6259 4.4451 -9.4182
v 2.9072 4.7334 -9.2158
v 3.7000 1.4511 -9.7412
v 3.6581 5.5898 -8.5298
v 3.2763 -2.7243 -9.1015
v 3.1844 -2.9519 -9.0312
v 3.3632 -2.5554 -9.1407
v 3.7799 -1.8688 -9.2652
v 3.5690 -5.0247 -8.9618
v 3.6097 -2.1395 -9.2108
v 3.3178 -2.6424 -9.1219
v 3.2401 -2.8012 -9.0793
v 3.1563 -3.1153 -8.9840
v 3.1667 -3.0314 -9.0066
v 3.2091 -2.8758 -9.0557
v 3.4710 -2.3631 -9.1739
v 2.1188 2.9456 -10.0676
v 1.9713 3.6526 -9.9857
v 2.2135 2.7736 -10.0411
v 2.0857 3.8088 -9.8708
v 2.3097 2.5794 -9.9856
v 2.5447 2.2434 -9.8405
v 3.9736 -1.5184 -9.3481
v 3.2786 5.0960 -8.9463
v 3.3268 1.7149 -9.7048
v 3.4904 -4.7835 -8.9915
v 3.8741 -1.7021 -9.3030
v 3.0824 4.8993 -9.0930
v 2.4028 4.1946 -9.5814
v 3.6683 -6.0001 -8.6385
v 3.3003 -4.1541 -9.1480
v 3.6922 -2.0121 -9.2344
v 3.7913 5.8651 -8.2513
v 4.3052 0.3035 -9.6519
v 2.7145 6.9778 -7.8372
v 2.5600 0.2211 -9.9255
v 2.4952 7.0611 -7.9434
v 2.4122 0.1202 -9.9386
v 2.2884 0.0217 -9.9596
v 2.2640 7.1373 -8.0542
v 3.1563 -3.4814 -8.9738
v 3.1520 -3.2040 -8.9667
v 3.1535 -3.3890 -8.9608
v 3.1517 -3.2961 -8.9583
v 5.5611 -5.4764 -6.7861
v 5.8228 4.3431 -5.7098
v 5.3187 5.2200 -6.2469
v 4.9630 -5.9869 -7.4580
v 4.4841 1.5939 -9.3809
v 4.2782 6.2837 -7.0245
v 3.8009 6.5369 -7.2975
v 0.3936 10.7869 -4.4893
v 0.3923 9.0037 -5.4515
v 0.3916 9.4730 -5.1546
v 0.3931 10.2148 -4.7411
v 0.3842 8.4826 -5.7872
v 0.3922 9.8809 -4.9206
v 0.3961 10.5532 -4.5893
v 4.0240 1.0919 -9.7335
v 7.1057 -4.8883 -4.3205
v 7.2803 -5.2239 -3.9191
v 7.4642 -5.5321 -3.3948
v 7.6434 -5.7452 -2.8262
v 2.4787 -6.9502 -8.8067
v 2.0813 -7.1410 -8.8517
v 2.0948 -7.5372 -8.7378
v 2.0476 -7.9757 -8.6260
v 1.9182 -8.4257 -8.5043
v 1.7360 -8.9097 -8.3172
v 2.2755 -6.7475 -8.9447
v 2.0470 -6.8190 -8.9797
v 0.3690 -6.9691 -9.0614
v 0.3728 -7.3324 -8.9577
v 0.3783 -7.7228 -8.8647
v 0.3866 -8.1408 -8.7603
v 0.3713 -8.5643 -8.6130
v 0.3579 -8.8347 -8.5042
v 0.7272 -7.7101 -8.8550
v 0.7228 -7.3250 -8.9547
v 0.7182 -6.9637 -9.0597
v 1.0603 -6.9487 -9.0501
v 1.0623 -7.3042 -8.9396
v 1.0603 -7.6849 -8.8388
v 1.0546 -8.0794 -8.7348
v 1.0389 -8.4674 -8.6067
v 0.9817 -8.8027 -8.4717
v 1.3975 -6.9222 -9.0345
v 1.3986 -7.2719 -8.9201
v 1.3900 -7.6511 -8.8180
v 1.3612 -8.0457 -8.7115
v 1.3067 -8.4375 -8.5925
v 1.1932 -8.8121 -8.4512
v 1.7299 -6.8812 -9.0135
v 1.7372 -7.2229 -8.8928
v 1.7310 -7.6067 -8.7901
v 1.6860 -8.0164 -8.6835
v 1.5851 -8.4331 -8.5570
v 1.4164 -8.9403 -8.3572
v 3.6671 -6.3770 -8.4666
v 3.6609 -6.7875 -8.2953
v 3.6599 -7.2307 -8.1387
v 3.6597 -7.6975 -7.9849
v 3.6482 -8.1855 -7.8070
v 3.6266 -8.7237 -7.5662
v 3.9805 -5.9078 -8.4817
v 4.0059 -6.2796 -8.2778
v 4.0191 -6.6938 -8.0882
v 4.3745 -6.1442 -8.0400
v 4.3729 -6.5947 -7.8434
v 4.3902 -7.0293 -7.6712
v 4.3912 -7.4833 -7.4950
v 4.3604 -7.9609 -7.3056
v 4.2820 -8.4972 -7.0800
v 4.6376 -5.8625 -7.9138
v 4.6956 -6.1458 -7.7161
v 4.7135 -6.4848 -7.5594
v 4.7474 -6.8946 -7.3759
v 4.7592 -7.3368 -7.1906
v 4.7367 -7.7980 -7.0018
v 4.6907 -8.2988 -6.7638
v 4.9509 5.7041 -6.5741
v 1.9326 7.2558 -7.7945
v 1.8449 7.3297 -7.4291
v 1.7551 7.4301 -7.0688
v 3.4746 6.7602 -7.0891
v 3.6951 6.6798 -6.9549
v 2.1053 7.2653 -7.3339
v 2.3444 7.1866 -7.2558
v 2.5672 7.1151 -7.1857
v 2.7634 7.0499 -7.1135
v 2.0406 7.3455 -6.9884
v 2.2911 7.2542 -6.9450
v 2.5113 7.1743 -6.8913
v 2.6824 7.1048 -6.9037
v 1.1850 7.8792 -6.1921
v 2.9383 6.9937 -7.0037
v 3.7999 6.6822 -6.4311
v 4.0591 6.5588 -6.2840
v 3.2657 6.8339 -7.2024
v 2.7633 7.0920 -6.7388
v 2.9261 7.0474 -6.5386
v 3.6731 6.7557 -6.0327
v 3.9536 6.6147 -5.9045
v 4.2003 6.4638 -5.7904
v 4.4356 6.2872 -5.6373
v 2.4541 7.2567 -6.5171
v 2.2401 7.3212 -6.6815
v 2.6831 7.2215 -6.1723
v 3.5762 6.8321 -5.5927
v 3.9037 6.6334 -5.4979
v 1.4003 7.3538 -8.0161
v 1.5840 7.3819 -7.5445
v 1.0637 7.4560 -7.6989
v 0.7288 7.4911 -7.7553
v 0.3581 7.4922 -7.8130
v 1.3386 7.4166 -7.6576
v 1.3021 7.4824 -7.3911
v 1.2379 7.6317 -6.8333
v 1.6573 7.5595 -6.6462
v 2.0031 7.4325 -6.6169
v 4.1238 6.4916 -5.5167
v 4.2888 6.3505 -5.2824
v 4.6582 6.0056 -5.0248
v 1.5899 7.7639 -6.1189
v 2.0629 7.5606 -6.0698
v 1.9457 8.0074 -5.4702
v 1.9228 8.4811 -5.0467
v 1.9073 8.9253 -4.6850
v 1.5682 8.1691 -5.6113
v 1.5707 8.6498 -5.2051
v 1.5744 9.1003 -4.8687
v 5.0174 5.5865 -4.5908
v 5.4603 5.0585 -4.2670
v 5.8000 4.5489 -3.7319
v 5.5758 4.7165 -3.2785
v 5.3718 4.8389 -2.8177
v 5.2111 4.9966 -2.3625
v 5.1213 5.2096 -1.9269
v 5.7585 4.6722 -4.5057
v 4.9666 5.7573 -5.2778
v 5.2052 5.2485 -3.7089
v 4.7975 5.7368 -4.1060
v 4.3906 6.1768 -4.4924
v 3.9659 6.5827 -4.9354
v 2.4508 7.4848 -5.7398
v 3.4942 6.9495 -5.0997
v 2.3147 7.8619 -5.2752
v 3.3899 7.1811 -4.5967
v 3.7870 6.8121 -4.3244
v 4.1900 6.3956 -3.9832
v 4.5861 5.9333 -3.6098
v 2.2618 8.2966 -4.8535
v 3.2890 7.4985 -4.1250
v 3.6680 7.1149 -3.8311
v 4.0564 6.6790 -3.5022
v 4.4459 6.1905 -3.1429
v 4.3799 6.5112 -2.7251
v 3.9975 7.0276 -3.0865
v 3.6107 7.4824 -3.4169
v 3.2308 7.8801 -3.7184
v 2.2286 8.7307 -4.4812
v 4.9835 5.4210 -3.2211
v 4.8306 5.6383 -2.7596
v 4.7572 5.9170 -2.3371
v 3.1237 6.9366 -6.8727
v 3.5526 6.7850 -6.5846
v 3.3977 6.8806 -6.1869
v 3.2496 7.0037 -5.7502
v 3.1235 7.1980 -5.2927
v 3.0158 7.4739 -4.8308
v 2.9318 7.8223 -4.3897
v 2.8752 8.2212 -3.9986
v 2.9512 7.1316 -5.9388
v 2.7790 7.3638 -5.4978
v 2.6606 7.6908 -5.0506
v 2.5922 8.0833 -4.6302
v 2.5457 8.5028 -4.2536
v 3.1432 6.9739 -6.3553
v 3.3263 6.8664 -6.7341
v 5.4174 4.5957 -1.0364
v 1.8985 9.3493 -4.3667
v 1.5684 9.5086 -4.5652
v 5.0686 5.5084 -1.4962
v 4.3696 6.8978 -2.3535
v 3.9968 7.4322 -2.7335
v 3.6069 7.8978 -3.0727
v 3.2219 8.3046 -3.3844
v 2.2112 9.1582 -4.1531
v 4.7278 6.2709 -1.9406
v 2.8507 8.6539 -3.6654
v 2.5162 8.9366 -3.9193
v 5.3115 4.9561 -0.5337
v 1.9075 9.7371 -4.0936
v 1.5789 9.8870 -4.3096
v 5.0271 5.9101 -1.0600
v 4.4019 7.3456 -2.0116
v 4.0402 7.8838 -2.4231
v 3.6505 8.3525 -2.7859
v 3.2603 8.7529 -3.1098
v 2.2281 9.5585 -3.8691
v 4.7246 6.7206 -1.5525
v 2.8832 9.0815 -3.3912
v 2.5508 9.3442 -3.6368
v 5.1657 5.5211 -0.0684
v 1.9601 10.1314 -3.8703
v 1.6203 10.2515 -4.0995
v 4.9694 6.3921 -0.6174
v 4.4940 7.8056 -1.6724
v 4.1400 8.3753 -2.1478
v 3.7498 8.8445 -2.5557
v 3.3667 9.2089 -2.8795
v 2.3069 9.9828 -3.6336
v 4.7581 7.1765 -1.1715
v 2.9724 9.5216 -3.1786
v 2.6459 9.7868 -3.3950
v 2.0561 10.5525 -3.6754
v 1.7027 10.5925 -3.9233
v 4.9371 6.6065 -0.1686
v 4.6309 8.2635 -1.2710
v 4.2715 8.9455 -1.8941
v 3.8645 9.4088 -2.3652
v 3.5491 9.6936 -2.6562
v 2.4730 10.4533 -3.3981
v 4.8098 7.6037 -0.7518
v 3.0628 10.0014 -3.0423
v 2.8454 10.3053 -3.1631
v 1.2065 9.6452 -4.7356
v 5.0905 5.5869 0.2553
vt 0.06069 0.44988
vt 0.05588 0.42878
vt 0.05300 0.45472
vt 0.05038 0.43555
vt 0.05550 0.47647
vt 0.04932 0.47748
vt 0.04664 0.45676
vt 0.06320 0.47486
vt 0.05805 0.49950
vt 0.06530 0.50188
vt 0.05201 0.49381
vt 0.06976 0.43899
vt 0.06197 0.41396
vt 0.07202 0.47135
vt 0.04620 0.41710
vt 0.04420 0.41075
vt 0.04392 0.41988
vt 0.04106 0.41664
vt 0.04889 0.40868
vt 0.04861 0.41451
vt 0.04841 0.42409
vt 0.05165 0.41841
vt 0.04462 0.43822
vt 0.04424 0.42609
vt 0.02457 0.57513
vt 0.03265 0.60541
vt 0.02731 0.57053
vt 0.03709 0.59699
vt 0.03094 0.60916
vt 0.02127 0.57706
vt 0.11743 0.68555
vt 0.10625 0.65187
vt 0.11179 0.69608
vt 0.10123 0.66304
vt 0.01847 0.54808
vt 0.01993 0.54480
vt 0.01111 0.52049
vt 0.01060 0.52273
vt 0.04911 0.61937
vt 0.04554 0.62978
vt 0.09198 0.71209
vt 0.07645 0.68023
vt 0.08425 0.72074
vt 0.06652 0.68177
vt 0.07080 0.54704
vt 0.07278 0.54134
vt 0.06510 0.53398
vt 0.06746 0.52537
vt 0.05976 0.52058
vt 0.06403 0.54582
vt 0.06992 0.55564
vt 0.04938 0.50031
vt 0.04348 0.47711
vt 0.03997 0.45682
vt 0.03827 0.43823
vt 0.07414 0.50316
vt 0.07757 0.50106
vt 0.07577 0.47055
vt 0.07409 0.43734
vt 0.07510 0.52244
vt 0.07879 0.52163
vt 0.08065 0.53367
vt 0.08245 0.53265
vt 0.08187 0.52270
vt 0.06621 0.41670
vt 0.06873 0.41100
vt 0.06241 0.40264
vt 0.03878 0.42491
vt 0.05409 0.40979
vt 0.05591 0.39882
vt 0.04925 0.39845
vt 0.09636 0.67119
vt 0.10573 0.70027
vt 0.09872 0.70437
vt 0.08484 0.67146
vt 0.06481 0.33504
vt 0.06782 0.33601
vt 0.06808 0.32764
vt 0.07221 0.32790
vt 0.05970 0.33584
vt 0.06155 0.33042
vt 0.03125 0.42025
vt 0.03650 0.40891
vt 0.03015 0.43599
vt 0.03234 0.45526
vt 0.03765 0.47975
vt 0.03345 0.48370
vt 0.02373 0.45149
vt 0.04601 0.50814
vt 0.05377 0.52791
vt 0.04386 0.51119
vt 0.04227 0.40185
vt 0.00141 0.50142
vt 0.00166 0.49927
vt 0.01735 0.41466
vt 0.01668 0.41491
vt 0.05348 0.33254
vt 0.05335 0.33760
vt 0.04680 0.33860
vt 0.04806 0.33434
vt 0.05450 0.32930
vt 0.04812 0.33155
vt 0.03266 0.39733
vt 0.02293 0.41211
vt 0.04051 0.39187
vt 0.04911 0.38908
vt 0.05715 0.38996
vt 0.06451 0.39366
vt 0.37743 0.74431
vt 0.38290 0.74788
vt 0.38000 0.74306
vt 0.38560 0.74609
vt 0.38242 0.74187
vt 0.38800 0.74417
vt 0.37858 0.73838
vt 0.38093 0.73784
vt 0.38465 0.74057
vt 0.37620 0.73886
vt 0.37379 0.73928
vt 0.37120 0.73982
vt 0.37469 0.74576
vt 0.38800 0.73649
vt 0.38763 0.73516
vt 0.38560 0.73690
vt 0.38490 0.73479
vt 0.38614 0.73228
vt 0.38864 0.73346
vt 0.39014 0.73733
vt 0.39058 0.73569
vt 0.39141 0.73641
vt 0.39023 0.73505
vt 0.38856 0.73833
vt 0.39057 0.73448
vt 0.38328 0.73731
vt 0.38671 0.73946
vt 0.38223 0.73443
vt 0.38353 0.73120
vt 0.37183 0.74724
vt 0.36859 0.74039
vt 0.36804 0.73179
vt 0.37053 0.73231
vt 0.37275 0.72423
vt 0.37029 0.72250
vt 0.37971 0.73418
vt 0.38109 0.73015
vt 0.37735 0.73384
vt 0.37887 0.72891
vt 0.37513 0.73344
vt 0.37685 0.72749
vt 0.38246 0.72408
vt 0.38447 0.72607
vt 0.37285 0.73282
vt 0.37487 0.72587
vt 0.12909 0.72302
vt 0.12532 0.72883
vt 0.12137 0.73350
vt 0.11646 0.73841
vt 0.11154 0.74589
vt 0.35355 0.73312
vt 0.35813 0.73234
vt 0.35498 0.71816
vt 0.35994 0.71869
vt 0.01718 0.41444
vt 0.00048 0.50376
vt 0.01704 0.41415
vt 0.00000 0.50447
vt 0.01683 0.41401
vt 0.00105 0.50284
vt 0.00955 0.52470
vt 0.01664 0.55028
vt 0.04087 0.63562
vt 0.04759 0.66274
vt 0.03774 0.63919
vt 0.04181 0.66625
vt 0.03437 0.64334
vt 0.06104 0.65433
vt 0.05329 0.65950
vt 0.00846 0.52560
vt 0.00754 0.52572
vt 0.01223 0.54997
vt 0.01441 0.55090
vt 0.01953 0.57864
vt 0.01761 0.57987
vt 0.02903 0.61259
vt 0.02741 0.61584
vt 0.05742 0.68661
vt 0.04832 0.69307
vt 0.07474 0.73346
vt 0.06102 0.74783
vt 0.06391 0.32493
vt 0.06460 0.32078
vt 0.05476 0.32661
vt 0.05459 0.32411
vt 0.06579 0.31768
vt 0.04798 0.32938
vt 0.04781 0.32730
vt 0.07151 0.31905
vt 0.07279 0.31243
vt 0.07334 0.30744
vt 0.07699 0.31607
vt 0.08215 0.30129
vt 0.08122 0.29173
vt 0.15305 0.73092
vt 0.13941 0.70573
vt 0.14974 0.73962
vt 0.13375 0.71432
vt 0.12309 0.67550
vt 0.13001 0.67010
vt 0.11225 0.63497
vt 0.47571 0.73594
vt 0.47579 0.73134
vt 0.46806 0.73571
vt 0.46795 0.73091
vt 0.47592 0.74057
vt 0.46829 0.74060
vt 0.47524 0.63337
vt 0.46509 0.63455
vt 0.47579 0.64217
vt 0.46586 0.64325
vt 0.47612 0.65124
vt 0.46645 0.65205
vt 0.47677 0.58428
vt 0.46691 0.58440
vt 0.47613 0.58965
vt 0.46547 0.59009
vt 0.47515 0.70787
vt 0.48735 0.70784
vt 0.47605 0.70061
vt 0.48707 0.70081
vt 0.48730 0.71391
vt 0.50033 0.70789
vt 0.50033 0.71375
vt 0.47514 0.71378
vt 0.48568 0.72719
vt 0.48639 0.72286
vt 0.47567 0.72681
vt 0.47534 0.72235
vt 0.50032 0.70054
vt 0.48543 0.73158
vt 0.50034 0.72745
vt 0.50034 0.73185
vt 0.46807 0.72654
vt 0.46811 0.72219
vt 0.50034 0.72317
vt 0.48725 0.69251
vt 0.50032 0.69266
vt 0.47611 0.69260
vt 0.48697 0.68471
vt 0.47626 0.68453
vt 0.50031 0.68525
vt 0.48546 0.73606
vt 0.48552 0.74014
vt 0.50035 0.73627
vt 0.50035 0.73994
vt 0.47624 0.74520
vt 0.46847 0.74548
vt 0.47693 0.74987
vt 0.46864 0.75036
vt 0.48650 0.74438
vt 0.50035 0.74411
vt 0.48752 0.74873
vt 0.50036 0.74817
vt 0.48749 0.67616
vt 0.50031 0.67660
vt 0.47620 0.67637
vt 0.47598 0.66825
vt 0.48804 0.66793
vt 0.47748 0.75521
vt 0.48802 0.75464
vt 0.50030 0.66815
vt 0.50036 0.75441
vt 0.48785 0.66000
vt 0.47613 0.66005
vt 0.46871 0.75545
vt 0.47748 0.76041
vt 0.46844 0.76044
vt 0.48810 0.76004
vt 0.50037 0.76005
vt 0.50030 0.66004
vt 0.46679 0.66080
vt 0.48760 0.65110
vt 0.46726 0.66925
vt 0.50030 0.65107
vt 0.48748 0.64143
vt 0.50029 0.64107
vt 0.48702 0.63216
vt 0.48794 0.76533
vt 0.50038 0.76543
vt 0.47692 0.76553
vt 0.46776 0.76541
vt 0.46819 0.71832
vt 0.47519 0.71831
vt 0.48689 0.71817
vt 0.48721 0.71539
vt 0.47526 0.71578
vt 0.50033 0.71843
vt 0.50033 0.71567
vt 0.49033 0.48291
vt 0.49004 0.48759
vt 0.49515 0.48404
vt 0.49502 0.48881
vt 0.50023 0.48450
vt 0.50023 0.48938
vt 0.48781 0.59143
vt 0.50027 0.59258
vt 0.48817 0.58580
vt 0.50027 0.58672
vt 0.49423 0.50385
vt 0.48880 0.50221
vt 0.49368 0.50992
vt 0.48805 0.50786
vt 0.50024 0.51061
vt 0.50024 0.50444
vt 0.48935 0.49704
vt 0.49454 0.49858
vt 0.50024 0.49918
vt 0.48906 0.57036
vt 0.47928 0.56854
vt 0.48838 0.57558
vt 0.47871 0.57388
vt 0.50027 0.57187
vt 0.50027 0.57591
vt 0.48990 0.56471
vt 0.50026 0.56574
vt 0.47976 0.56229
vt 0.50023 0.49421
vt 0.49481 0.49373
vt 0.48815 0.58012
vt 0.47788 0.57900
vt 0.50027 0.58105
vt 0.46821 0.57868
vt 0.46942 0.57309
vt 0.49059 0.55630
vt 0.48001 0.55446
vt 0.50026 0.55675
vt 0.49161 0.54794
vt 0.50026 0.54799
vt 0.49288 0.51727
vt 0.48681 0.51449
vt 0.49264 0.52529
vt 0.48429 0.52289
vt 0.47937 0.54535
vt 0.50025 0.51795
vt 0.48744 0.59642
vt 0.47560 0.59489
vt 0.49525 0.47936
vt 0.50023 0.47979
vt 0.12218 0.30747
vt 0.10751 0.31002
vt 0.11888 0.33003
vt 0.10545 0.34443
vt 0.48552 0.48170
vt 0.48536 0.48623
vt 0.48331 0.50569
vt 0.48409 0.50039
vt 0.48463 0.49557
vt 0.47972 0.51816
vt 0.48210 0.51163
vt 0.12704 0.33853
vt 0.11408 0.37941
vt 0.28979 0.31299
vt 0.29173 0.32186
vt 0.29267 0.31180
vt 0.29447 0.31901
vt 0.29532 0.32895
vt 0.29764 0.32513
vt 0.29674 0.31664
vt 0.29964 0.32173
vt 0.29522 0.31056
vt 0.29879 0.31454
vt 0.29732 0.30933
vt 0.29922 0.30829
vt 0.30046 0.31260
vt 0.48973 0.49234
vt 0.13576 0.30081
vt 0.13885 0.34605
vt 0.14812 0.30866
vt 0.29043 0.30268
vt 0.29301 0.30354
vt 0.29529 0.30402
vt 0.29724 0.30414
vt 0.29904 0.30444
vt 0.29868 0.29887
vt 0.30027 0.30004
vt 0.30185 0.29297
vt 0.30311 0.29523
vt 0.29709 0.29731
vt 0.30043 0.29075
vt 0.29523 0.29561
vt 0.29880 0.28839
vt 0.29699 0.28616
vt 0.29322 0.29392
vt 0.15975 0.27282
vt 0.14796 0.26700
vt 0.24300 0.29907
vt 0.23241 0.29886
vt 0.23229 0.32478
vt 0.22094 0.32599
vt 0.09122 0.37129
vt 0.09864 0.40158
vt 0.49357 0.31517
vt 0.49295 0.29219
vt 0.48745 0.31531
vt 0.48639 0.29269
vt 0.48050 0.29309
vt 0.48175 0.31529
vt 0.38185 0.28699
vt 0.38668 0.29297
vt 0.38334 0.28458
vt 0.38831 0.29073
vt 0.50010 0.22569
vt 0.50009 0.20820
vt 0.48970 0.22586
vt 0.48894 0.20834
vt 0.39743 0.29184
vt 0.39379 0.28390
vt 0.39520 0.29371
vt 0.39171 0.28644
vt 0.38796 0.27634
vt 0.38620 0.27943
vt 0.38466 0.28211
vt 0.38989 0.28868
vt 0.39325 0.29540
vt 0.50015 0.31489
vt 0.50014 0.29182
vt 0.47828 0.26935
vt 0.48468 0.26861
vt 0.38584 0.33076
vt 0.38928 0.32749
vt 0.38501 0.32784
vt 0.38830 0.32498
vt 0.39238 0.32380
vt 0.39125 0.32172
vt 0.38155 0.33045
vt 0.38228 0.33358
vt 0.38750 0.32264
vt 0.38431 0.32512
vt 0.38095 0.32752
vt 0.39154 0.29694
vt 0.38993 0.29857
vt 0.39319 0.30236
vt 0.39489 0.30133
vt 0.38375 0.32253
vt 0.38678 0.32054
vt 0.38046 0.32472
vt 0.38625 0.31831
vt 0.38325 0.32007
vt 0.38000 0.32198
vt 0.49430 0.35363
vt 0.49400 0.33543
vt 0.48855 0.35376
vt 0.48813 0.33560
vt 0.50016 0.33528
vt 0.49198 0.26773
vt 0.50012 0.26734
vt 0.50017 0.35344
vt 0.49078 0.24552
vt 0.48251 0.24645
vt 0.48025 0.22661
vt 0.50011 0.24509
vt 0.40511 0.37157
vt 0.40082 0.37078
vt 0.40142 0.38169
vt 0.39618 0.37943
vt 0.40371 0.36516
vt 0.40738 0.36312
vt 0.39820 0.36675
vt 0.40304 0.36097
vt 0.39292 0.37400
vt 0.31218 0.73132
vt 0.30118 0.72945
vt 0.31254 0.75150
vt 0.30059 0.75079
vt 0.32408 0.75157
vt 0.32318 0.73332
vt 0.30150 0.76921
vt 0.31499 0.76770
vt 0.31438 0.70874
vt 0.30363 0.70411
vt 0.49536 0.46558
vt 0.49532 0.46103
vt 0.49052 0.46475
vt 0.49043 0.46022
vt 0.48451 0.81721
vt 0.46880 0.81664
vt 0.48443 0.82384
vt 0.46853 0.82343
vt 0.50022 0.46138
vt 0.50022 0.46602
vt 0.50046 0.82413
vt 0.50045 0.81750
vt 0.48541 0.45938
vt 0.48555 0.46382
vt 0.43052 0.80916
vt 0.42052 0.80936
vt 0.42882 0.81642
vt 0.41823 0.81670
vt 0.32732 0.76589
vt 0.42530 0.52274
vt 0.42986 0.52165
vt 0.42626 0.51150
vt 0.43081 0.51149
vt 0.33214 0.77685
vt 0.34264 0.77352
vt 0.33778 0.76403
vt 0.42628 0.53496
vt 0.43062 0.53294
vt 0.43439 0.54304
vt 0.42907 0.54715
vt 0.32462 0.71219
vt 0.44638 0.52945
vt 0.44724 0.53601
vt 0.45072 0.52970
vt 0.45100 0.53478
vt 0.45070 0.52479
vt 0.44639 0.52350
vt 0.44209 0.52970
vt 0.44184 0.52263
vt 0.43635 0.52211
vt 0.43708 0.53089
vt 0.42487 0.55066
vt 0.42171 0.53743
vt 0.42057 0.52414
vt 0.33295 0.73434
vt 0.33425 0.75105
vt 0.33391 0.71482
vt 0.48495 0.80516
vt 0.46998 0.80437
vt 0.48464 0.81105
vt 0.46928 0.81037
vt 0.50044 0.81141
vt 0.50043 0.80558
vt 0.34602 0.76163
vt 0.35084 0.77040
vt 0.34254 0.74967
vt 0.35449 0.74596
vt 0.35882 0.74405
vt 0.34119 0.73439
vt 0.35757 0.75597
vt 0.36183 0.75321
vt 0.34916 0.74790
vt 0.35243 0.75890
vt 0.34798 0.73390
vt 0.43466 0.55766
vt 0.44119 0.56711
vt 0.43923 0.55286
vt 0.44474 0.56234
vt 0.34906 0.71758
vt 0.34206 0.71641
vt 0.44377 0.53793
vt 0.44941 0.54350
vt 0.45277 0.55133
vt 0.45243 0.54133
vt 0.45503 0.54833
vt 0.45729 0.55940
vt 0.45902 0.55488
vt 0.45041 0.55468
vt 0.44636 0.54585
vt 0.44315 0.54915
vt 0.43955 0.53979
vt 0.44761 0.55824
vt 0.45732 0.54520
vt 0.45548 0.53980
vt 0.45800 0.53844
vt 0.45974 0.54315
vt 0.50025 0.52604
vt 0.42984 0.56275
vt 0.43746 0.57339
vt 0.49178 0.53303
vt 0.48398 0.53051
vt 0.49117 0.54018
vt 0.48257 0.53732
vt 0.50025 0.53378
vt 0.48620 0.79293
vt 0.47229 0.79199
vt 0.48544 0.79925
vt 0.47100 0.79831
vt 0.50025 0.54083
vt 0.50041 0.79351
vt 0.48679 0.78557
vt 0.50040 0.78570
vt 0.50042 0.79976
vt 0.47342 0.78531
vt 0.50029 0.63155
vt 0.36881 0.74899
vt 0.36552 0.75096
vt 0.37363 0.75460
vt 0.37017 0.75731
vt 0.48743 0.77015
vt 0.50038 0.77028
vt 0.47598 0.77024
vt 0.36570 0.74127
vt 0.36252 0.74239
vt 0.36515 0.73141
vt 0.36741 0.72074
vt 0.36402 0.71940
vt 0.36193 0.73175
vt 0.46437 0.62620
vt 0.47471 0.62543
vt 0.46377 0.61798
vt 0.47453 0.61756
vt 0.48682 0.61834
vt 0.50028 0.61860
vt 0.48689 0.61118
vt 0.50028 0.61133
vt 0.48684 0.62527
vt 0.50029 0.62516
vt 0.47477 0.61078
vt 0.48712 0.77459
vt 0.47496 0.77473
vt 0.48698 0.77899
vt 0.47419 0.77932
vt 0.50039 0.77457
vt 0.50039 0.77849
vt 0.09857 0.42841
vt 0.10994 0.42388
vt 0.08914 0.42234
vt 0.09761 0.46475
vt 0.10743 0.46197
vt 0.27134 0.35774
vt 0.26776 0.34488
vt 0.26275 0.36871
vt 0.25809 0.35548
vt 0.27827 0.34968
vt 0.27478 0.33788
vt 0.28400 0.34367
vt 0.28028 0.33291
vt 0.28630 0.31415
vt 0.28876 0.32514
vt 0.28857 0.33794
vt 0.28468 0.32870
vt 0.29233 0.33308
vt 0.38686 0.33385
vt 0.39041 0.33023
vt 0.28760 0.30152
vt 0.39616 0.28097
vt 0.38993 0.27306
vt 0.41340 0.25966
vt 0.40406 0.24972
vt 0.40920 0.26512
vt 0.40056 0.25537
vt 0.38317 0.33699
vt 0.28251 0.31703
vt 0.27851 0.32033
vt 0.27366 0.32403
vt 0.28385 0.30326
vt 0.26679 0.32946
vt 0.28005 0.30565
vt 0.27506 0.30837
vt 0.26918 0.31191
vt 0.25825 0.33649
vt 0.29117 0.29203
vt 0.28926 0.28972
vt 0.26138 0.31615
vt 0.29510 0.28415
vt 0.29339 0.28214
vt 0.28539 0.29083
vt 0.28083 0.29209
vt 0.29171 0.28011
vt 0.29000 0.27759
vt 0.27527 0.29342
vt 0.26872 0.29517
vt 0.28510 0.27701
vt 0.27949 0.27627
vt 0.40306 0.28768
vt 0.39883 0.27774
vt 0.40002 0.28985
vt 0.40183 0.27412
vt 0.40661 0.28529
vt 0.40146 0.29835
vt 0.40441 0.29733
vt 0.40788 0.29621
vt 0.39513 0.34051
vt 0.39101 0.34533
vt 0.39715 0.34476
vt 0.39277 0.34995
vt 0.38943 0.34101
vt 0.38542 0.34478
vt 0.38682 0.34929
vt 0.39333 0.33669
vt 0.38837 0.35430
vt 0.38806 0.33721
vt 0.39176 0.33328
vt 0.38420 0.34071
vt 0.42163 0.27449
vt 0.41784 0.25368
vt 0.42734 0.26802
vt 0.41082 0.28247
vt 0.40529 0.27005
vt 0.41589 0.27906
vt 0.39670 0.36065
vt 0.40212 0.35484
vt 0.39469 0.35500
vt 0.39944 0.34957
vt 0.39118 0.36699
vt 0.39012 0.35983
vt 0.35193 0.33899
vt 0.34616 0.33943
vt 0.35150 0.34408
vt 0.34573 0.34471
vt 0.35108 0.34952
vt 0.34535 0.35032
vt 0.35241 0.33425
vt 0.34661 0.33454
vt 0.35344 0.32556
vt 0.34750 0.32579
vt 0.35292 0.32981
vt 0.34706 0.33003
vt 0.42200 0.73810
vt 0.41429 0.73881
vt 0.42022 0.74196
vt 0.41296 0.74221
vt 0.42321 0.73447
vt 0.41502 0.73574
vt 0.40981 0.75793
vt 0.40313 0.75701
vt 0.40674 0.76180
vt 0.40001 0.76063
vt 0.34363 0.39734
vt 0.33522 0.39989
vt 0.34190 0.40824
vt 0.33288 0.41118
vt 0.37115 0.62426
vt 0.36472 0.61492
vt 0.36500 0.63722
vt 0.35805 0.62899
vt 0.37721 0.63298
vt 0.37169 0.64476
vt 0.38271 0.64054
vt 0.37833 0.65163
vt 0.50019 0.40679
vt 0.50019 0.39603
vt 0.49478 0.40682
vt 0.49470 0.39617
vt 0.49483 0.41607
vt 0.48950 0.41572
vt 0.48933 0.40661
vt 0.18076 0.70963
vt 0.18806 0.70540
vt 0.17254 0.68629
vt 0.18128 0.68479
vt 0.19549 0.70341
vt 0.19086 0.68473
vt 0.19603 0.72347
vt 0.18949 0.72904
vt 0.16578 0.65765
vt 0.17600 0.65806
vt 0.16146 0.63131
vt 0.17226 0.63076
vt 0.20167 0.71634
vt 0.18632 0.65853
vt 0.15016 0.47601
vt 0.16302 0.47366
vt 0.15151 0.44943
vt 0.16460 0.44754
vt 0.48442 0.83121
vt 0.46850 0.83092
vt 0.48448 0.83945
vt 0.46863 0.83927
vt 0.50048 0.83978
vt 0.50047 0.83150
vt 0.16379 0.69044
vt 0.17317 0.71519
vt 0.15245 0.63325
vt 0.15678 0.66149
vt 0.13873 0.48036
vt 0.14037 0.45159
vt 0.46892 0.84839
vt 0.48464 0.84868
vt 0.48628 0.14120
vt 0.47203 0.14207
vt 0.48654 0.15497
vt 0.47272 0.15614
vt 0.50049 0.84898
vt 0.47161 0.12724
vt 0.48619 0.12664
vt 0.48697 0.16823
vt 0.50006 0.16776
vt 0.50005 0.15460
vt 0.50004 0.14093
vt 0.47376 0.16972
vt 0.18690 0.35668
vt 0.19929 0.35637
vt 0.19763 0.32540
vt 0.20955 0.32624
vt 0.50003 0.12646
vt 0.17477 0.35662
vt 0.17755 0.38872
vt 0.16522 0.38908
vt 0.21141 0.35457
vt 0.20333 0.38309
vt 0.19044 0.38643
vt 0.18547 0.32338
vt 0.46079 0.17219
vt 0.45904 0.15810
vt 0.22122 0.29734
vt 0.20963 0.29494
vt 0.22306 0.26706
vt 0.21123 0.26192
vt 0.19730 0.29147
vt 0.23437 0.27083
vt 0.24502 0.27406
vt 0.18391 0.41639
vt 0.17049 0.41764
vt 0.17915 0.44474
vt 0.15812 0.41992
vt 0.19816 0.41138
vt 0.19529 0.43927
vt 0.15043 0.50574
vt 0.16197 0.50213
vt 0.17689 0.47147
vt 0.17668 0.49962
vt 0.30129 0.32957
vt 0.29916 0.33403
vt 0.29644 0.33906
vt 0.30311 0.32574
vt 0.20323 0.70341
vt 0.20569 0.71296
vt 0.20048 0.68458
vt 0.19747 0.65905
vt 0.30131 0.31897
vt 0.30279 0.31645
vt 0.19797 0.46745
vt 0.19334 0.49918
vt 0.21504 0.44703
vt 0.21027 0.42814
vt 0.26131 0.39229
vt 0.25306 0.38383
vt 0.25325 0.40769
vt 0.24453 0.40135
vt 0.27675 0.36726
vt 0.26930 0.37846
vt 0.29305 0.34474
vt 0.28876 0.35123
vt 0.28322 0.35872
vt 0.19853 0.74379
vt 0.20424 0.73729
vt 0.20881 0.72924
vt 0.18225 0.73367
vt 0.09803 0.50329
vt 0.10688 0.50634
vt 0.09266 0.50912
vt 0.09826 0.52216
vt 0.10247 0.53226
vt 0.10940 0.52735
vt 0.50020 0.41604
vt 0.31318 0.47746
vt 0.32407 0.47244
vt 0.31434 0.46413
vt 0.32506 0.45979
vt 0.10212 0.55145
vt 0.11196 0.55383
vt 0.11410 0.58303
vt 0.12507 0.56983
vt 0.12171 0.54659
vt 0.11963 0.52026
vt 0.32369 0.48556
vt 0.31286 0.49155
vt 0.32414 0.49923
vt 0.31346 0.50654
vt 0.17618 0.52471
vt 0.19115 0.52432
vt 0.17829 0.57544
vt 0.19113 0.57564
vt 0.17681 0.54950
vt 0.19040 0.54957
vt 0.49492 0.42401
vt 0.48959 0.42356
vt 0.49499 0.43089
vt 0.50020 0.42409
vt 0.50020 0.43101
vt 0.48972 0.43036
vt 0.48981 0.43625
vt 0.49505 0.43688
vt 0.15175 0.53077
vt 0.16242 0.52690
vt 0.16403 0.55126
vt 0.15348 0.55472
vt 0.09780 0.54437
vt 0.07574 0.56897
vt 0.08116 0.56948
vt 0.07533 0.56123
vt 0.08135 0.56251
vt 0.06956 0.56418
vt 0.09256 0.60162
vt 0.09233 0.59883
vt 0.09167 0.60415
vt 0.09081 0.59747
vt 0.09605 0.63763
vt 0.08951 0.64651
vt 0.04271 0.34509
vt 0.01502 0.41446
vt 0.12706 0.58943
vt 0.11787 0.59464
vt 0.11093 0.59676
vt 0.50021 0.43708
vt 0.45167 0.43288
vt 0.45146 0.42704
vt 0.44414 0.43505
vt 0.44395 0.42908
vt 0.48403 0.42969
vt 0.48425 0.43563
vt 0.14967 0.60509
vt 0.15886 0.60339
vt 0.16637 0.57641
vt 0.15527 0.57879
vt 0.16940 0.60355
vt 0.11711 0.62453
vt 0.12130 0.60845
vt 0.49004 0.44644
vt 0.48991 0.44153
vt 0.48473 0.44583
vt 0.48449 0.44096
vt 0.18063 0.60372
vt 0.18271 0.63252
vt 0.19519 0.63235
vt 0.19314 0.60464
vt 0.49511 0.44228
vt 0.50021 0.44249
vt 0.42043 0.71646
vt 0.41820 0.71233
vt 0.41138 0.71970
vt 0.40945 0.71587
vt 0.38695 0.64636
vt 0.38831 0.63156
vt 0.39222 0.64048
vt 0.33064 0.42280
vt 0.34020 0.41964
vt 0.42208 0.72046
vt 0.41283 0.72347
vt 0.42304 0.72380
vt 0.41370 0.72694
vt 0.41524 0.73315
vt 0.42386 0.73123
vt 0.41502 0.73104
vt 0.42395 0.72851
vt 0.42369 0.72647
vt 0.41454 0.72946
vt 0.41417 0.72861
vt 0.42350 0.72535
vt 0.33487 0.49219
vt 0.33604 0.50495
vt 0.32553 0.51356
vt 0.35157 0.59417
vt 0.35811 0.60492
vt 0.35954 0.57952
vt 0.36558 0.59051
vt 0.35386 0.56810
vt 0.34531 0.58262
vt 0.37167 0.60152
vt 0.37766 0.61216
vt 0.38329 0.62210
vt 0.39756 0.66136
vt 0.39021 0.66862
vt 0.40055 0.67074
vt 0.39366 0.67752
vt 0.33748 0.38955
vt 0.34536 0.38724
vt 0.33960 0.38005
vt 0.34692 0.37795
vt 0.34161 0.37135
vt 0.34851 0.36942
vt 0.34349 0.36343
vt 0.34999 0.36165
vt 0.34515 0.35612
vt 0.35063 0.35533
vt 0.35702 0.34307
vt 0.35672 0.34818
vt 0.35739 0.33825
vt 0.35782 0.33375
vt 0.35890 0.32530
vt 0.35833 0.32948
vt 0.42576 0.70894
vt 0.42324 0.70384
vt 0.41568 0.70799
vt 0.43061 0.73368
vt 0.42885 0.73775
vt 0.42682 0.74197
vt 0.42062 0.69856
vt 0.41315 0.70334
vt 0.42452 0.74626
vt 0.41800 0.74594
vt 0.42202 0.75046
vt 0.41547 0.74984
vt 0.41937 0.75457
vt 0.41273 0.75390
vt 0.41658 0.75867
vt 0.41362 0.76283
vt 0.41047 0.76695
vt 0.40348 0.76578
vt 0.40354 0.77572
vt 0.39628 0.77418
vt 0.39966 0.78024
vt 0.39221 0.77835
vt 0.35193 0.39387
vt 0.35074 0.40448
vt 0.39536 0.78505
vt 0.38769 0.78300
vt 0.33579 0.45539
vt 0.33487 0.46738
vt 0.33452 0.47959
vt 0.32779 0.52845
vt 0.33802 0.51805
vt 0.49059 0.46929
vt 0.48565 0.46821
vt 0.38939 0.39266
vt 0.39748 0.39340
vt 0.39368 0.32611
vt 0.39521 0.32864
vt 0.39024 0.31993
vt 0.38937 0.31811
vt 0.38861 0.31632
vt 0.39128 0.31546
vt 0.39247 0.31680
vt 0.39398 0.31366
vt 0.39256 0.31283
vt 0.39699 0.33154
vt 0.44699 0.51841
vt 0.45139 0.52044
vt 0.44228 0.51654
vt 0.48501 0.49095
vt 0.43702 0.51454
vt 0.39113 0.42965
vt 0.38408 0.43285
vt 0.39040 0.43991
vt 0.38344 0.44335
vt 0.43875 0.50844
vt 0.43366 0.50517
vt 0.43680 0.49943
vt 0.44119 0.50290
vt 0.48085 0.48474
vt 0.48072 0.48931
vt 0.47637 0.48318
vt 0.47644 0.48784
vt 0.45204 0.51624
vt 0.45300 0.51299
vt 0.44783 0.51381
vt 0.44923 0.50982
vt 0.39368 0.31818
vt 0.39550 0.31458
vt 0.39035 0.31422
vt 0.39129 0.31226
vt 0.41834 0.35261
vt 0.42474 0.34571
vt 0.41737 0.34149
vt 0.42348 0.33291
vt 0.40870 0.32491
vt 0.41205 0.31670
vt 0.40579 0.32210
vt 0.40854 0.31464
vt 0.39496 0.31983
vt 0.39705 0.31544
vt 0.39843 0.31099
vt 0.39662 0.31070
vt 0.39877 0.31668
vt 0.39652 0.32147
vt 0.47148 0.47725
vt 0.47186 0.48196
vt 0.47621 0.47850
vt 0.48091 0.48014
vt 0.43257 0.49594
vt 0.43683 0.49037
vt 0.44038 0.49404
vt 0.42889 0.50197
vt 0.44340 0.51122
vt 0.44538 0.50656
vt 0.48047 0.49404
vt 0.47640 0.49244
vt 0.47999 0.49862
vt 0.47622 0.49711
vt 0.47937 0.50365
vt 0.47588 0.50197
vt 0.47251 0.49605
vt 0.47254 0.50092
vt 0.47235 0.49137
vt 0.47842 0.50908
vt 0.47533 0.50715
vt 0.47693 0.51462
vt 0.47446 0.51223
vt 0.47242 0.50605
vt 0.47204 0.51111
vt 0.46667 0.35341
vt 0.46655 0.36869
vt 0.47209 0.35357
vt 0.47209 0.36906
vt 0.46433 0.23062
vt 0.45960 0.21473
vt 0.45675 0.23157
vt 0.45048 0.21630
vt 0.46869 0.21202
vt 0.47181 0.22827
vt 0.47780 0.39483
vt 0.47787 0.40512
vt 0.48359 0.39564
vt 0.48371 0.40611
vt 0.41615 0.16644
vt 0.42037 0.18076
vt 0.43094 0.16324
vt 0.43434 0.17740
vt 0.44511 0.16053
vt 0.44766 0.17471
vt 0.47530 0.29328
vt 0.47272 0.27023
vt 0.47040 0.29358
vt 0.46750 0.27115
vt 0.46544 0.29381
vt 0.46685 0.31485
vt 0.47182 0.31516
vt 0.47662 0.31526
vt 0.46223 0.27211
vt 0.40803 0.35578
vt 0.41217 0.34934
vt 0.40602 0.34880
vt 0.41019 0.34189
vt 0.41481 0.33382
vt 0.41282 0.35973
vt 0.47718 0.33567
vt 0.47754 0.35362
vt 0.48244 0.33569
vt 0.48291 0.35374
vt 0.47206 0.33567
vt 0.41744 0.36576
vt 0.41091 0.36985
vt 0.41504 0.37774
vt 0.40799 0.38078
vt 0.47527 0.24754
vt 0.46891 0.24891
vt 0.46309 0.25057
vt 0.40868 0.48970
vt 0.40591 0.48469
vt 0.40270 0.49866
vt 0.39971 0.49251
vt 0.40656 0.50468
vt 0.40134 0.51597
vt 0.39732 0.50740
vt 0.41194 0.49410
vt 0.41461 0.48144
vt 0.41760 0.48521
vt 0.48022 0.45816
vt 0.48048 0.46246
vt 0.47506 0.46085
vt 0.47470 0.45659
vt 0.46953 0.45945
vt 0.46886 0.45519
vt 0.48062 0.46682
vt 0.39828 0.32348
vt 0.40079 0.31815
vt 0.40312 0.31990
vt 0.40028 0.32598
vt 0.39901 0.33498
vt 0.40256 0.32882
vt 0.40358 0.34347
vt 0.40765 0.33645
vt 0.40121 0.33888
vt 0.40504 0.33230
vt 0.41179 0.32869
vt 0.48380 0.41509
vt 0.47804 0.41405
vt 0.47218 0.41284
vt 0.47206 0.40409
vt 0.39773 0.43627
vt 0.40544 0.43255
vt 0.39856 0.42642
vt 0.40636 0.42295
vt 0.45786 0.14353
vt 0.44344 0.14580
vt 0.44238 0.13058
vt 0.42765 0.13302
vt 0.42885 0.14831
vt 0.45711 0.12837
vt 0.39170 0.46543
vt 0.39865 0.46088
vt 0.39072 0.45769
vt 0.39781 0.45342
vt 0.39027 0.44925
vt 0.39750 0.44527
vt 0.40590 0.45625
vt 0.40523 0.44922
vt 0.40506 0.44128
vt 0.38339 0.45289
vt 0.38387 0.46168
vt 0.47821 0.42180
vt 0.47846 0.42857
vt 0.48392 0.42296
vt 0.47254 0.42731
vt 0.47232 0.42052
vt 0.47880 0.43450
vt 0.47275 0.43328
vt 0.39320 0.47271
vt 0.39996 0.46766
vt 0.40696 0.46244
vt 0.47905 0.43985
vt 0.47306 0.43861
vt 0.47348 0.44341
vt 0.46710 0.44211
vt 0.46659 0.43738
vt 0.40042 0.31153
vt 0.41981 0.32453
vt 0.39480 0.31054
vt 0.39525 0.30647
vt 0.39363 0.30679
vt 0.39332 0.31031
vt 0.39189 0.30997
vt 0.40542 0.31325
vt 0.45108 0.50612
vt 0.44781 0.50223
vt 0.45413 0.50961
vt 0.47214 0.48670
vt 0.44412 0.49817
vt 0.47102 0.47272
vt 0.47601 0.47398
vt 0.42220 0.37355
vt 0.41999 0.38593
vt 0.41239 0.38963
vt 0.42923 0.36884
vt 0.42740 0.38197
vt 0.44926 0.23288
vt 0.44125 0.21801
vt 0.44202 0.23473
vt 0.43241 0.22067
vt 0.44446 0.48940
vt 0.44744 0.49387
vt 0.44910 0.48529
vt 0.45129 0.49042
vt 0.46390 0.48119
vt 0.46436 0.48617
vt 0.46764 0.48132
vt 0.46812 0.48614
vt 0.45811 0.50462
vt 0.45603 0.50046
vt 0.45596 0.50701
vt 0.45342 0.50307
vt 0.45589 0.33764
vt 0.45576 0.31832
vt 0.44986 0.34047
vt 0.44986 0.32152
vt 0.39681 0.30038
vt 0.39711 0.30610
vt 0.39169 0.30343
vt 0.39217 0.30724
vt 0.42382 0.29251
vt 0.41721 0.29389
vt 0.39909 0.30580
vt 0.39895 0.29937
vt 0.40138 0.30553
vt 0.46611 0.47195
vt 0.46690 0.47661
vt 0.46248 0.47644
vt 0.44156 0.48492
vt 0.45059 0.49867
vt 0.45372 0.49576
vt 0.46855 0.49094
vt 0.46496 0.49109
vt 0.46896 0.49566
vt 0.46930 0.50045
vt 0.46550 0.49585
vt 0.46618 0.50056
vt 0.46007 0.50871
vt 0.45845 0.51072
vt 0.46960 0.50543
vt 0.46686 0.50533
vt 0.46973 0.51036
vt 0.46737 0.51011
vt 0.45533 0.35497
vt 0.44909 0.35738
vt 0.46136 0.35320
vt 0.46087 0.36858
vt 0.45169 0.41283
vt 0.45218 0.40421
vt 0.44438 0.41465
vt 0.44501 0.40592
vt 0.40014 0.17026
vt 0.40526 0.18531
vt 0.38307 0.17406
vt 0.38650 0.19251
vt 0.43075 0.32424
vt 0.43136 0.33962
vt 0.46004 0.29525
vt 0.45672 0.27372
vt 0.45446 0.29763
vt 0.45112 0.27617
vt 0.42545 0.31294
vt 0.46141 0.31604
vt 0.46685 0.33557
vt 0.46168 0.33558
vt 0.43078 0.35463
vt 0.42415 0.36061
vt 0.45694 0.25164
vt 0.45097 0.25328
vt 0.44522 0.25569
vt 0.43524 0.23739
vt 0.42372 0.47766
vt 0.42110 0.47430
vt 0.43012 0.47151
vt 0.42780 0.46825
vt 0.42669 0.48079
vt 0.42101 0.48837
vt 0.46294 0.45390
vt 0.46396 0.45816
vt 0.45702 0.45895
vt 0.45580 0.45490
vt 0.45022 0.46053
vt 0.44871 0.45674
vt 0.40401 0.30550
vt 0.40274 0.31223
vt 0.40710 0.30557
vt 0.41074 0.30596
vt 0.41207 0.29512
vt 0.41502 0.30686
vt 0.41587 0.31983
vt 0.41997 0.30876
vt 0.46592 0.41149
vt 0.46603 0.40289
vt 0.45888 0.41167
vt 0.45917 0.40309
vt 0.41338 0.42840
vt 0.41434 0.41903
vt 0.42133 0.42424
vt 0.42227 0.41508
vt 0.39804 0.15437
vt 0.41382 0.15129
vt 0.41287 0.13581
vt 0.39761 0.13831
vt 0.38178 0.15740
vt 0.41335 0.45122
vt 0.41289 0.44455
vt 0.42102 0.44630
vt 0.42071 0.43986
vt 0.42080 0.43250
vt 0.41290 0.43690
vt 0.46624 0.43209
vt 0.46596 0.42606
vt 0.45910 0.43148
vt 0.45885 0.42571
vt 0.45878 0.41916
vt 0.46596 0.41890
vt 0.45147 0.42040
vt 0.41420 0.45702
vt 0.41543 0.46201
vt 0.42171 0.45189
vt 0.42274 0.45666
vt 0.45956 0.43658
vt 0.45213 0.43804
vt 0.45279 0.44266
vt 0.46020 0.44120
vt 0.47108 0.54944
vt 0.47144 0.55515
vt 0.46657 0.77011
vt 0.46082 0.78436
vt 0.46321 0.77883
vt 0.45833 0.46312
vt 0.45187 0.46445
vt 0.45909 0.48139
vt 0.45724 0.47686
vt 0.47112 0.56126
vt 0.48919 0.39605
vt 0.25513 0.27577
vt 0.46904 0.70811
vt 0.46863 0.71318
vt 0.46888 0.70107
vt 0.46077 0.68749
vt 0.45495 0.68981
vt 0.46137 0.69538
vt 0.45572 0.69721
vt 0.46858 0.69344
vt 0.46817 0.68542
vt 0.46016 0.67931
vt 0.45411 0.68194
vt 0.46774 0.67747
vt 0.46833 0.71568
vt 0.46338 0.61020
vt 0.45891 0.49821
vt 0.46057 0.50273
vt 0.46210 0.49676
vt 0.46328 0.50139
vt 0.46093 0.49193
vt 0.45720 0.49343
vt 0.47039 0.56751
vt 0.46328 0.56669
vt 0.46450 0.56031
vt 0.45556 0.48781
vt 0.45989 0.48667
vt 0.45432 0.48203
vt 0.46438 0.50597
vt 0.46211 0.50707
vt 0.46527 0.51081
vt 0.47207 0.39396
vt 0.40786 0.41251
vt 0.40004 0.41570
vt 0.46471 0.59536
vt 0.31617 0.45117
vt 0.32661 0.44727
vt 0.31851 0.43852
vt 0.32850 0.43477
vt 0.45955 0.67077
vt 0.45324 0.67363
vt 0.45639 0.70404
vt 0.46194 0.70270
vt 0.45161 0.70511
vt 0.45683 0.70980
vt 0.45222 0.71047
vt 0.46229 0.70897
vt 0.45705 0.71389
vt 0.46248 0.71349
vt 0.46241 0.71587
vt 0.45247 0.71431
vt 0.45699 0.71655
vt 0.45244 0.71709
vt 0.46146 0.51232
vt 0.46326 0.51117
vt 0.42769 0.82410
vt 0.41666 0.82446
vt 0.42714 0.83229
vt 0.41574 0.83270
vt 0.43758 0.33225
vt 0.43641 0.31373
vt 0.43024 0.45196
vt 0.42937 0.44726
vt 0.43262 0.29183
vt 0.24398 0.37152
vt 0.24698 0.34422
vt 0.23571 0.39615
vt 0.40796 0.24357
vt 0.41268 0.23709
vt 0.42314 0.24797
vt 0.41811 0.23004
vt 0.42890 0.24250
vt 0.46160 0.72601
vt 0.45631 0.72703
vt 0.46145 0.73060
vt 0.45613 0.73162
vt 0.45653 0.72280
vt 0.46184 0.72180
vt 0.46142 0.73550
vt 0.45595 0.73643
vt 0.46140 0.74049
vt 0.45568 0.74136
vt 0.46143 0.74548
vt 0.45533 0.74631
vt 0.46142 0.75047
vt 0.45486 0.75123
vt 0.45226 0.66497
vt 0.45890 0.66198
vt 0.45118 0.65616
vt 0.45821 0.65315
vt 0.46114 0.75539
vt 0.45417 0.75606
vt 0.46049 0.76018
vt 0.45319 0.76080
vt 0.45737 0.64434
vt 0.45000 0.64711
vt 0.45641 0.63559
vt 0.44324 0.64984
vt 0.44162 0.64025
vt 0.44868 0.63789
vt 0.44472 0.65898
vt 0.45945 0.76488
vt 0.45184 0.76550
vt 0.45801 0.76955
vt 0.45011 0.77019
vt 0.45416 0.61821
vt 0.45299 0.60977
vt 0.44541 0.61828
vt 0.44357 0.60781
vt 0.45389 0.77912
vt 0.44536 0.77940
vt 0.45108 0.78433
vt 0.44226 0.78462
vt 0.45676 0.71913
vt 0.45231 0.71989
vt 0.46210 0.71823
vt 0.44686 0.48018
vt 0.45203 0.47798
vt 0.44818 0.57743
vt 0.45089 0.57315
vt 0.45652 0.58990
vt 0.45813 0.58709
vt 0.44518 0.58299
vt 0.45536 0.56365
vt 0.46182 0.57264
vt 0.46012 0.57927
vt 0.45323 0.56834
vt 0.46539 0.55487
vt 0.46055 0.55074
vt 0.46601 0.54967
vt 0.46193 0.54609
vt 0.25254 0.32004
vt 0.43604 0.36452
vt 0.43454 0.37815
vt 0.45460 0.37006
vt 0.44813 0.37211
vt 0.23708 0.41636
vt 0.23198 0.41025
vt 0.22783 0.43011
vt 0.22326 0.41706
vt 0.42869 0.42848
vt 0.42856 0.43561
vt 0.49460 0.38380
vt 0.49449 0.36964
vt 0.48901 0.38382
vt 0.48882 0.36977
vt 0.50018 0.38363
vt 0.50018 0.36945
vt 0.23506 0.34844
vt 0.22315 0.35174
vt 0.22910 0.37466
vt 0.21608 0.37878
vt 0.24282 0.32275
vt 0.48327 0.36963
vt 0.39248 0.41847
vt 0.48347 0.38352
vt 0.44592 0.39609
vt 0.45288 0.39439
vt 0.26128 0.29691
vt 0.25263 0.29827
vt 0.27292 0.27610
vt 0.26456 0.27627
vt 0.46626 0.39291
vt 0.46661 0.38130
vt 0.47208 0.38228
vt 0.41581 0.40876
vt 0.41778 0.39765
vt 0.40989 0.40130
vt 0.22421 0.39868
vt 0.21115 0.40479
vt 0.44251 0.30615
vt 0.44862 0.30110
vt 0.43945 0.28461
vt 0.44539 0.27973
vt 0.44373 0.32606
vt 0.44366 0.34435
vt 0.43725 0.34923
vt 0.44265 0.36061
vt 0.43964 0.25895
vt 0.43420 0.26270
vt 0.44015 0.45597
vt 0.44170 0.45959
vt 0.44739 0.45296
vt 0.45382 0.81571
vt 0.44070 0.81597
vt 0.45337 0.82267
vt 0.43993 0.82331
vt 0.45461 0.80918
vt 0.44192 0.80915
vt 0.44347 0.46315
vt 0.43675 0.46680
vt 0.43902 0.47013
vt 0.44542 0.46671
vt 0.43473 0.46334
vt 0.45583 0.80300
vt 0.44363 0.80263
vt 0.43281 0.80251
vt 0.45733 0.79686
vt 0.44576 0.79628
vt 0.45883 0.79055
vt 0.44822 0.79010
vt 0.43564 0.79614
vt 0.43887 0.79010
vt 0.45532 0.62686
vt 0.44715 0.62832
vt 0.43974 0.63008
vt 0.43750 0.61893
vt 0.46506 0.77458
vt 0.45618 0.77426
vt 0.44795 0.77475
vt 0.42711 0.84092
vt 0.41545 0.84122
vt 0.33706 0.44345
vt 0.33859 0.43143
vt 0.42920 0.42043
vt 0.43007 0.41147
vt 0.43690 0.41721
vt 0.43766 0.40840
vt 0.45332 0.83036
vt 0.43968 0.83134
vt 0.45352 0.83889
vt 0.43982 0.84000
vt 0.45391 0.84810
vt 0.24497 0.42272
vt 0.23607 0.43839
vt 0.22626 0.45606
vt 0.44404 0.42232
vt 0.43644 0.42504
vt 0.43633 0.43195
vt 0.42880 0.44184
vt 0.43653 0.43803
vt 0.44461 0.44027
vt 0.43702 0.44334
vt 0.34830 0.42724
vt 0.34708 0.43916
vt 0.47778 0.38293
vt 0.47774 0.36932
vt 0.40483 0.39241
vt 0.40214 0.40426
vt 0.39459 0.40630
vt 0.42549 0.39395
vt 0.42367 0.40503
vt 0.43133 0.40145
vt 0.45965 0.39321
vt 0.46027 0.38179
vt 0.45375 0.38309
vt 0.50027 0.59749
vt 0.49045 0.47833
vt 0.43863 0.48068
vt 0.44415 0.47670
vt 0.46109 0.47184
vt 0.42436 0.50099
vt 0.42846 0.49252
vt 0.44205 0.59726
vt 0.45229 0.60239
vt 0.43422 0.57966
vt 0.44258 0.58953
vt 0.43108 0.58935
vt 0.40755 0.52682
vt 0.41147 0.50947
vt 0.47543 0.46522
vt 0.45540 0.47260
vt 0.45360 0.46848
vt 0.45969 0.46741
vt 0.46328 0.60456
vt 0.47509 0.60428
vt 0.46404 0.59924
vt 0.47526 0.59962
vt 0.49534 0.47475
vt 0.49538 0.47021
vt 0.49055 0.47376
vt 0.50022 0.47053
vt 0.50022 0.47515
vt 0.48717 0.60078
vt 0.50028 0.60188
vt 0.48704 0.60520
vt 0.42155 0.51161
vt 0.41673 0.51147
vt 0.41514 0.52563
vt 0.48567 0.47715
vt 0.48569 0.47262
vt 0.47006 0.46381
vt 0.47055 0.46827
vt 0.47574 0.46956
vt 0.43334 0.48673
vt 0.42991 0.48343
vt 0.42464 0.49073
vt 0.41674 0.54060
vt 0.41098 0.54465
vt 0.42071 0.55452
vt 0.41610 0.55944
vt 0.42627 0.56774
vt 0.42238 0.57342
vt 0.48087 0.47557
vt 0.48077 0.47117
vt 0.41587 0.49776
vt 0.42006 0.49990
vt 0.46495 0.46254
vt 0.46543 0.46740
vt 0.43272 0.47466
vt 0.43558 0.47774
vt 0.44151 0.47340
vt 0.45305 0.59709
vt 0.45469 0.59365
vt 0.44754 0.47026
vt 0.44975 0.47402
vt 0.41802 0.69309
vt 0.41550 0.68699
vt 0.41064 0.69824
vt 0.40821 0.69258
vt 0.42800 0.71336
vt 0.39477 0.62265
vt 0.39887 0.63312
vt 0.41301 0.68015
vt 0.40578 0.68621
vt 0.38250 0.78822
vt 0.39028 0.79046
vt 0.38486 0.79652
vt 0.37677 0.79411
vt 0.34954 0.41565
vt 0.42984 0.71735
vt 0.43109 0.72038
vt 0.43187 0.72997
vt 0.43228 0.72679
vt 0.40327 0.67899
vt 0.41048 0.67246
vt 0.40785 0.66384
vt 0.39442 0.65092
vt 0.40205 0.64379
vt 0.43214 0.72423
vt 0.43182 0.72240
vt 0.37089 0.80104
vt 0.37945 0.80320
vt 0.34596 0.45088
vt 0.34507 0.48569
vt 0.34611 0.49736
vt 0.36522 0.80873
vt 0.37442 0.81088
vt 0.37019 0.81914
vt 0.36035 0.81692
vt 0.36745 0.56597
vt 0.36225 0.55480
vt 0.37302 0.57741
vt 0.37873 0.58920
vt 0.38443 0.60082
vt 0.38986 0.61204
vt 0.40713 0.77126
vt 0.40002 0.76994
vt 0.40503 0.65423
vt 0.35303 0.38409
vt 0.35410 0.37510
vt 0.35525 0.36683
vt 0.35632 0.35926
vt 0.35650 0.35359
vt 0.34512 0.46255
vt 0.35667 0.82529
vt 0.36691 0.82751
vt 0.36464 0.83580
vt 0.35421 0.83365
vt 0.34477 0.47403
vt 0.34790 0.50894
vt 0.35041 0.52054
vt 0.34078 0.53112
vt 0.36212 0.34187
vt 0.36202 0.34664
vt 0.36234 0.33740
vt 0.36267 0.33319
vt 0.36312 0.32918
vt 0.36373 0.32523
vt 0.43184 0.70601
vt 0.42951 0.70059
vt 0.43642 0.73344
vt 0.43456 0.73769
vt 0.43251 0.74213
vt 0.42708 0.69463
vt 0.43029 0.74661
vt 0.42791 0.75101
vt 0.42542 0.75534
vt 0.42280 0.75956
vt 0.42003 0.76376
vt 0.41705 0.76801
vt 0.41043 0.77700
vt 0.40672 0.78171
vt 0.35971 0.39018
vt 0.35902 0.40057
vt 0.40251 0.78676
vt 0.35720 0.42329
vt 0.35614 0.43513
vt 0.44145 0.37488
vt 0.44704 0.38492
vt 0.43293 0.39033
vt 0.44011 0.38742
vt 0.43876 0.39852
vt 0.39056 0.30988
vt 0.39010 0.31159
vt 0.39069 0.30773
vt 0.39013 0.30464
vt 0.38825 0.30046
vt 0.38936 0.31322
vt 0.38805 0.31479
vt 0.38588 0.31620
vt 0.38291 0.31749
vt 0.37956 0.31915
vt 0.30208 0.30145
vt 0.30436 0.29726
vt 0.30211 0.31060
vt 0.30109 0.30715
vt 0.30421 0.31388
vt 0.30106 0.30508
vt 0.45513 0.53386
vt 0.45725 0.53534
vt 0.45477 0.53005
vt 0.46316 0.54470
vt 0.46190 0.54221
vt 0.46977 0.51526
vt 0.47160 0.51481
vt 0.45683 0.51273
vt 0.45546 0.51447
vt 0.47474 0.51939
vt 0.47675 0.52142
vt 0.47623 0.52491
vt 0.47421 0.53801
vt 0.47612 0.53477
vt 0.47646 0.52974
vt 0.47032 0.54247
vt 0.46601 0.54464
vt 0.47291 0.51641
vt 0.47251 0.52298
vt 0.46728 0.51456
vt 0.46571 0.51382
vt 0.46444 0.51490
vt 0.46060 0.51367
vt 0.45958 0.51619
vt 0.45618 0.51825
vt 0.46189 0.51536
vt 0.46983 0.52044
vt 0.46600 0.51926
vt 0.45523 0.52273
vt 0.45511 0.52661
vt 0.45697 0.52524
vt 0.45638 0.53062
vt 0.45841 0.53373
vt 0.46001 0.53711
vt 0.47106 0.53353
vt 0.46816 0.53651
vt 0.46482 0.53805
vt 0.46182 0.53491
vt 0.46563 0.53369
vt 0.46717 0.53381
vt 0.46556 0.53069
vt 0.46395 0.52989
vt 0.46333 0.53153
vt 0.47089 0.52792
vt 0.46750 0.53126
vt 0.46085 0.53197
vt 0.46200 0.53055
vt 0.46268 0.52932
vt 0.45836 0.52783
vt 0.45868 0.52455
vt 0.46193 0.52895
vt 0.46109 0.52965
vt 0.46163 0.52978
vt 0.46014 0.52815
vt 0.46281 0.52812
vt 0.46096 0.52191
vt 0.46085 0.52698
vt 0.46221 0.52565
vt 0.46324 0.52041
vt 0.46425 0.52776
vt 0.46412 0.52465
vt 0.46597 0.52804
vt 0.46625 0.52474
vt 0.46781 0.52834
vt 0.46861 0.52605
vt 0.02247 0.51408
vt 0.02658 0.50192
vt 0.01435 0.48526
vt 0.01586 0.46546
vt 0.05925 0.57830
vt 0.04883 0.56121
vt 0.05648 0.59049
vt 0.04407 0.57381
vt 0.06639 0.60446
vt 0.06778 0.59143
vt 0.07628 0.61288
vt 0.07612 0.59834
vt 0.08399 0.61154
vt 0.08243 0.59894
vt 0.09373 0.60307
vt 0.09332 0.60876
vt 0.09324 0.59640
vt 0.09096 0.59060
vt 0.03306 0.54452
vt 0.03569 0.53148
vt 0.05200 0.55019
vt 0.06150 0.56667
vt 0.01544 0.45447
vt 0.03095 0.49836
vt 0.09594 0.32885
vt 0.08422 0.35030
vt 0.08897 0.60718
vt 0.08728 0.59824
vt 0.08690 0.58884
vt 0.06946 0.35319
vt 0.07162 0.36314
vt 0.08099 0.33887
vt 0.05747 0.35854
vt 0.05619 0.36572
vt 0.04894 0.37403
vt 0.05736 0.37214
vt 0.04925 0.36781
vt 0.03946 0.38215
vt 0.04061 0.37644
vt 0.03263 0.38260
vt 0.03270 0.37753
vt 0.01283 0.50029
vt 0.00365 0.47983
vt 0.00518 0.46550
vt 0.03359 0.37250
vt 0.04131 0.36915
vt 0.04647 0.36379
vt 0.00742 0.45150
vt 0.00895 0.41693
vt 0.00907 0.41485
vt 0.07918 0.38680
vt 0.07001 0.37364
vt 0.02181 0.43095
vt 0.01003 0.43594
vt 0.09042 0.29119
vt 0.08188 0.31562
vt 0.07670 0.62555
vt 0.08538 0.62424
vt 0.07777 0.63500
vt 0.08785 0.63364
vt 0.06568 0.61524
vt 0.05457 0.59911
vt 0.06879 0.57849
vt 0.07604 0.57710
vt 0.06930 0.57130
vt 0.07611 0.58519
vt 0.08201 0.58776
vt 0.08163 0.57919
vt 0.03868 0.52332
vt 0.09088 0.46465
vt 0.08157 0.50094
vt 0.07982 0.46946
vt 0.08597 0.50275
vt 0.08445 0.46704
vt 0.08966 0.53310
vt 0.08504 0.52545
vt 0.08753 0.56030
vt 0.08689 0.54736
vt 0.08444 0.53751
vt 0.07694 0.53546
vt 0.07544 0.55373
vt 0.07566 0.54795
vt 0.07828 0.43475
vt 0.08043 0.55484
vt 0.07817 0.54605
vt 0.08196 0.42914
vt 0.07133 0.40318
vt 0.07589 0.40035
vt 0.08916 0.31576
vt 0.09511 0.29581
vt 0.08300 0.32250
vt 0.08155 0.54269
vt 0.08311 0.55264
vt 0.09083 0.61583
vt 0.09263 0.62669
vt 0.05210 0.35895
vt 0.01064 0.41431
vt 0.01282 0.41413
vt 0.03859 0.35453
vt 0.03600 0.36205
vt 0.04284 0.36185
vt 0.04727 0.35957
vt 0.04840 0.35505
vt 0.05347 0.35324
vt 0.01121 0.41605
vt 0.05046 0.34932
vt 0.05547 0.34568
vt 0.07228 0.38776
vt 0.07069 0.39161
vt 0.07383 0.38388
vt 0.09965 0.62655
vt 0.09672 0.61512
vt 0.06332 0.55499
vt 0.06297 0.56146
vt 0.10694 0.60743
vt 0.09705 0.60525
vt 0.10240 0.57957
vt 0.09596 0.59042
vt 0.08987 0.57347
vt 0.09118 0.58370
vt 0.05339 0.53712
vt 0.04218 0.51630
vt 0.04022 0.51997
vt 0.05278 0.54351
vt 0.03201 0.48800
vt 0.03090 0.49323
vt 0.01961 0.44986
vt 0.01673 0.45006
vt 0.08526 0.56946
vt 0.08615 0.58043
vt 0.07744 0.33560
vt 0.07523 0.33152
vt 0.06864 0.34747
vt 0.06814 0.34341
vt 0.05827 0.35343
vt 0.06010 0.34603
vt 0.04889 0.38209
vt 0.05800 0.38281
vt 0.04891 0.37764
vt 0.05780 0.37710
vt 0.03280 0.38900
vt 0.01901 0.40760
vt 0.03357 0.38523
vt 0.01731 0.40622
vt 0.03967 0.38555
vt 0.03918 0.38255
vt 0.00242 0.49622
vt 0.00287 0.48983
vt 0.04952 0.34593
vt 0.01142 0.51728
vt 0.04475 0.35570
vt 0.06788 0.37979
vt 0.06662 0.38713
vt 0.01327 0.42855
vt 0.01632 0.42684
vt 0.07889 0.64700
vt 0.06102 0.63773
vt 0.06514 0.62310
vt 0.06418 0.62951
vt 0.05228 0.61212
vt 0.04016 0.59216
vt 0.02914 0.56661
vt 0.05333 0.60529
vt 0.04216 0.58165
vt 0.03119 0.55461
vt 0.04117 0.58766
vt 0.02017 0.54132
vt 0.01203 0.51093
vt 0.03007 0.56198
vt 0.02195 0.52686
vt 0.02085 0.53588
vt 0.42465 0.68832
vt 0.42226 0.68157
vt 0.43399 0.71078
vt 0.40157 0.61430
vt 0.40590 0.62556
vt 0.41991 0.67425
vt 0.39773 0.79234
vt 0.39265 0.79856
vt 0.35818 0.41166
vt 0.43584 0.71488
vt 0.43722 0.71806
vt 0.43784 0.72949
vt 0.43856 0.72593
vt 0.41754 0.66613
vt 0.41508 0.65715
vt 0.40941 0.63669
vt 0.43849 0.72299
vt 0.43809 0.72058
vt 0.38764 0.80547
vt 0.35514 0.44684
vt 0.35438 0.47986
vt 0.35536 0.49063
vt 0.38311 0.81281
vt 0.37943 0.82080
vt 0.37507 0.55402
vt 0.37025 0.54290
vt 0.38028 0.56590
vt 0.38571 0.57816
vt 0.39122 0.59055
vt 0.39658 0.60258
vt 0.41388 0.77240
vt 0.41240 0.64729
vt 0.36031 0.38068
vt 0.36090 0.37197
vt 0.36163 0.36396
vt 0.36234 0.35661
vt 0.36208 0.35159
vt 0.35438 0.45812
vt 0.37670 0.82911
vt 0.37485 0.83745
vt 0.35408 0.46903
vt 0.35703 0.50112
vt 0.35937 0.51147
vt 0.36674 0.34057
vt 0.36684 0.34506
vt 0.36677 0.33642
vt 0.36692 0.33253
vt 0.36721 0.32885
vt 0.36766 0.32531
vt 0.43709 0.70362
vt 0.43501 0.69789
vt 0.44107 0.73334
vt 0.43937 0.73771
vt 0.43750 0.74221
vt 0.43285 0.69152
vt 0.43550 0.74682
vt 0.43332 0.75140
vt 0.43107 0.75589
vt 0.42865 0.76031
vt 0.42609 0.76462
vt 0.42331 0.76891
vt 0.41697 0.77793
vt 0.41335 0.78281
vt 0.36686 0.38643
vt 0.36656 0.39665
vt 0.40924 0.78802
vt 0.36521 0.41940
vt 0.36421 0.43129
vt 0.43066 0.68468
vt 0.42848 0.67725
vt 0.43903 0.70873
vt 0.40836 0.60675
vt 0.41286 0.61881
vt 0.42634 0.66922
vt 0.40478 0.79378
vt 0.40009 0.80012
vt 0.36605 0.40773
vt 0.44069 0.71316
vt 0.44193 0.71646
vt 0.44240 0.72917
vt 0.44312 0.72529
vt 0.42419 0.66046
vt 0.42194 0.65111
vt 0.41649 0.63027
vt 0.44311 0.72198
vt 0.44270 0.71929
vt 0.39553 0.80713
vt 0.36326 0.44288
vt 0.36270 0.47469
vt 0.36369 0.48468
vt 0.39154 0.81464
vt 0.38840 0.82254
vt 0.38226 0.54372
vt 0.37777 0.53278
vt 0.38725 0.55563
vt 0.39248 0.56823
vt 0.39786 0.58114
vt 0.40322 0.59415
vt 0.42030 0.77331
vt 0.41942 0.64107
vt 0.36706 0.37715
vt 0.36725 0.36868
vt 0.36760 0.36091
vt 0.36735 0.35496
vt 0.36708 0.34981
vt 0.36258 0.45398
vt 0.38613 0.83073
vt 0.38471 0.83907
vt 0.37372 0.84558
vt 0.38403 0.84730
vt 0.36234 0.46455
vt 0.36530 0.49438
vt 0.36753 0.50374
vt 0.37097 0.33920
vt 0.37129 0.34338
vt 0.37080 0.33533
vt 0.37074 0.33171
vt 0.37124 0.32206
vt 0.36842 0.32180
vt 0.37097 0.32509
vt 0.37080 0.32831
vt 0.44178 0.70169
vt 0.44004 0.69557
vt 0.44488 0.73318
vt 0.44349 0.73766
vt 0.44197 0.74225
vt 0.43821 0.68881
vt 0.44034 0.74691
vt 0.43853 0.75152
vt 0.43655 0.75613
vt 0.43442 0.76069
vt 0.43211 0.76520
vt 0.42955 0.76967
vt 0.42351 0.77866
vt 0.41995 0.78355
vt 0.37341 0.38268
vt 0.37349 0.39278
vt 0.41593 0.78888
vt 0.37252 0.41583
vt 0.37148 0.42785
vt 0.43631 0.68150
vt 0.43441 0.67372
vt 0.44339 0.70719
vt 0.41521 0.60006
vt 0.41983 0.61278
vt 0.43250 0.66535
vt 0.41168 0.79477
vt 0.40744 0.80132
vt 0.37329 0.40394
vt 0.44837 0.71107
vt 0.44471 0.71201
vt 0.44891 0.71453
vt 0.44562 0.71542
vt 0.44742 0.70606
vt 0.44594 0.72883
vt 0.44652 0.72478
vt 0.43683 0.65279
vt 0.43056 0.65633
vt 0.43856 0.66186
vt 0.43499 0.64306
vt 0.42851 0.64658
vt 0.42341 0.62462
vt 0.44649 0.72116
vt 0.44619 0.71833
vt 0.44898 0.71779
vt 0.44924 0.72067
vt 0.40337 0.80828
vt 0.37053 0.43946
vt 0.37018 0.47006
vt 0.37120 0.47934
vt 0.39996 0.81584
vt 0.40873 0.81652
vt 0.41160 0.80900
vt 0.40664 0.82445
vt 0.39735 0.82378
vt 0.39559 0.52568
vt 0.38912 0.53445
vt 0.40031 0.53734
vt 0.39390 0.54626
vt 0.39142 0.51577
vt 0.38484 0.52394
vt 0.39892 0.55929
vt 0.40508 0.55109
vt 0.41050 0.56523
vt 0.40430 0.57276
vt 0.41628 0.57966
vt 0.40977 0.58664
vt 0.42246 0.59391
vt 0.42672 0.77411
vt 0.43285 0.63257
vt 0.42619 0.63604
vt 0.43031 0.62103
vt 0.37326 0.37363
vt 0.37314 0.36541
vt 0.37316 0.35789
vt 0.37238 0.35265
vt 0.37178 0.34784
vt 0.37673 0.44683
vt 0.37731 0.43613
vt 0.36989 0.45032
vt 0.40529 0.83272
vt 0.39554 0.83202
vt 0.40469 0.84117
vt 0.39457 0.84041
vt 0.39432 0.84874
vt 0.36975 0.46048
vt 0.37664 0.45661
vt 0.37713 0.46567
vt 0.37281 0.48834
vt 0.37498 0.49700
vt 0.37975 0.48278
vt 0.38191 0.49084
vt 0.38857 0.48524
vt 0.38646 0.47767
vt 0.45175 0.73237
vt 0.45204 0.72788
vt 0.44822 0.73289
vt 0.44886 0.72847
vt 0.44037 0.77475
vt 0.44280 0.77014
vt 0.43600 0.76997
vt 0.43335 0.77453
vt 0.38026 0.34346
vt 0.37938 0.33951
vt 0.37546 0.34153
vt 0.37618 0.34570
vt 0.38548 0.37307
vt 0.38462 0.36511
vt 0.37957 0.37837
vt 0.37906 0.36972
vt 0.38404 0.35771
vt 0.38262 0.35241
vt 0.37869 0.36187
vt 0.37845 0.35466
vt 0.37492 0.33764
vt 0.37866 0.33586
vt 0.37454 0.33403
vt 0.37809 0.33248
vt 0.37764 0.32934
vt 0.37429 0.33067
vt 0.37409 0.32169
vt 0.37376 0.31949
vt 0.37181 0.31969
vt 0.37655 0.32088
vt 0.37698 0.32360
vt 0.37410 0.32454
vt 0.37729 0.32640
vt 0.37415 0.32752
vt 0.38136 0.34774
vt 0.37713 0.35013
vt 0.45221 0.72371
vt 0.44921 0.72438
vt 0.45073 0.69871
vt 0.44484 0.69359
vt 0.44621 0.70014
vt 0.44970 0.69176
vt 0.45129 0.73707
vt 0.44730 0.73747
vt 0.45067 0.74185
vt 0.44622 0.74215
vt 0.44335 0.68640
vt 0.44855 0.68421
vt 0.44181 0.67866
vt 0.44737 0.67616
vt 0.44990 0.74671
vt 0.44502 0.74689
vt 0.44899 0.75154
vt 0.44365 0.75162
vt 0.44608 0.66774
vt 0.44020 0.67049
vt 0.44788 0.75627
vt 0.44209 0.75628
vt 0.44651 0.76095
vt 0.44032 0.76089
vt 0.44484 0.76558
vt 0.43831 0.76543
vt 0.43030 0.77917
vt 0.43753 0.77953
vt 0.42682 0.78407
vt 0.43420 0.78451
vt 0.43475 0.60597
vt 0.42698 0.60797
vt 0.38527 0.42136
vt 0.37837 0.42455
vt 0.38681 0.38176
vt 0.38020 0.38820
vt 0.38045 0.39955
vt 0.42335 0.80224
vt 0.41503 0.80187
vt 0.41888 0.79532
vt 0.42677 0.79580
vt 0.42292 0.78942
vt 0.43052 0.78989
vt 0.38491 0.46984
vt 0.37818 0.47435
vt 0.38702 0.40861
vt 0.37965 0.41211
vt 0.30553 0.31121
vt 0.30375 0.30881
vt 0.30271 0.30601
vt 0.38574 0.31414
vt 0.38757 0.31332
vt 0.30390 0.30292
vt 0.30578 0.29954
vt 0.38939 0.30990
vt 0.38902 0.31106
vt 0.38282 0.31477
vt 0.37935 0.31600
vt 0.38856 0.31223
vt 0.38939 0.30834
vt 0.38866 0.30610
vt 0.38785 0.31141
vt 0.38832 0.31074
vt 0.38856 0.30883
vt 0.38837 0.30990
vt 0.50028 0.60565
vt 0.35387 0.32117
vt 0.34789 0.32141
vt 0.35953 0.32100
vt 0.35443 0.31638
vt 0.34837 0.31653
vt 0.37545 0.31753
vt 0.36449 0.32114
vt 0.36021 0.31633
vt 0.36528 0.31671
vt 0.37002 0.31784
vt 0.38491 0.29538
vt 0.38648 0.30277
vt 0.38016 0.29001
vt 0.38284 0.29849
vt 0.37805 0.29408
vt 0.38730 0.31229
vt 0.38760 0.30781
vt 0.38602 0.31213
vt 0.38693 0.31006
vt 0.37907 0.31220
vt 0.38296 0.31170
vt 0.38484 0.30555
vt 0.38360 0.30863
vt 0.38070 0.30259
vt 0.37850 0.30750
vt 0.37579 0.29868
vt 0.37114 0.31247
vt 0.36648 0.31177
vt 0.37535 0.31283
vt 0.37360 0.30340
vt 0.37549 0.30951
vt 0.37248 0.30770
vt 0.37325 0.26242
vt 0.37472 0.25814
vt 0.36446 0.25977
vt 0.36565 0.25545
vt 0.36973 0.24046
vt 0.36826 0.24592
vt 0.37994 0.24301
vt 0.37805 0.24854
vt 0.37190 0.26639
vt 0.38037 0.27043
vt 0.38200 0.26664
vt 0.37896 0.27387
vt 0.36339 0.26393
vt 0.36241 0.26781
vt 0.37072 0.27003
vt 0.36971 0.27329
vt 0.36157 0.27147
vt 0.37776 0.27691
vt 0.36718 0.28297
vt 0.37423 0.28576
vt 0.36813 0.27915
vt 0.37562 0.28227
vt 0.35961 0.28176
vt 0.36031 0.27775
vt 0.35871 0.28702
vt 0.36593 0.28802
vt 0.37247 0.29030
vt 0.36891 0.27616
vt 0.37669 0.27952
vt 0.36094 0.27444
vt 0.36690 0.25088
vt 0.37631 0.25355
vt 0.39295 0.21387
vt 0.40151 0.20474
vt 0.37912 0.20790
vt 0.48829 0.19437
vt 0.50008 0.19371
vt 0.48757 0.18124
vt 0.50007 0.18064
vt 0.47517 0.18301
vt 0.46311 0.18582
vt 0.42670 0.19387
vt 0.43908 0.19076
vt 0.43403 0.20603
vt 0.44468 0.20342
vt 0.39337 0.24187
vt 0.38204 0.23685
vt 0.39065 0.24794
vt 0.38438 0.22990
vt 0.37136 0.23432
vt 0.37313 0.22729
vt 0.39656 0.23522
vt 0.42475 0.22496
vt 0.41379 0.21482
vt 0.40616 0.22140
vt 0.47842 0.20974
vt 0.47681 0.19613
vt 0.46592 0.19918
vt 0.39740 0.26063
vt 0.38816 0.25319
vt 0.38592 0.25810
vt 0.39461 0.26515
vt 0.39214 0.26924
vt 0.38387 0.26252
vt 0.45115 0.18819
vt 0.45526 0.20122
vt 0.42352 0.20961
vt 0.41384 0.19822
vt 0.38780 0.22243
vt 0.40040 0.22807
vt 0.37525 0.21897
vt 0.37055 0.29572
vt 0.36451 0.29405
vt 0.36881 0.30135
vt 0.36767 0.30664
vt 0.36113 0.31130
vt 0.36313 0.30024
vt 0.36208 0.30597
vt 0.35510 0.31121
vt 0.35769 0.29327
vt 0.35669 0.29971
vt 0.35540 0.26258
vt 0.35627 0.25838
vt 0.34826 0.26208
vt 0.34886 0.25793
vt 0.35463 0.26670
vt 0.34770 0.26632
vt 0.35395 0.27054
vt 0.34724 0.27023
vt 0.35248 0.28138
vt 0.35297 0.27727
vt 0.34618 0.28154
vt 0.34654 0.27742
vt 0.34574 0.28683
vt 0.35186 0.28672
vt 0.35346 0.27372
vt 0.34686 0.27376
vt 0.36641 0.17680
vt 0.36699 0.19227
vt 0.36559 0.20625
vt 0.38186 0.14053
vt 0.34949 0.25369
vt 0.35718 0.25407
vt 0.35812 0.24958
vt 0.35013 0.24932
vt 0.35915 0.24473
vt 0.35273 0.23366
vt 0.35174 0.23947
vt 0.36152 0.23342
vt 0.36026 0.23942
vt 0.36300 0.22644
vt 0.35398 0.22695
vt 0.36564 0.14304
vt 0.36572 0.16032
vt 0.35038 0.16356
vt 0.35158 0.17930
vt 0.36413 0.21792
vt 0.35428 0.21819
vt 0.35111 0.29299
vt 0.34515 0.29302
vt 0.35583 0.30570
vt 0.34893 0.31125
vt 0.35032 0.29948
vt 0.34958 0.30560
vt 0.34447 0.29946
vt 0.34379 0.30561
vt 0.34313 0.31134
vt 0.30640 0.30853
vt 0.30495 0.30765
vt 0.30511 0.30591
vt 0.30703 0.30174
vt 0.30555 0.30445
vt 0.30685 0.30549
vt 0.30785 0.30328
vt 0.21142 0.71892
vt 0.21158 0.70647
vt 0.21072 0.68693
vt 0.22094 0.71239
vt 0.21975 0.72689
vt 0.22980 0.73491
vt 0.23101 0.71898
vt 0.20910 0.66172
vt 0.25832 0.25259
vt 0.24850 0.24786
vt 0.20267 0.16883
vt 0.19656 0.15143
vt 0.17895 0.19630
vt 0.17001 0.18057
vt 0.29657 0.26812
vt 0.29473 0.26479
vt 0.30233 0.27919
vt 0.30370 0.28224
vt 0.30763 0.27489
vt 0.30879 0.27814
vt 0.30102 0.27629
vt 0.30636 0.27169
vt 0.30502 0.28522
vt 0.30991 0.28130
vt 0.30980 0.29958
vt 0.30902 0.29635
vt 0.30713 0.31643
vt 0.30590 0.31949
vt 0.31245 0.29049
vt 0.31177 0.28757
vt 0.30811 0.29341
vt 0.30723 0.29085
vt 0.30834 0.31304
vt 0.31041 0.31835
vt 0.30927 0.32182
vt 0.31279 0.32344
vt 0.31378 0.31969
vt 0.31309 0.29404
vt 0.31094 0.28447
vt 0.30621 0.28813
vt 0.30461 0.32241
vt 0.30809 0.32515
vt 0.31175 0.32707
vt 0.29824 0.27110
vt 0.22071 0.66409
vt 0.23220 0.66616
vt 0.22031 0.63473
vt 0.23246 0.63620
vt 0.20764 0.63329
vt 0.21618 0.47631
vt 0.21141 0.50066
vt 0.27173 0.23541
vt 0.26244 0.22920
vt 0.26809 0.25610
vt 0.28076 0.24127
vt 0.29969 0.27354
vt 0.30498 0.26874
vt 0.30357 0.26595
vt 0.30194 0.26259
vt 0.29310 0.26028
vt 0.29726 0.25514
vt 0.30005 0.25919
vt 0.28620 0.25928
vt 0.29411 0.25071
vt 0.23785 0.24261
vt 0.22646 0.23619
vt 0.19242 0.74909
vt 0.25219 0.22267
vt 0.24138 0.21488
vt 0.22115 0.69040
vt 0.23204 0.69648
vt 0.30734 0.34056
vt 0.30309 0.33775
vt 0.30528 0.34647
vt 0.30070 0.34332
vt 0.31194 0.34262
vt 0.30904 0.33549
vt 0.31335 0.33730
vt 0.30506 0.33296
vt 0.31033 0.34877
vt 0.30671 0.32881
vt 0.31458 0.33257
vt 0.31056 0.33101
vt 0.31477 0.31575
vt 0.31156 0.31461
vt 0.22705 0.74909
vt 0.23765 0.75816
vt 0.24010 0.74367
vt 0.21728 0.73900
vt 0.24920 0.46197
vt 0.23781 0.46009
vt 0.24313 0.48004
vt 0.23039 0.47932
vt 0.26991 0.41468
vt 0.26162 0.41188
vt 0.26309 0.42938
vt 0.25393 0.42700
vt 0.26919 0.39771
vt 0.27820 0.41661
vt 0.27662 0.40106
vt 0.28403 0.40356
vt 0.27222 0.43091
vt 0.27628 0.38468
vt 0.28302 0.38885
vt 0.28283 0.37393
vt 0.28894 0.37829
vt 0.29776 0.34972
vt 0.30276 0.35317
vt 0.29403 0.35725
vt 0.28874 0.36491
vt 0.29436 0.36896
vt 0.29928 0.36086
vt 0.30857 0.35579
vt 0.30464 0.36327
vt 0.22549 0.50048
vt 0.23873 0.49961
vt 0.21317 0.74926
vt 0.20833 0.75612
vt 0.22359 0.76043
vt 0.21949 0.76885
vt 0.23436 0.77039
vt 0.23085 0.77927
vt 0.20613 0.57460
vt 0.20672 0.54786
vt 0.22053 0.57301
vt 0.22125 0.54661
vt 0.20827 0.52372
vt 0.22275 0.52274
vt 0.23341 0.57203
vt 0.23423 0.54498
vt 0.23581 0.52099
vt 0.22033 0.60343
vt 0.20679 0.60298
vt 0.23302 0.60193
vt 0.27755 0.25833
vt 0.28970 0.24581
vt 0.25612 0.44514
vt 0.24603 0.44289
vt 0.19294 0.13157
vt 0.16234 0.16243
vt 0.22015 0.10801
vt 0.22175 0.12857
vt 0.19188 0.10957
vt 0.15771 0.13981
vt 0.31355 0.29804
vt 0.30929 0.30961
vt 0.31264 0.31069
vt 0.31597 0.31169
vt 0.31005 0.30291
vt 0.31367 0.30241
vt 0.31333 0.30684
vt 0.31000 0.30620
vt 0.21845 0.08661
vt 0.22564 0.14699
vt 0.31272 0.27149
vt 0.31376 0.27488
vt 0.31805 0.26862
vt 0.31885 0.27220
vt 0.31155 0.26811
vt 0.31718 0.26503
vt 0.31471 0.27821
vt 0.31958 0.27570
vt 0.31720 0.32061
vt 0.31646 0.32460
vt 0.31686 0.28830
vt 0.32130 0.28666
vt 0.31632 0.28502
vt 0.32086 0.28298
vt 0.31782 0.31634
vt 0.32081 0.32122
vt 0.32020 0.32554
vt 0.32401 0.32584
vt 0.32454 0.32138
vt 0.31734 0.29231
vt 0.32163 0.29104
vt 0.31557 0.28159
vt 0.32026 0.27928
vt 0.31562 0.32837
vt 0.31949 0.32964
vt 0.32340 0.33006
vt 0.24186 0.72637
vt 0.24327 0.70215
vt 0.24398 0.67079
vt 0.24462 0.63715
vt 0.25622 0.67391
vt 0.25767 0.63821
vt 0.27568 0.21525
vt 0.28415 0.22294
vt 0.28884 0.20521
vt 0.29636 0.21400
vt 0.29235 0.23055
vt 0.30322 0.22289
vt 0.30788 0.20730
vt 0.31350 0.21699
vt 0.26019 0.46254
vt 0.25512 0.47967
vt 0.27042 0.46212
vt 0.26616 0.47845
vt 0.28971 0.39180
vt 0.29505 0.38111
vt 0.30463 0.24922
vt 0.30670 0.25415
vt 0.31168 0.24504
vt 0.31323 0.25016
vt 0.30186 0.24396
vt 0.30976 0.23934
vt 0.31631 0.26154
vt 0.31543 0.25810
vt 0.31046 0.26481
vt 0.30935 0.26157
vt 0.30813 0.25808
vt 0.31447 0.25437
vt 0.30005 0.37165
vt 0.25114 0.49821
vt 0.26282 0.49607
vt 0.28016 0.19579
vt 0.27160 0.18576
vt 0.26611 0.20741
vt 0.25630 0.19844
vt 0.23058 0.20594
vt 0.24716 0.18843
vt 0.25315 0.73335
vt 0.25127 0.75093
vt 0.25492 0.70823
vt 0.26043 0.77363
vt 0.26294 0.75823
vt 0.24883 0.76655
vt 0.29123 0.40530
vt 0.29823 0.40610
vt 0.29630 0.39359
vt 0.30274 0.39452
vt 0.30113 0.38296
vt 0.30711 0.38398
vt 0.31646 0.34432
vt 0.32087 0.34513
vt 0.31763 0.33888
vt 0.32186 0.33955
vt 0.30571 0.37345
vt 0.31511 0.35054
vt 0.31969 0.35144
vt 0.31864 0.33398
vt 0.32269 0.33452
vt 0.32505 0.31660
vt 0.32132 0.31663
vt 0.29347 0.41873
vt 0.28602 0.41800
vt 0.28871 0.43205
vt 0.28076 0.43182
vt 0.30994 0.36495
vt 0.31360 0.35741
vt 0.24565 0.77912
vt 0.24292 0.78806
vt 0.25774 0.78675
vt 0.25557 0.79693
vt 0.24664 0.54285
vt 0.24562 0.57070
vt 0.25785 0.56768
vt 0.25873 0.53939
vt 0.24842 0.51877
vt 0.26033 0.51596
vt 0.24519 0.60180
vt 0.25779 0.60042
vt 0.30752 0.23171
vt 0.29818 0.23789
vt 0.27542 0.44661
vt 0.26604 0.44632
vt 0.31794 0.31193
vt 0.32162 0.31174
vt 0.32548 0.31147
vt 0.31763 0.29687
vt 0.32183 0.29600
vt 0.31766 0.30200
vt 0.32185 0.30141
vt 0.31735 0.30822
vt 0.32187 0.30688
vt 0.32512 0.34550
vt 0.32946 0.34558
vt 0.32599 0.33982
vt 0.33019 0.33982
vt 0.32864 0.35182
vt 0.32411 0.35182
vt 0.33084 0.33472
vt 0.32671 0.33476
vt 0.33236 0.32132
vt 0.32833 0.32139
vt 0.33188 0.32582
vt 0.32784 0.32586
vt 0.32886 0.31653
vt 0.33291 0.31644
vt 0.33139 0.33016
vt 0.32732 0.33029
vt 0.38912 0.72238
vt 0.38721 0.71946
vt 0.39261 0.71555
vt 0.39447 0.71886
vt 0.39974 0.74587
vt 0.39399 0.74533
vt 0.39737 0.74888
vt 0.39158 0.74788
vt 0.38883 0.75040
vt 0.39459 0.75190
vt 0.32352 0.21283
vt 0.31889 0.20220
vt 0.33336 0.20973
vt 0.32995 0.19834
vt 0.30803 0.41768
vt 0.30068 0.41859
vt 0.30416 0.43040
vt 0.29637 0.43168
vt 0.30493 0.40626
vt 0.31180 0.40558
vt 0.34830 0.78031
vt 0.33865 0.78475
vt 0.35449 0.78512
vt 0.34578 0.79052
vt 0.36197 0.78054
vt 0.35628 0.77642
vt 0.37562 0.76150
vt 0.38125 0.76435
vt 0.37920 0.75824
vt 0.38488 0.76104
vt 0.30904 0.39483
vt 0.31555 0.39430
vt 0.31298 0.38439
vt 0.31901 0.38397
vt 0.32355 0.81501
vt 0.32902 0.80544
vt 0.31128 0.80940
vt 0.31755 0.79857
vt 0.29789 0.80339
vt 0.30388 0.78696
vt 0.38064 0.72169
vt 0.37885 0.71910
vt 0.38552 0.71644
vt 0.38384 0.71300
vt 0.39010 0.74222
vt 0.39597 0.74280
vt 0.37154 0.71026
vt 0.37448 0.71324
vt 0.37658 0.70073
vt 0.37956 0.70507
vt 0.36357 0.70469
vt 0.35823 0.70263
vt 0.36259 0.68838
vt 0.36822 0.69215
vt 0.37687 0.71624
vt 0.38192 0.70920
vt 0.37998 0.74990
vt 0.38579 0.75292
vt 0.39880 0.73658
vt 0.39396 0.73708
vt 0.39833 0.73826
vt 0.39309 0.73853
vt 0.39578 0.72969
vt 0.39361 0.72735
vt 0.39157 0.73163
vt 0.38925 0.72974
vt 0.39444 0.73596
vt 0.39891 0.73530
vt 0.39331 0.73329
vt 0.39748 0.73210
vt 0.39181 0.74029
vt 0.39740 0.74035
vt 0.39128 0.72495
vt 0.38678 0.72794
vt 0.37688 0.75211
vt 0.38258 0.75546
vt 0.36640 0.76025
vt 0.36214 0.76350
vt 0.37177 0.76497
vt 0.36748 0.76872
vt 0.39422 0.73502
vt 0.39869 0.73428
vt 0.39830 0.73329
vt 0.39391 0.73418
vt 0.32139 0.25103
vt 0.32075 0.24656
vt 0.32826 0.24384
vt 0.32860 0.24839
vt 0.32371 0.26626
vt 0.32417 0.26997
vt 0.32953 0.26449
vt 0.32967 0.26828
vt 0.32321 0.26245
vt 0.32928 0.26044
vt 0.32459 0.27363
vt 0.32979 0.27216
vt 0.32599 0.28980
vt 0.32609 0.29500
vt 0.33028 0.28375
vt 0.33007 0.27954
vt 0.32572 0.28523
vt 0.32537 0.28115
vt 0.33045 0.28862
vt 0.32498 0.27734
vt 0.32991 0.27600
vt 0.32217 0.25497
vt 0.32863 0.25265
vt 0.30151 0.19754
vt 0.31372 0.19149
vt 0.27026 0.53480
vt 0.27004 0.56195
vt 0.28142 0.52847
vt 0.28195 0.55284
vt 0.27981 0.46102
vt 0.27618 0.47661
vt 0.28865 0.45937
vt 0.28561 0.47421
vt 0.31812 0.68511
vt 0.30799 0.67827
vt 0.32321 0.66366
vt 0.31419 0.65485
vt 0.32774 0.69069
vt 0.33225 0.67095
vt 0.31958 0.78115
vt 0.32788 0.79059
vt 0.33669 0.69485
vt 0.34479 0.69825
vt 0.34087 0.67673
vt 0.34884 0.68107
vt 0.36247 0.77255
vt 0.35711 0.76694
vt 0.35198 0.70059
vt 0.35610 0.68494
vt 0.37286 0.69637
vt 0.36796 0.70736
vt 0.30839 0.82030
vt 0.29541 0.81598
vt 0.32267 0.25870
vt 0.32909 0.25646
vt 0.31999 0.24127
vt 0.32808 0.23844
vt 0.31922 0.23496
vt 0.32798 0.23188
vt 0.31123 0.37453
vt 0.31667 0.37491
vt 0.31505 0.36598
vt 0.32008 0.36636
vt 0.31841 0.35827
vt 0.32307 0.35856
vt 0.27339 0.49341
vt 0.28338 0.49011
vt 0.29415 0.18668
vt 0.30777 0.17906
vt 0.27143 0.51231
vt 0.28197 0.50778
vt 0.27107 0.59479
vt 0.28399 0.58072
vt 0.27424 0.63746
vt 0.28871 0.60863
vt 0.32754 0.22326
vt 0.31874 0.22659
vt 0.28412 0.44620
vt 0.29230 0.44524
vt 0.32938 0.31127
vt 0.32603 0.30059
vt 0.33044 0.29413
vt 0.33022 0.29994
vt 0.32585 0.30616
vt 0.32984 0.30572
vt 0.39093 0.71183
vt 0.38921 0.70769
vt 0.40161 0.74286
vt 0.38193 0.69247
vt 0.38492 0.69800
vt 0.36754 0.67553
vt 0.37340 0.68084
vt 0.38728 0.70308
vt 0.39154 0.75487
vt 0.41585 0.84985
vt 0.42763 0.84981
vt 0.49031 0.45563
vt 0.49529 0.45643
vt 0.43295 0.45984
vt 0.39395 0.49990
vt 0.21447 0.22837
vt 0.20247 0.21925
vt 0.19040 0.20884
vt 0.18633 0.24759
vt 0.17356 0.23907
vt 0.19894 0.25547
vt 0.40918 0.73466
vt 0.40390 0.73581
vt 0.40899 0.73684
vt 0.40365 0.73770
vt 0.40379 0.73438
vt 0.40896 0.73299
vt 0.40620 0.72581
vt 0.40450 0.72238
vt 0.40070 0.72779
vt 0.39873 0.72480
vt 0.40225 0.73097
vt 0.40737 0.72913
vt 0.40831 0.73955
vt 0.40292 0.74008
vt 0.40705 0.74265
vt 0.39657 0.72189
vt 0.40246 0.71893
vt 0.38830 0.75796
vt 0.39396 0.75951
vt 0.39716 0.75608
vt 0.37735 0.76794
vt 0.37303 0.77201
vt 0.40847 0.73170
vt 0.40344 0.73327
vt 0.40794 0.73072
vt 0.40295 0.73228
vt 0.50022 0.45679
vt 0.45466 0.45090
vt 0.47433 0.45227
vt 0.48000 0.45370
vt 0.41210 0.47730
vt 0.33619 0.24169
vt 0.33591 0.24647
vt 0.34174 0.26233
vt 0.34207 0.25820
vt 0.33552 0.26317
vt 0.33558 0.25900
vt 0.33544 0.26719
vt 0.34144 0.26658
vt 0.33534 0.27120
vt 0.34116 0.27058
vt 0.34049 0.28199
vt 0.34072 0.27774
vt 0.33521 0.28266
vt 0.33523 0.27834
vt 0.33517 0.28772
vt 0.34024 0.28721
vt 0.34095 0.27431
vt 0.33527 0.27499
vt 0.33584 0.25084
vt 0.29799 0.66942
vt 0.29281 0.69832
vt 0.28764 0.76764
vt 0.28852 0.74923
vt 0.28992 0.72546
vt 0.27282 0.77931
vt 0.27482 0.76399
vt 0.28663 0.78385
vt 0.32591 0.18653
vt 0.29224 0.52113
vt 0.29336 0.54240
vt 0.30418 0.46802
vt 0.30632 0.45459
vt 0.29729 0.45725
vt 0.29477 0.47136
vt 0.16286 0.35316
vt 0.17302 0.32006
vt 0.15083 0.35055
vt 0.16054 0.31483
vt 0.15343 0.38869
vt 0.48522 0.45493
vt 0.48500 0.45046
vt 0.49019 0.45104
vt 0.41886 0.47048
vt 0.41700 0.46640
vt 0.41002 0.47281
vt 0.46827 0.45092
vt 0.46764 0.44666
vt 0.47384 0.44793
vt 0.18472 0.28586
vt 0.17208 0.27945
vt 0.14623 0.41999
vt 0.26476 0.74014
vt 0.26681 0.71451
vt 0.27657 0.74573
vt 0.33086 0.54329
vt 0.27849 0.72088
vt 0.26925 0.67934
vt 0.28149 0.68986
vt 0.28746 0.65758
vt 0.32082 0.55636
vt 0.31734 0.53962
vt 0.44532 0.44490
vt 0.44627 0.44907
vt 0.45365 0.44689
vt 0.49521 0.44720
vt 0.49528 0.45187
vt 0.50021 0.44740
vt 0.50021 0.45220
vt 0.39509 0.47961
vt 0.39734 0.48625
vt 0.39101 0.49262
vt 0.32928 0.64402
vt 0.33776 0.65258
vt 0.32133 0.63467
vt 0.33694 0.79720
vt 0.34597 0.65955
vt 0.35371 0.66537
vt 0.35174 0.64373
vt 0.35920 0.65082
vt 0.36806 0.77623
vt 0.36093 0.67063
vt 0.36621 0.65732
vt 0.37286 0.66349
vt 0.37815 0.68665
vt 0.38382 0.67757
vt 0.38753 0.68474
vt 0.28232 0.81023
vt 0.28176 0.82132
vt 0.29479 0.82625
vt 0.32065 0.82468
vt 0.34243 0.25406
vt 0.34287 0.24986
vt 0.33564 0.25491
vt 0.33666 0.23620
vt 0.34471 0.23481
vt 0.34390 0.24037
vt 0.33786 0.22972
vt 0.34574 0.22881
vt 0.32228 0.37462
vt 0.32524 0.36614
vt 0.32784 0.35840
vt 0.34871 0.55609
vt 0.33962 0.57045
vt 0.34432 0.54376
vt 0.33476 0.55742
vt 0.34338 0.83104
vt 0.35279 0.84172
vt 0.34209 0.83920
vt 0.29306 0.48636
vt 0.30286 0.48216
vt 0.13969 0.51001
vt 0.33571 0.16756
vt 0.33841 0.18255
vt 0.28395 0.79845
vt 0.27050 0.79311
vt 0.26864 0.80341
vt 0.19854 0.77579
vt 0.19756 0.78264
vt 0.21169 0.78984
vt 0.21013 0.79619
vt 0.22554 0.80264
vt 0.22499 0.81025
vt 0.15835 0.72346
vt 0.17100 0.74446
vt 0.16508 0.71919
vt 0.17569 0.73825
vt 0.15536 0.69396
vt 0.14693 0.69880
vt 0.16848 0.75166
vt 0.13804 0.66449
vt 0.14795 0.66379
vt 0.14319 0.63463
vt 0.13351 0.63488
vt 0.14168 0.38731
vt 0.12947 0.38426
vt 0.13428 0.42119
vt 0.12235 0.42212
vt 0.11770 0.45880
vt 0.12900 0.45435
vt 0.12854 0.48581
vt 0.11849 0.49082
vt 0.12966 0.51449
vt 0.45433 0.85796
vt 0.46922 0.85800
vt 0.48494 0.85839
vt 0.50050 0.85876
vt 0.18778 0.75520
vt 0.18473 0.76112
vt 0.22829 0.78707
vt 0.21595 0.77590
vt 0.22658 0.79516
vt 0.21333 0.78269
vt 0.29219 0.50271
vt 0.30236 0.49737
vt 0.14621 0.58181
vt 0.30278 0.51395
vt 0.14368 0.55891
vt 0.13691 0.58526
vt 0.13429 0.56374
vt 0.13179 0.53873
vt 0.14168 0.53397
vt 0.12968 0.60985
vt 0.13969 0.60821
vt 0.29589 0.56541
vt 0.30023 0.58792
vt 0.36326 0.84389
vt 0.35760 0.54341
vt 0.35364 0.53196
vt 0.47941 0.44467
vt 0.47969 0.44930
vt 0.40345 0.47955
vt 0.40158 0.47383
vt 0.46103 0.44549
vt 0.46195 0.44972
vt 0.42580 0.46478
vt 0.42413 0.46091
vt 0.43144 0.45609
vt 0.33628 0.22088
vt 0.34512 0.21940
vt 0.44028 0.84918
vt 0.30048 0.44374
vt 0.43885 0.45217
vt 0.43781 0.44797
vt 0.30907 0.44160
vt 0.36598 0.53231
vt 0.36236 0.52178
vt 0.36266 0.85176
vt 0.37325 0.85354
vt 0.40735 0.71189
vt 0.40041 0.71530
vt 0.39670 0.76449
vt 0.39059 0.76299
vt 0.38038 0.78086
vt 0.38512 0.77645
vt 0.38309 0.77032
vt 0.37879 0.77419
vt 0.38933 0.77228
vt 0.37390 0.77872
vt 0.37494 0.78587
vt 0.36809 0.78354
vt 0.33692 0.59840
vt 0.33071 0.58588
vt 0.33632 0.62616
vt 0.32897 0.61551
vt 0.35015 0.81388
vt 0.35564 0.80575
vt 0.34370 0.60963
vt 0.33978 0.81014
vt 0.34615 0.80201
vt 0.33896 0.35738
vt 0.33936 0.35119
vt 0.33360 0.35191
vt 0.33305 0.35830
vt 0.35291 0.19327
vt 0.34096 0.19535
vt 0.33235 0.38181
vt 0.33477 0.37289
vt 0.32537 0.38342
vt 0.32823 0.37421
vt 0.33978 0.34530
vt 0.33420 0.34582
vt 0.33481 0.34013
vt 0.34026 0.33983
vt 0.34073 0.33486
vt 0.33539 0.33502
vt 0.34258 0.31666
vt 0.34210 0.32156
vt 0.33686 0.32165
vt 0.34162 0.32602
vt 0.33637 0.32616
vt 0.33739 0.31675
vt 0.33591 0.33042
vt 0.34120 0.33026
vt 0.33700 0.36480
vt 0.33079 0.36589
vt 0.40527 0.70764
vt 0.40321 0.70297
vt 0.39851 0.71144
vt 0.39672 0.70717
vt 0.41108 0.74594
vt 0.40522 0.74596
vt 0.40289 0.74935
vt 0.40874 0.74967
vt 0.40113 0.69772
vt 0.39286 0.69715
vt 0.39489 0.70240
vt 0.39894 0.69184
vt 0.40017 0.75270
vt 0.40606 0.75337
vt 0.39650 0.68516
vt 0.39047 0.69129
vt 0.38582 0.65762
vt 0.37907 0.66982
vt 0.32118 0.42602
vt 0.31229 0.42881
vt 0.36206 0.79831
vt 0.35358 0.79485
vt 0.35085 0.61985
vt 0.34400 0.63547
vt 0.35385 0.20638
vt 0.34334 0.20767
vt 0.31566 0.41640
vt 0.32406 0.41391
vt 0.31905 0.40458
vt 0.32691 0.40242
vt 0.36868 0.79170
vt 0.36117 0.78877
vt 0.39317 0.76837
vt 0.38699 0.76653
vt 0.34935 0.14661
vt 0.35089 0.24457
vt 0.34334 0.24517
vt 0.32231 0.39355
vt 0.32974 0.39165
vt 0.34601 0.82247
vt 0.33230 0.82815
vt 0.33506 0.81913
vt 0.31490 0.52271
vt 0.30422 0.53231
vt 0.30683 0.55172
vt 0.38385 0.85533
vt 0.37378 0.52257
vt 0.37036 0.51308
vt 0.39451 0.85694
vt 0.38101 0.51431
vt 0.37773 0.50540
vt 0.38465 0.49879
vt 0.38783 0.50700
vt 0.40482 0.84962
vt 0.40543 0.85807
vt 0.33348 0.31117
vt 0.33497 0.29353
vt 0.33982 0.29325
vt 0.33799 0.31139
vt 0.33456 0.29960
vt 0.33926 0.29956
vt 0.33404 0.30552
vt 0.33861 0.30565
vt 0.21073 0.18351
vt 0.22026 0.19565
vt 0.23888 0.17686
vt 0.23151 0.16313
vt 0.20087 0.76928
vt 0.20419 0.76337
vt 0.24026 0.80618
vt 0.23994 0.81432
vt 0.24120 0.79768
vt 0.25440 0.80652
vt 0.29655 0.62968
vt 0.30541 0.64456
vt 0.31361 0.62288
vt 0.30749 0.83021
vt 0.31962 0.83396
vt 0.30748 0.83949
vt 0.29479 0.83516
vt 0.31959 0.84290
vt 0.33113 0.83685
vt 0.48146 0.96319
vt 0.48145 0.95117
vt 0.45952 0.96057
vt 0.45977 0.94843
vt 0.50059 0.95465
vt 0.50061 0.96604
vt 0.50062 0.97609
vt 0.48065 0.97242
vt 0.47999 0.98282
vt 0.50063 0.98561
vt 0.47927 0.99105
vt 0.45909 0.98726
vt 0.45906 0.97947
vt 0.50064 0.99389
vt 0.50065 1.00000
vt 0.47881 0.99694
vt 0.45943 0.99443
vt 0.46040 0.93377
vt 0.48180 0.93681
vt 0.48251 0.92077
vt 0.50057 0.92304
vt 0.48392 0.90422
vt 0.50055 0.90624
vt 0.50058 0.93974
vt 0.30640 0.60732
vt 0.31073 0.57085
vt 0.32208 0.60339
vt 0.31590 0.58822
vt 0.32527 0.57203
vt 0.15795 0.23096
vt 0.12909 0.28193
vt 0.13899 0.25656
vt 0.11864 0.27476
vt 0.14709 0.21251
vt 0.13076 0.24328
vt 0.10658 0.26439
vt 0.13532 0.19858
vt 0.11896 0.23328
vt 0.09453 0.25615
vt 0.12360 0.18553
vt 0.10590 0.22809
vt 0.38364 0.12302
vt 0.36665 0.12479
vt 0.39160 0.03479
vt 0.36984 0.03944
vt 0.38969 0.05693
vt 0.36905 0.06251
vt 0.39442 0.01218
vt 0.37055 0.01400
vt 0.36887 0.08402
vt 0.38906 0.07853
vt 0.39856 0.12251
vt 0.36819 0.10503
vt 0.39017 0.10168
vt 0.40046 0.11064
vt 0.41254 0.12069
vt 0.48617 0.11105
vt 0.50002 0.11098
vt 0.48576 0.03658
vt 0.49997 0.03735
vt 0.48628 0.01837
vt 0.49996 0.01943
vt 0.49995 0.00048
vt 0.48569 0.00179
vt 0.47136 0.11142
vt 0.45659 0.11257
vt 0.46801 0.01952
vt 0.46998 0.03898
vt 0.47072 0.00122
vt 0.44168 0.11488
vt 0.45549 0.04132
vt 0.45525 0.02208
vt 0.45612 0.00476
vt 0.42691 0.11756
vt 0.41227 0.02977
vt 0.40907 0.05190
vt 0.44211 0.02478
vt 0.44122 0.04418
vt 0.42837 0.02677
vt 0.42612 0.04746
vt 0.41580 0.00416
vt 0.43098 0.00010
vt 0.44415 0.00521
vt 0.41143 0.10629
vt 0.42614 0.10183
vt 0.44118 0.09857
vt 0.45623 0.09603
vt 0.47122 0.09420
vt 0.50001 0.09468
vt 0.48616 0.09454
vt 0.48610 0.07785
vt 0.50000 0.07837
vt 0.47100 0.07668
vt 0.45597 0.07864
vt 0.44083 0.08142
vt 0.40920 0.09092
vt 0.42537 0.08519
vt 0.40807 0.07252
vt 0.42518 0.06705
vt 0.44080 0.06324
vt 0.45576 0.06036
vt 0.47066 0.05826
vt 0.48607 0.06092
vt 0.49999 0.06221
vt 0.32148 0.17275
vt 0.34883 0.12864
vt 0.34856 0.06796
vt 0.34881 0.08926
vt 0.32841 0.07386
vt 0.32908 0.09490
vt 0.34817 0.04558
vt 0.32699 0.05146
vt 0.34751 0.02226
vt 0.32333 0.02577
vt 0.34879 0.10946
vt 0.33305 0.15136
vt 0.31680 0.15734
vt 0.33094 0.13374
vt 0.32974 0.11491
vt 0.30124 0.16534
vt 0.31291 0.14022
vt 0.30854 0.08059
vt 0.30952 0.10140
vt 0.30718 0.05840
vt 0.30409 0.03319
vt 0.28625 0.17497
vt 0.24842 0.13058
vt 0.24617 0.11145
vt 0.28855 0.08863
vt 0.28950 0.10900
vt 0.26937 0.11838
vt 0.26804 0.09861
vt 0.24519 0.09076
vt 0.28782 0.06677
vt 0.26725 0.07767
vt 0.24337 0.06831
vt 0.26499 0.05439
vt 0.28653 0.04129
vt 0.25214 0.14772
vt 0.25719 0.16243
vt 0.27149 0.13666
vt 0.27335 0.15205
vt 0.29086 0.12841
vt 0.31060 0.12131
vt 0.26379 0.17485
vt 0.27840 0.16459
vt 0.29241 0.14913
vt 0.26813 0.81466
vt 0.25406 0.81595
vt 0.28158 0.82990
vt 0.26759 0.83084
vt 0.25381 0.82356
vt 0.26679 0.83702
vt 0.25380 0.82958
vt 0.26784 0.82371
vt 0.29461 0.84374
vt 0.28112 0.83737
vt 0.41677 0.85860
vt 0.33118 0.84519
vt 0.42859 0.85883
vt 0.34184 0.84734
vt 0.38387 0.86318
vt 0.37330 0.86130
vt 0.39479 0.86498
vt 0.40618 0.86640
vt 0.39483 0.87272
vt 0.40668 0.87460
vt 0.38386 0.87053
vt 0.37405 0.86856
vt 0.30752 0.84843
vt 0.32009 0.85159
vt 0.35226 0.84968
vt 0.36298 0.85963
vt 0.28002 0.84484
vt 0.29355 0.85160
vt 0.38332 0.87744
vt 0.37549 0.87419
vt 0.39430 0.88010
vt 0.30718 0.85678
vt 0.44096 0.85859
vt 0.46880 0.86802
vt 0.45470 0.86781
vt 0.48525 0.86867
vt 0.46868 0.87788
vt 0.48549 0.87898
vt 0.48515 0.88994
vt 0.46698 0.88867
vt 0.50052 0.86895
vt 0.50053 0.87955
vt 0.50054 0.88961
vt 0.44194 0.86760
vt 0.45468 0.87678
vt 0.46153 0.91807
vt 0.41797 0.86713
vt 0.41933 0.87565
vt 0.44299 0.87575
vt 0.42993 0.86753
vt 0.43174 0.87605
vt 0.43467 0.88495
vt 0.44335 0.88220
vt 0.45215 0.88602
vt 0.46360 0.90207
vt 0.44294 0.89665
vt 0.42084 0.88480
vt 0.40662 0.88289
vt 0.44172 0.91413
vt 0.40830 0.46793
vt 0.26367 0.84163
vt 0.27781 0.85135
vt 0.29204 0.85837
vt 0.30515 0.86461
vt 0.42194 0.89596
vt 0.40476 0.89143
vt 0.39388 0.88647
vt 0.38186 0.88588
vt 0.37000 0.87586
vt 0.42097 0.90974
vt 0.44055 0.92954
vt 0.41998 0.92457
vt 0.43998 0.94346
vt 0.41978 0.93989
vt 0.14787 0.74948
vt 0.18349 0.76830
vt 0.16879 0.76151
vt 0.17096 0.77337
vt 0.19655 0.78691
vt 0.20686 0.80044
vt 0.18627 0.77871
vt 0.19620 0.79857
vt 0.22443 0.81695
vt 0.24023 0.82136
vt 0.25350 0.83419
vt 0.24322 0.82875
vt 0.25363 0.84310
vt 0.27759 0.85869
vt 0.29023 0.86348
vt 0.30019 0.87101
vt 0.39669 0.90245
vt 0.39848 0.92161
vt 0.22501 0.82426
vt 0.14613 0.75783
vt 0.14343 0.76405
vt 0.17181 0.78447
vt 0.39917 0.93773
vt 0.14051 0.77070
vt 0.37367 0.90222
vt 0.36703 0.88815
vt 0.28646 0.87485
vt 0.25578 0.85716
vt 0.22661 0.83491
vt 0.19734 0.81067
vt 0.17127 0.79336
vt 0.19905 0.81897
vt 0.22780 0.84711
vt 0.17069 0.80178
vt 0.19978 0.83113
vt 0.37680 0.91803
vt 0.37800 0.93370
vt 0.22826 0.85986
vt 0.25667 0.87037
vt 0.25686 0.88266
vt 0.28451 0.88813
vt 0.28336 0.90000
vt 0.36491 0.86758
vt 0.35272 0.85794
vt 0.33179 0.85388
vt 0.31930 0.86985
vt 0.31649 0.87901
vt 0.31217 0.88876
vt 0.30967 0.90046
vt 0.30868 0.91483
vt 0.35522 0.91467
vt 0.35365 0.90034
vt 0.33354 0.90874
vt 0.33356 0.89582
vt 0.35604 0.92923
vt 0.33376 0.92310
vt 0.35069 0.88737
vt 0.36001 0.87651
vt 0.34723 0.87594
vt 0.34254 0.85586
vt 0.35511 0.86672
vt 0.34431 0.86551
vt 0.32017 0.86078
vt 0.33277 0.86334
vt 0.33349 0.87352
vt 0.33369 0.88424
vt 0.41973 0.95350
vt 0.39952 0.95177
vt 0.22826 0.87261
vt 0.19922 0.84460
vt 0.25648 0.89464
vt 0.28185 0.91529
vt 0.30937 0.93015
vt 0.37878 0.94770
vt 0.16992 0.81212
vt 0.33487 0.93806
vt 0.35703 0.94390
vt 0.39951 0.96353
vt 0.37906 0.96010
vt 0.22860 0.88590
vt 0.19931 0.85900
vt 0.25510 0.90994
vt 0.28227 0.93148
vt 0.31077 0.94456
vt 0.16915 0.82595
vt 0.33630 0.95215
vt 0.35814 0.95703
vt 0.39877 0.97350
vt 0.37826 0.97070
vt 0.22726 0.90301
vt 0.19965 0.87605
vt 0.25385 0.92810
vt 0.28385 0.94578
vt 0.31182 0.95764
vt 0.16815 0.84358
vt 0.33654 0.96435
vt 0.35764 0.96812
vt 0.37652 0.98087
vt 0.39716 0.98299
vt 0.22434 0.92081
vt 0.19735 0.89419
vt 0.25309 0.94444
vt 0.28452 0.95963
vt 0.31113 0.96939
vt 0.16712 0.86419
vt 0.33579 0.97558
vt 0.35600 0.97920
vt 0.21823 0.93688
vt 0.19283 0.91127
vt 0.25340 0.96038
vt 0.28523 0.97383
vt 0.30752 0.98115
vt 0.37232 0.99230
vt 0.39457 0.99265
vt 0.33607 0.98663
vt 0.35199 0.99194
vt 0.41722 0.98342
vt 0.41870 0.97443
vt 0.43881 0.98332
vt 0.43976 0.99067
vt 0.41437 0.99167
vt 0.43965 0.95558
vt 0.45927 0.97065
vt 0.41944 0.96470
vt 0.43902 0.97511
vt 0.43939 0.96596
vt 0.13784 0.77931
vt 0.10619 0.75629
vt 0.13526 0.79125
vt 0.09851 0.77262
vt 0.13305 0.80880
vt 0.08722 0.79555
vt 0.13465 0.83449
vt 0.12862 0.84146
vt 0.15994 0.87515
vt 0.10759 0.82037
vt 0.95052 0.43555
vt 0.94504 0.42944
vt 0.94764 0.45421
vt 0.93997 0.44922
vt 0.94509 0.47628
vt 0.95114 0.47718
vt 0.95391 0.45612
vt 0.93737 0.47484
vt 0.94253 0.49860
vt 0.93539 0.50086
vt 0.94856 0.49316
vt 0.93944 0.41560
vt 0.93108 0.44026
vt 0.92868 0.47155
vt 0.95981 0.41652
vt 0.95638 0.41081
vt 0.95699 0.41994
vt 0.95463 0.41740
vt 0.95173 0.40895
vt 0.95224 0.41501
vt 0.95293 0.42436
vt 0.94951 0.41920
vt 0.95628 0.43796
vt 0.95708 0.42606
vt 0.97522 0.57449
vt 0.97242 0.56986
vt 0.96708 0.60478
vt 0.96260 0.59635
vt 0.97858 0.57643
vt 0.96864 0.60854
vt 0.89970 0.66220
vt 0.89330 0.64831
vt 0.88867 0.69719
vt 0.88546 0.68853
vt 0.97994 0.54417
vt 0.98158 0.54745
vt 0.98848 0.52208
vt 0.98825 0.51985
vt 0.95430 0.62920
vt 0.95046 0.61874
vt 0.90597 0.71265
vt 0.91366 0.72103
vt 0.92370 0.68001
vt 0.93327 0.68135
vt 0.93022 0.54483
vt 0.93543 0.53245
vt 0.92812 0.53945
vt 0.93356 0.52407
vt 0.94134 0.51935
vt 0.93681 0.54391
vt 0.93095 0.55364
vt 0.95130 0.49947
vt 0.95709 0.47672
vt 0.96081 0.45620
vt 0.96273 0.43777
vt 0.92641 0.50211
vt 0.92284 0.50005
vt 0.92505 0.47084
vt 0.92716 0.43914
vt 0.92551 0.52099
vt 0.92141 0.52017
vt 0.92113 0.53221
vt 0.91893 0.53047
vt 0.91847 0.52120
vt 0.93558 0.41913
vt 0.93275 0.41285
vt 0.93826 0.40272
vt 0.96230 0.42460
vt 0.94678 0.41039
vt 0.94461 0.39871
vt 0.95137 0.39819
vt 0.89402 0.70126
vt 0.90582 0.67204
vt 0.90043 0.70526
vt 0.91742 0.67195
vt 0.92811 0.32701
vt 0.93321 0.33555
vt 0.93224 0.32688
vt 0.93614 0.33444
vt 0.94111 0.33515
vt 0.93904 0.32981
vt 0.96427 0.40853
vt 0.96965 0.41974
vt 0.97121 0.43542
vt 0.96853 0.45464
vt 0.96288 0.47925
vt 0.97729 0.45087
vt 0.96720 0.48311
vt 0.95490 0.50699
vt 0.94701 0.52677
vt 0.95695 0.51016
vt 0.95835 0.40158
vt 0.99817 0.49861
vt 0.99863 0.50076
vt 0.98503 0.41428
vt 0.98450 0.41403
vt 0.94726 0.33195
vt 0.94722 0.33696
vt 0.95259 0.33375
vt 0.95361 0.33801
vt 0.94609 0.32873
vt 0.95262 0.33097
vt 0.96778 0.39679
vt 0.97788 0.41150
vt 0.95985 0.39142
vt 0.95126 0.38874
vt 0.94347 0.38970
vt 0.93593 0.39356
vt 0.61508 0.74684
vt 0.61779 0.74896
vt 0.62067 0.74409
vt 0.62324 0.74535
vt 0.61269 0.74473
vt 0.61825 0.74280
vt 0.61602 0.74140
vt 0.61973 0.73877
vt 0.62208 0.73938
vt 0.62446 0.73989
vt 0.62688 0.74032
vt 0.62948 0.74082
vt 0.62599 0.74683
vt 0.61268 0.73720
vt 0.61507 0.73765
vt 0.61305 0.73587
vt 0.61576 0.73557
vt 0.61453 0.73302
vt 0.61203 0.73410
vt 0.61009 0.73624
vt 0.61054 0.73788
vt 0.60927 0.73694
vt 0.61044 0.73563
vt 0.61212 0.73898
vt 0.61011 0.73506
vt 0.61738 0.73819
vt 0.61397 0.74015
vt 0.61842 0.73529
vt 0.61712 0.73201
vt 0.63210 0.74138
vt 0.62887 0.74827
vt 0.63013 0.73323
vt 0.63262 0.73260
vt 0.63032 0.72323
vt 0.62788 0.72507
vt 0.61954 0.73100
vt 0.62095 0.73511
vt 0.62330 0.73483
vt 0.62551 0.73444
vt 0.62178 0.72982
vt 0.62379 0.72842
vt 0.61618 0.72687
vt 0.61820 0.72488
vt 0.62780 0.73381
vt 0.62577 0.72680
vt 0.87310 0.72678
vt 0.87021 0.72020
vt 0.87663 0.73057
vt 0.88168 0.73609
vt 0.88673 0.74439
vt 0.64071 0.71912
vt 0.64254 0.73295
vt 0.64567 0.71853
vt 0.64712 0.73361
vt 0.98471 0.41381
vt 0.99955 0.50310
vt 1.00000 0.50381
vt 0.98491 0.41352
vt 0.98514 0.41338
vt 0.99906 0.50218
vt 0.98944 0.52405
vt 0.98371 0.54965
vt 0.95962 0.63503
vt 0.95339 0.66220
vt 0.95869 0.66567
vt 0.96290 0.63860
vt 0.96573 0.64273
vt 0.94821 0.65900
vt 0.94130 0.65395
vt 0.99059 0.52495
vt 0.99157 0.52507
vt 0.98582 0.55026
vt 0.98809 0.54932
vt 0.98196 0.57923
vt 0.98014 0.57801
vt 0.97073 0.61197
vt 0.97294 0.61522
vt 0.94969 0.69248
vt 0.94154 0.68602
vt 0.93675 0.74740
vt 0.92314 0.73329
vt 0.93643 0.32424
vt 0.94571 0.32605
vt 0.93521 0.32013
vt 0.94525 0.32355
vt 0.93346 0.31708
vt 0.95264 0.32881
vt 0.95268 0.32672
vt 0.92807 0.31798
vt 0.92689 0.31144
vt 0.92665 0.30665
vt 0.92268 0.31486
vt 0.91894 0.30082
vt 0.91879 0.29122
vt 0.84693 0.72866
vt 0.85048 0.73751
vt 0.86074 0.70467
vt 0.86566 0.71127
vt 0.87210 0.67062
vt 0.87936 0.67842
vt 0.88717 0.63246
vt 0.52498 0.73574
vt 0.53264 0.73576
vt 0.52489 0.73120
vt 0.53273 0.73098
vt 0.53240 0.74064
vt 0.52478 0.74038
vt 0.53471 0.64308
vt 0.53548 0.63438
vt 0.52478 0.64190
vt 0.52533 0.63312
vt 0.53412 0.65189
vt 0.52446 0.65096
vt 0.53508 0.58965
vt 0.53365 0.58418
vt 0.52441 0.58952
vt 0.52378 0.58426
vt 0.52550 0.70780
vt 0.52458 0.70041
vt 0.51329 0.70777
vt 0.51357 0.70074
vt 0.51335 0.71384
vt 0.52551 0.71370
vt 0.52532 0.72226
vt 0.51428 0.72277
vt 0.52500 0.72672
vt 0.51499 0.72709
vt 0.51525 0.73147
vt 0.53260 0.72663
vt 0.53256 0.72229
vt 0.51338 0.69245
vt 0.52450 0.69240
vt 0.52434 0.68428
vt 0.51365 0.68464
vt 0.51523 0.73593
vt 0.51518 0.74000
vt 0.52447 0.74502
vt 0.52379 0.74965
vt 0.53224 0.74550
vt 0.53208 0.75036
vt 0.51420 0.74429
vt 0.51319 0.74869
vt 0.51311 0.67610
vt 0.52440 0.67613
vt 0.52461 0.66798
vt 0.51256 0.66787
vt 0.52325 0.75502
vt 0.51271 0.75461
vt 0.51275 0.65994
vt 0.52446 0.65980
vt 0.52326 0.76022
vt 0.53203 0.75544
vt 0.53230 0.76043
vt 0.51264 0.76003
vt 0.53378 0.66066
vt 0.51299 0.65105
vt 0.53333 0.66909
vt 0.51310 0.64137
vt 0.51355 0.63210
vt 0.51281 0.76532
vt 0.53300 0.76539
vt 0.52383 0.76537
vt 0.52546 0.71823
vt 0.53247 0.71840
vt 0.51377 0.71808
vt 0.52539 0.71571
vt 0.51345 0.71532
vt 0.50544 0.48870
vt 0.51042 0.48745
vt 0.50531 0.48394
vt 0.51013 0.48277
vt 0.51274 0.59128
vt 0.51237 0.58561
vt 0.50625 0.50370
vt 0.50681 0.50974
vt 0.51169 0.50208
vt 0.51243 0.50772
vt 0.51113 0.49691
vt 0.50594 0.49846
vt 0.52181 0.57373
vt 0.52123 0.56848
vt 0.51215 0.57540
vt 0.51147 0.57019
vt 0.51062 0.56446
vt 0.52075 0.56229
vt 0.50566 0.49362
vt 0.51239 0.57993
vt 0.52267 0.57898
vt 0.53234 0.57869
vt 0.53112 0.57301
vt 0.52048 0.55450
vt 0.50993 0.55607
vt 0.50890 0.54766
vt 0.50761 0.51703
vt 0.50785 0.52504
vt 0.51368 0.51444
vt 0.51621 0.52293
vt 0.52113 0.54537
vt 0.52496 0.59467
vt 0.51311 0.59632
vt 0.50520 0.47927
vt 0.89463 0.34114
vt 0.89188 0.30934
vt 0.88092 0.32947
vt 0.87752 0.30561
vt 0.51495 0.48164
vt 0.51512 0.48617
vt 0.51641 0.50039
vt 0.51719 0.50572
vt 0.51586 0.49556
vt 0.51841 0.51172
vt 0.52078 0.51813
vt 0.88608 0.37787
vt 0.87310 0.33799
vt 0.71047 0.31289
vt 0.70761 0.31177
vt 0.70854 0.32180
vt 0.70580 0.31901
vt 0.70266 0.32521
vt 0.70500 0.32896
vt 0.70067 0.32191
vt 0.70354 0.31670
vt 0.70506 0.31059
vt 0.70149 0.31469
vt 0.70296 0.30942
vt 0.70107 0.30844
vt 0.69982 0.31278
vt 0.51075 0.49221
vt 0.86447 0.29959
vt 0.85211 0.30701
vt 0.86124 0.34577
vt 0.70724 0.30353
vt 0.70982 0.30259
vt 0.70497 0.30406
vt 0.70000 0.30021
vt 0.70123 0.30458
vt 0.70158 0.29900
vt 0.70303 0.30422
vt 0.69840 0.29309
vt 0.69714 0.29532
vt 0.70317 0.29739
vt 0.69983 0.29082
vt 0.70504 0.29564
vt 0.70147 0.28841
vt 0.70706 0.29390
vt 0.70329 0.28612
vt 0.84037 0.27136
vt 0.85227 0.26641
vt 0.77924 0.32588
vt 0.76765 0.29875
vt 0.76793 0.32468
vt 0.75711 0.29910
vt 0.90855 0.37054
vt 0.90165 0.40106
vt 0.50674 0.31506
vt 0.51287 0.31522
vt 0.50734 0.29210
vt 0.51390 0.29259
vt 0.51858 0.31522
vt 0.51980 0.29303
vt 0.61841 0.28695
vt 0.61692 0.28431
vt 0.61361 0.29250
vt 0.61196 0.29033
vt 0.51050 0.22579
vt 0.51121 0.20830
vt 0.60283 0.29155
vt 0.60507 0.29335
vt 0.60644 0.28354
vt 0.60852 0.28602
vt 0.61227 0.27613
vt 0.61405 0.27913
vt 0.61560 0.28193
vt 0.61037 0.28831
vt 0.60702 0.29499
vt 0.51557 0.26850
vt 0.52197 0.26925
vt 0.61452 0.33026
vt 0.61536 0.32748
vt 0.61108 0.32690
vt 0.61204 0.32434
vt 0.60910 0.32117
vt 0.60798 0.32325
vt 0.61809 0.33326
vt 0.61883 0.33015
vt 0.61286 0.32210
vt 0.61606 0.32485
vt 0.61942 0.32724
vt 0.61032 0.29805
vt 0.60872 0.29649
vt 0.60707 0.30194
vt 0.60538 0.30096
vt 0.61358 0.32009
vt 0.61663 0.32233
vt 0.61990 0.32446
vt 0.61712 0.31990
vt 0.61410 0.31784
vt 0.62037 0.32173
vt 0.50605 0.35352
vt 0.51181 0.35361
vt 0.50634 0.33534
vt 0.51223 0.33548
vt 0.50827 0.26762
vt 0.51993 0.22654
vt 0.51771 0.24635
vt 0.50944 0.24546
vt 0.60430 0.37930
vt 0.59964 0.37047
vt 0.59907 0.38131
vt 0.59536 0.37153
vt 0.59673 0.36499
vt 0.59307 0.36325
vt 0.59740 0.36074
vt 0.60222 0.36653
vt 0.60752 0.37371
vt 0.70014 0.75099
vt 0.69951 0.72962
vt 0.68817 0.75172
vt 0.68847 0.73163
vt 0.67662 0.75185
vt 0.67748 0.73359
vt 0.69928 0.76928
vt 0.68576 0.76794
vt 0.68625 0.70900
vt 0.69699 0.70450
vt 0.50509 0.46549
vt 0.50993 0.46462
vt 0.50512 0.46094
vt 0.51001 0.46009
vt 0.53242 0.82327
vt 0.53212 0.81645
vt 0.51650 0.82391
vt 0.51639 0.81724
vt 0.51503 0.45930
vt 0.51489 0.46375
vt 0.58272 0.81691
vt 0.58041 0.80941
vt 0.57214 0.81630
vt 0.57040 0.80900
vt 0.67342 0.76607
vt 0.56966 0.51077
vt 0.57055 0.52082
vt 0.57419 0.51088
vt 0.57523 0.52207
vt 0.66864 0.77702
vt 0.65813 0.77392
vt 0.66296 0.76436
vt 0.56992 0.53204
vt 0.57428 0.53424
vt 0.56621 0.54190
vt 0.57153 0.54624
vt 0.67603 0.71251
vt 0.55411 0.52922
vt 0.54980 0.52923
vt 0.55327 0.53586
vt 0.54952 0.53426
vt 0.55411 0.52326
vt 0.54980 0.52434
vt 0.55868 0.52231
vt 0.55841 0.52941
vt 0.56412 0.52137
vt 0.56343 0.53010
vt 0.57887 0.53684
vt 0.57569 0.54994
vt 0.58001 0.52351
vt 0.66646 0.75129
vt 0.66773 0.73462
vt 0.66672 0.71518
vt 0.53162 0.81020
vt 0.53091 0.80418
vt 0.51625 0.81106
vt 0.51592 0.80515
vt 0.65471 0.76212
vt 0.64990 0.77103
vt 0.65816 0.75010
vt 0.64187 0.74470
vt 0.64621 0.74656
vt 0.65946 0.73482
vt 0.63889 0.75416
vt 0.64315 0.75679
vt 0.65153 0.74838
vt 0.64829 0.75950
vt 0.65268 0.73434
vt 0.56590 0.55637
vt 0.56135 0.55245
vt 0.55945 0.56717
vt 0.55591 0.56250
vt 0.65159 0.71789
vt 0.65857 0.71681
vt 0.55671 0.53777
vt 0.55111 0.54312
vt 0.54808 0.54074
vt 0.54780 0.55071
vt 0.54551 0.54739
vt 0.54328 0.55846
vt 0.54154 0.55447
vt 0.55019 0.55414
vt 0.55419 0.54578
vt 0.55742 0.54910
vt 0.56099 0.53937
vt 0.55301 0.55828
vt 0.54322 0.54482
vt 0.54504 0.53906
vt 0.54253 0.53804
vt 0.54079 0.54276
vt 0.57069 0.56171
vt 0.56313 0.57227
vt 0.51792 0.53726
vt 0.51651 0.53058
vt 0.50933 0.53992
vt 0.50872 0.53280
vt 0.52986 0.79812
vt 0.52855 0.79179
vt 0.51541 0.79925
vt 0.51463 0.79294
vt 0.51401 0.78559
vt 0.52740 0.78511
vt 0.63189 0.74998
vt 0.62708 0.75571
vt 0.63519 0.75186
vt 0.63055 0.75842
vt 0.51334 0.77019
vt 0.52479 0.77007
vt 0.63498 0.74212
vt 0.63817 0.74317
vt 0.63552 0.73232
vt 0.63322 0.72142
vt 0.63874 0.73239
vt 0.63662 0.72001
vt 0.52603 0.61731
vt 0.52586 0.62518
vt 0.53680 0.61778
vt 0.53621 0.62601
vt 0.51368 0.61113
vt 0.51376 0.61829
vt 0.51373 0.62521
vt 0.52581 0.61049
vt 0.52660 0.77913
vt 0.52583 0.77454
vt 0.51381 0.77902
vt 0.51366 0.77462
vt 0.89031 0.42390
vt 0.90174 0.42867
vt 0.91119 0.42248
vt 0.90276 0.46539
vt 0.89301 0.46314
vt 0.74214 0.35572
vt 0.73248 0.34534
vt 0.73751 0.36910
vt 0.72887 0.35758
vt 0.72191 0.34901
vt 0.72545 0.33776
vt 0.71993 0.33229
vt 0.71627 0.34313
vt 0.71396 0.31389
vt 0.71149 0.32489
vt 0.71172 0.33770
vt 0.71558 0.32844
vt 0.70801 0.33302
vt 0.61351 0.33340
vt 0.60995 0.32977
vt 0.71267 0.30139
vt 0.60408 0.28070
vt 0.61029 0.27280
vt 0.59959 0.25523
vt 0.59606 0.24969
vt 0.59098 0.26499
vt 0.58678 0.25951
vt 0.61723 0.33663
vt 0.71774 0.31674
vt 0.72170 0.31977
vt 0.72660 0.32425
vt 0.71642 0.30300
vt 0.73345 0.32987
vt 0.72020 0.30532
vt 0.72519 0.30843
vt 0.73109 0.31221
vt 0.74198 0.33672
vt 0.70911 0.29195
vt 0.71101 0.28967
vt 0.73887 0.31636
vt 0.70517 0.28411
vt 0.70687 0.28203
vt 0.71485 0.29056
vt 0.71942 0.29185
vt 0.70854 0.27991
vt 0.71024 0.27729
vt 0.72499 0.29353
vt 0.73154 0.29533
vt 0.71514 0.27662
vt 0.72075 0.27594
vt 0.60140 0.27751
vt 0.60024 0.28961
vt 0.59720 0.28748
vt 0.59838 0.27393
vt 0.59364 0.28518
vt 0.59586 0.29715
vt 0.59881 0.29813
vt 0.59240 0.29612
vt 0.60525 0.34001
vt 0.60325 0.34432
vt 0.60938 0.34480
vt 0.60762 0.34936
vt 0.61358 0.34888
vt 0.61497 0.34436
vt 0.61096 0.34066
vt 0.60706 0.33618
vt 0.61202 0.35380
vt 0.61234 0.33691
vt 0.60861 0.33285
vt 0.61619 0.34035
vt 0.58232 0.25341
vt 0.57863 0.27419
vt 0.57288 0.26781
vt 0.58943 0.28231
vt 0.59491 0.26992
vt 0.58436 0.27884
vt 0.60098 0.34928
vt 0.59830 0.35457
vt 0.60572 0.35470
vt 0.60373 0.36043
vt 0.60923 0.36654
vt 0.61028 0.35927
vt 0.65463 0.34442
vt 0.65419 0.33916
vt 0.64887 0.34389
vt 0.64843 0.33881
vt 0.65500 0.35000
vt 0.64929 0.34932
vt 0.65374 0.33428
vt 0.64794 0.33408
vt 0.65329 0.32979
vt 0.65286 0.32556
vt 0.64744 0.32965
vt 0.64693 0.32540
vt 0.58776 0.74266
vt 0.58643 0.73921
vt 0.58049 0.74209
vt 0.57871 0.73826
vt 0.58569 0.73610
vt 0.57749 0.73469
vt 0.60073 0.76103
vt 0.59761 0.75719
vt 0.59402 0.76197
vt 0.59093 0.75798
vt 0.66745 0.41078
vt 0.66516 0.39974
vt 0.65847 0.40800
vt 0.65671 0.39716
vt 0.62952 0.62392
vt 0.63566 0.63698
vt 0.63597 0.61464
vt 0.64260 0.62892
vt 0.62898 0.64461
vt 0.62345 0.63267
vt 0.61795 0.64026
vt 0.62236 0.65152
vt 0.50561 0.40672
vt 0.50568 0.39606
vt 0.51107 0.40643
vt 0.51089 0.41555
vt 0.50557 0.41600
vt 0.82034 0.70919
vt 0.82840 0.68681
vt 0.81273 0.70672
vt 0.81963 0.68490
vt 0.80996 0.68444
vt 0.80517 0.70479
vt 0.80495 0.72276
vt 0.81142 0.72787
vt 0.83532 0.65979
vt 0.83954 0.63047
vt 0.82497 0.65922
vt 0.82866 0.62997
vt 0.79941 0.71874
vt 0.81462 0.66090
vt 0.85006 0.47803
vt 0.84846 0.44817
vt 0.83708 0.47480
vt 0.83543 0.44565
vt 0.53237 0.83917
vt 0.53247 0.83079
vt 0.51649 0.83957
vt 0.51653 0.83128
vt 0.83713 0.68889
vt 0.82763 0.71382
vt 0.84875 0.63307
vt 0.84438 0.66282
vt 0.85986 0.45134
vt 0.86153 0.48197
vt 0.53210 0.84833
vt 0.51636 0.84879
vt 0.52734 0.15611
vt 0.52801 0.14203
vt 0.51354 0.15495
vt 0.51378 0.14118
vt 0.52843 0.12720
vt 0.51385 0.12662
vt 0.51312 0.16821
vt 0.52631 0.16968
vt 0.81353 0.35730
vt 0.80263 0.32542
vt 0.80102 0.35654
vt 0.79064 0.32594
vt 0.83478 0.38783
vt 0.82536 0.35579
vt 0.82295 0.38872
vt 0.78877 0.35432
vt 0.79698 0.38310
vt 0.81005 0.38648
vt 0.81478 0.32314
vt 0.54100 0.15804
vt 0.53929 0.17214
vt 0.77887 0.29722
vt 0.79064 0.29480
vt 0.80283 0.29120
vt 0.78863 0.26155
vt 0.77701 0.26682
vt 0.76577 0.27067
vt 0.75523 0.27405
vt 0.81634 0.41610
vt 0.82084 0.44322
vt 0.82980 0.41850
vt 0.84172 0.41918
vt 0.80229 0.41131
vt 0.80487 0.43868
vt 0.84968 0.50545
vt 0.83798 0.50176
vt 0.82317 0.47230
vt 0.82338 0.49911
vt 0.70122 0.33409
vt 0.69906 0.32972
vt 0.70390 0.33908
vt 0.69722 0.32590
vt 0.79744 0.70452
vt 0.79542 0.71535
vt 0.80026 0.68568
vt 0.80319 0.66048
vt 0.69899 0.31914
vt 0.69750 0.31653
vt 0.80233 0.46687
vt 0.80675 0.49830
vt 0.79000 0.42774
vt 0.78520 0.44628
vt 0.75570 0.40127
vt 0.74722 0.38407
vt 0.74703 0.40752
vt 0.73894 0.39220
vt 0.73091 0.37812
vt 0.72347 0.36675
vt 0.70730 0.34468
vt 0.71150 0.35100
vt 0.71702 0.35824
vt 0.80238 0.74281
vt 0.79670 0.73637
vt 0.79202 0.72902
vt 0.81847 0.73296
vt 0.89325 0.50455
vt 0.90248 0.50163
vt 0.90810 0.50776
vt 0.90240 0.52073
vt 0.89804 0.53021
vt 0.89077 0.52545
vt 0.67541 0.45955
vt 0.67643 0.47214
vt 0.68612 0.46387
vt 0.68729 0.47721
vt 0.89862 0.54897
vt 0.88856 0.55112
vt 0.87822 0.54416
vt 0.87559 0.56674
vt 0.88699 0.58142
vt 0.88055 0.51860
vt 0.68712 0.50620
vt 0.68766 0.49128
vt 0.67634 0.49875
vt 0.67678 0.48516
vt 0.82392 0.52437
vt 0.80898 0.52416
vt 0.80961 0.54914
vt 0.80921 0.57593
vt 0.82358 0.54926
vt 0.82201 0.57507
vt 0.51082 0.42341
vt 0.50548 0.42396
vt 0.50542 0.43082
vt 0.50536 0.43681
vt 0.51060 0.43610
vt 0.51069 0.43020
vt 0.84831 0.52929
vt 0.83780 0.52656
vt 0.84674 0.55299
vt 0.83629 0.55081
vt 0.90299 0.54207
vt 0.91959 0.55992
vt 0.91956 0.56771
vt 0.92556 0.55891
vt 0.92532 0.56730
vt 0.93155 0.56238
vt 0.91020 0.59770
vt 0.90866 0.59888
vt 0.90950 0.60498
vt 0.90873 0.60238
vt 0.90427 0.63756
vt 0.91040 0.64506
vt 0.98652 0.41383
vt 0.95757 0.34450
vt 0.88329 0.59353
vt 0.87419 0.58815
vt 0.88997 0.59572
vt 0.54875 0.43261
vt 0.55629 0.43460
vt 0.54897 0.42678
vt 0.55648 0.42862
vt 0.51639 0.42960
vt 0.51617 0.43554
vt 0.84235 0.60243
vt 0.85196 0.60492
vt 0.84464 0.57628
vt 0.83420 0.57567
vt 0.83087 0.60110
vt 0.88409 0.62383
vt 0.87953 0.60803
vt 0.51038 0.44629
vt 0.51569 0.44575
vt 0.51051 0.44139
vt 0.51593 0.44088
vt 0.81834 0.63287
vt 0.81995 0.60285
vt 0.80594 0.63279
vt 0.80711 0.60369
vt 0.50531 0.44223
vt 0.59123 0.71617
vt 0.58245 0.71245
vt 0.58931 0.72003
vt 0.58024 0.71676
vt 0.60842 0.63985
vt 0.61370 0.64579
vt 0.61233 0.63071
vt 0.66978 0.42263
vt 0.66017 0.41944
vt 0.58786 0.72385
vt 0.57859 0.72086
vt 0.57764 0.72419
vt 0.58699 0.72732
vt 0.58546 0.73349
vt 0.58568 0.73139
vt 0.57683 0.73153
vt 0.57674 0.72886
vt 0.57699 0.72685
vt 0.58616 0.72982
vt 0.58653 0.72897
vt 0.57718 0.72576
vt 0.66554 0.49192
vt 0.66434 0.50465
vt 0.67501 0.51296
vt 0.63508 0.59016
vt 0.64259 0.60473
vt 0.64109 0.57923
vt 0.64913 0.59400
vt 0.65542 0.58238
vt 0.64679 0.56765
vt 0.62298 0.61164
vt 0.62896 0.60098
vt 0.61734 0.62156
vt 0.60308 0.66095
vt 0.60010 0.67045
vt 0.61046 0.66834
vt 0.60701 0.67739
vt 0.66283 0.38939
vt 0.66068 0.37973
vt 0.65499 0.38706
vt 0.65338 0.37774
vt 0.65869 0.37107
vt 0.65682 0.36307
vt 0.65183 0.36923
vt 0.65035 0.36144
vt 0.65517 0.35580
vt 0.64971 0.35513
vt 0.64366 0.34802
vt 0.64336 0.34293
vt 0.64298 0.33813
vt 0.64254 0.33364
vt 0.64204 0.32937
vt 0.64147 0.32520
vt 0.57488 0.70903
vt 0.57739 0.70420
vt 0.58498 0.70796
vt 0.57185 0.73791
vt 0.57008 0.73392
vt 0.57389 0.74205
vt 0.58000 0.69898
vt 0.58750 0.70311
vt 0.58526 0.75011
vt 0.58272 0.74609
vt 0.57870 0.75046
vt 0.57620 0.74626
vt 0.58801 0.75408
vt 0.58417 0.75883
vt 0.58137 0.75467
vt 0.59728 0.76608
vt 0.59030 0.76717
vt 0.58713 0.76297
vt 0.60858 0.77901
vt 0.60451 0.77448
vt 0.60115 0.78056
vt 0.59726 0.77584
vt 0.64962 0.40435
vt 0.64843 0.39380
vt 0.61312 0.78387
vt 0.60546 0.78568
vt 0.66561 0.46717
vt 0.66467 0.45516
vt 0.66598 0.47937
vt 0.67282 0.52774
vt 0.66247 0.51775
vt 0.51480 0.46813
vt 0.50986 0.46916
vt 0.61102 0.39245
vt 0.60297 0.39338
vt 0.60669 0.32570
vt 0.60516 0.32824
vt 0.61011 0.31935
vt 0.61097 0.31756
vt 0.61172 0.31574
vt 0.60787 0.31634
vt 0.60905 0.31494
vt 0.60777 0.31238
vt 0.60637 0.31325
vt 0.60339 0.33119
vt 0.55352 0.51816
vt 0.54910 0.51997
vt 0.55824 0.51623
vt 0.51547 0.49091
vt 0.56348 0.51390
vt 0.61704 0.44320
vt 0.61639 0.43271
vt 0.61009 0.43968
vt 0.60932 0.42944
vt 0.56175 0.50793
vt 0.56684 0.50450
vt 0.55931 0.50264
vt 0.56368 0.49886
vt 0.51962 0.48476
vt 0.51976 0.48933
vt 0.52404 0.48780
vt 0.52410 0.48314
vt 0.54846 0.51581
vt 0.55267 0.51354
vt 0.54750 0.51261
vt 0.55127 0.50962
vt 0.60667 0.31777
vt 0.60485 0.31423
vt 0.60998 0.31371
vt 0.60904 0.31174
vt 0.58205 0.35233
vt 0.58304 0.34123
vt 0.57568 0.34527
vt 0.57691 0.33246
vt 0.59170 0.32482
vt 0.59461 0.32196
vt 0.58832 0.31653
vt 0.59181 0.31455
vt 0.60540 0.31948
vt 0.60330 0.31513
vt 0.60191 0.31070
vt 0.60370 0.31039
vt 0.60157 0.31638
vt 0.60384 0.32114
vt 0.52862 0.48184
vt 0.52425 0.47846
vt 0.52898 0.47714
vt 0.51956 0.48014
vt 0.56012 0.49380
vt 0.56365 0.48987
vt 0.56791 0.49533
vt 0.57163 0.50138
vt 0.55711 0.51091
vt 0.55513 0.50626
vt 0.52409 0.49240
vt 0.52002 0.49408
vt 0.52052 0.49867
vt 0.52113 0.50368
vt 0.52428 0.49707
vt 0.52462 0.50190
vt 0.52799 0.49593
vt 0.52795 0.50078
vt 0.52814 0.49124
vt 0.52209 0.50905
vt 0.52358 0.51457
vt 0.52518 0.50707
vt 0.52605 0.51210
vt 0.52808 0.50589
vt 0.52847 0.51092
vt 0.52839 0.36897
vt 0.53395 0.36855
vt 0.52832 0.35348
vt 0.53376 0.35329
vt 0.54963 0.21622
vt 0.54052 0.21466
vt 0.54340 0.23152
vt 0.53584 0.23061
vt 0.53144 0.21198
vt 0.52837 0.22821
vt 0.52262 0.39479
vt 0.51682 0.39553
vt 0.52254 0.40509
vt 0.51669 0.40601
vt 0.56569 0.17732
vt 0.57970 0.18066
vt 0.56914 0.16315
vt 0.58396 0.16633
vt 0.55239 0.17464
vt 0.55493 0.16046
vt 0.53275 0.27113
vt 0.52753 0.27011
vt 0.52991 0.29347
vt 0.52501 0.29317
vt 0.52852 0.31506
vt 0.53350 0.31472
vt 0.53488 0.29378
vt 0.52372 0.31521
vt 0.53803 0.27212
vt 0.59241 0.35585
vt 0.59441 0.34884
vt 0.58825 0.34911
vt 0.59023 0.34172
vt 0.58560 0.33359
vt 0.58761 0.35945
vt 0.51748 0.35365
vt 0.52286 0.35355
vt 0.51793 0.33561
vt 0.52321 0.33560
vt 0.52834 0.33557
vt 0.58305 0.36550
vt 0.58543 0.37744
vt 0.58957 0.36963
vt 0.59250 0.38059
vt 0.53130 0.24889
vt 0.52495 0.24745
vt 0.53712 0.25057
vt 0.59185 0.48927
vt 0.59787 0.49815
vt 0.59464 0.48441
vt 0.60082 0.49211
vt 0.60326 0.50691
vt 0.59925 0.51529
vt 0.59399 0.50409
vt 0.58859 0.49370
vt 0.58587 0.48115
vt 0.58290 0.48486
vt 0.52021 0.45814
vt 0.51996 0.46244
vt 0.52537 0.46081
vt 0.53090 0.45934
vt 0.52574 0.45655
vt 0.53159 0.45508
vt 0.51983 0.46680
vt 0.60209 0.32320
vt 0.59956 0.31786
vt 0.59724 0.31968
vt 0.60010 0.32564
vt 0.60139 0.33467
vt 0.59783 0.32858
vt 0.59683 0.34332
vt 0.59918 0.33865
vt 0.59275 0.33639
vt 0.59534 0.33212
vt 0.58862 0.32851
vt 0.51660 0.41499
vt 0.52237 0.41401
vt 0.52822 0.41278
vt 0.52834 0.40402
vt 0.60270 0.43608
vt 0.60185 0.42615
vt 0.59501 0.43240
vt 0.59409 0.42279
vt 0.54219 0.14348
vt 0.55662 0.14573
vt 0.57122 0.14822
vt 0.57240 0.13292
vt 0.55767 0.13051
vt 0.54294 0.12832
vt 0.60883 0.46521
vt 0.60979 0.45744
vt 0.60188 0.46072
vt 0.60268 0.45323
vt 0.61021 0.44899
vt 0.60298 0.44507
vt 0.59527 0.44907
vt 0.59463 0.45610
vt 0.59540 0.44114
vt 0.61713 0.45274
vt 0.61665 0.46149
vt 0.52195 0.42851
vt 0.51649 0.42287
vt 0.52221 0.42176
vt 0.52788 0.42726
vt 0.52810 0.42046
vt 0.52767 0.43323
vt 0.52161 0.43446
vt 0.60737 0.47249
vt 0.60058 0.46753
vt 0.59361 0.46229
vt 0.52137 0.43982
vt 0.52737 0.43856
vt 0.52695 0.44335
vt 0.53333 0.44200
vt 0.53383 0.43726
vt 0.59992 0.31124
vt 0.58057 0.32423
vt 0.60552 0.31016
vt 0.60668 0.30638
vt 0.60505 0.30611
vt 0.60700 0.30988
vt 0.60842 0.30950
vt 0.59493 0.31312
vt 0.55270 0.50208
vt 0.54941 0.50585
vt 0.54637 0.50925
vt 0.52835 0.48658
vt 0.55639 0.49791
vt 0.52444 0.47394
vt 0.52943 0.47261
vt 0.57828 0.37308
vt 0.58052 0.38553
vt 0.58805 0.38943
vt 0.57127 0.36861
vt 0.57316 0.38163
vt 0.55885 0.21787
vt 0.55090 0.23280
vt 0.56768 0.22049
vt 0.55812 0.23456
vt 0.54920 0.49020
vt 0.55306 0.49370
vt 0.55137 0.48508
vt 0.55603 0.48917
vt 0.53237 0.48602
vt 0.53614 0.48602
vt 0.53284 0.48121
vt 0.53658 0.48105
vt 0.54707 0.50274
vt 0.54446 0.50014
vt 0.54453 0.50664
vt 0.54238 0.50436
vt 0.54457 0.33759
vt 0.55062 0.34012
vt 0.54462 0.31830
vt 0.55054 0.32130
vt 0.60346 0.30008
vt 0.60320 0.30579
vt 0.60858 0.30298
vt 0.60813 0.30678
vt 0.58306 0.29362
vt 0.57646 0.29227
vt 0.60121 0.30552
vt 0.60132 0.29909
vt 0.59893 0.30531
vt 0.53436 0.47184
vt 0.53357 0.47650
vt 0.53800 0.47628
vt 0.55890 0.48472
vt 0.54992 0.49846
vt 0.54677 0.49547
vt 0.53552 0.49093
vt 0.53195 0.49082
vt 0.53154 0.49554
vt 0.53119 0.50033
vt 0.53499 0.49568
vt 0.53431 0.50038
vt 0.54206 0.51042
vt 0.54044 0.50838
vt 0.53090 0.50529
vt 0.53078 0.51022
vt 0.53364 0.50516
vt 0.53314 0.50990
vt 0.54513 0.35487
vt 0.55138 0.35680
vt 0.53909 0.35317
vt 0.53966 0.36854
vt 0.54873 0.41263
vt 0.55604 0.41414
vt 0.54826 0.40405
vt 0.55545 0.40542
vt 0.59996 0.17014
vt 0.59493 0.18519
vt 0.61364 0.19236
vt 0.61704 0.17391
vt 0.56905 0.33939
vt 0.56962 0.32403
vt 0.54913 0.27607
vt 0.54354 0.27367
vt 0.54587 0.29759
vt 0.54028 0.29527
vt 0.57489 0.31263
vt 0.53896 0.31611
vt 0.53875 0.33560
vt 0.53357 0.33544
vt 0.56976 0.35449
vt 0.57634 0.36016
vt 0.54923 0.25319
vt 0.54327 0.25159
vt 0.55499 0.25549
vt 0.56489 0.23717
vt 0.57943 0.47403
vt 0.57680 0.47745
vt 0.57267 0.46804
vt 0.57037 0.47136
vt 0.57382 0.48048
vt 0.57948 0.48804
vt 0.53750 0.45379
vt 0.53650 0.45805
vt 0.54339 0.45875
vt 0.55022 0.46023
vt 0.54465 0.45471
vt 0.55169 0.45642
vt 0.59631 0.30533
vt 0.59322 0.30547
vt 0.59760 0.31201
vt 0.58958 0.30582
vt 0.58821 0.29496
vt 0.58531 0.30666
vt 0.58452 0.31960
vt 0.58039 0.30848
vt 0.53440 0.40275
vt 0.53449 0.41135
vt 0.54128 0.40301
vt 0.54156 0.41159
vt 0.58709 0.42819
vt 0.58613 0.41877
vt 0.57914 0.42396
vt 0.57817 0.41476
vt 0.58626 0.15118
vt 0.60204 0.15424
vt 0.58718 0.13569
vt 0.60244 0.13818
vt 0.61830 0.15725
vt 0.58713 0.45108
vt 0.58757 0.44437
vt 0.57942 0.44603
vt 0.57972 0.43956
vt 0.57965 0.43220
vt 0.58757 0.43672
vt 0.53418 0.43197
vt 0.53446 0.42593
vt 0.54158 0.42558
vt 0.54132 0.43131
vt 0.53445 0.41877
vt 0.54166 0.41905
vt 0.54896 0.42016
vt 0.57769 0.45643
vt 0.58513 0.46191
vt 0.57876 0.45163
vt 0.58631 0.45690
vt 0.54830 0.43778
vt 0.54088 0.43645
vt 0.54024 0.44107
vt 0.54763 0.44241
vt 0.52943 0.54931
vt 0.52905 0.55503
vt 0.53420 0.77012
vt 0.53999 0.78435
vt 0.53759 0.77883
vt 0.54860 0.46413
vt 0.54210 0.46294
vt 0.54326 0.47664
vt 0.54141 0.48119
vt 0.52937 0.56120
vt 0.51121 0.39587
vt 0.74512 0.27579
vt 0.53202 0.71321
vt 0.53161 0.70812
vt 0.53175 0.70102
vt 0.54488 0.69715
vt 0.54563 0.68972
vt 0.53924 0.69538
vt 0.53983 0.68755
vt 0.53203 0.69335
vt 0.53243 0.68525
vt 0.54648 0.68182
vt 0.54042 0.67940
vt 0.53285 0.67730
vt 0.53233 0.71574
vt 0.53717 0.60998
vt 0.53722 0.50118
vt 0.53992 0.50247
vt 0.53837 0.49655
vt 0.54158 0.49799
vt 0.53954 0.49172
vt 0.54328 0.49319
vt 0.53013 0.56749
vt 0.53723 0.56633
vt 0.53601 0.55989
vt 0.54060 0.48646
vt 0.54492 0.48761
vt 0.54618 0.48185
vt 0.53612 0.50577
vt 0.53839 0.50680
vt 0.53523 0.51062
vt 0.52837 0.39389
vt 0.59263 0.41235
vt 0.60044 0.41546
vt 0.53584 0.59502
vt 0.67386 0.44709
vt 0.68428 0.45091
vt 0.67196 0.43485
vt 0.68195 0.43828
vt 0.54103 0.67083
vt 0.54734 0.67348
vt 0.54423 0.70400
vt 0.53869 0.70275
vt 0.54380 0.70977
vt 0.54901 0.70494
vt 0.54842 0.71032
vt 0.53835 0.70900
vt 0.54359 0.71386
vt 0.53816 0.71357
vt 0.53823 0.71594
vt 0.54366 0.71652
vt 0.54817 0.71417
vt 0.54821 0.71695
vt 0.53905 0.51207
vt 0.53724 0.51084
vt 0.58527 0.83316
vt 0.58432 0.82482
vt 0.57387 0.83233
vt 0.57329 0.82405
vt 0.56288 0.33177
vt 0.56393 0.31333
vt 0.57020 0.45159
vt 0.57109 0.44688
vt 0.56766 0.29155
vt 0.75624 0.37141
vt 0.75323 0.34428
vt 0.76434 0.39561
vt 0.59212 0.24356
vt 0.57701 0.24783
vt 0.58740 0.23698
vt 0.58197 0.22985
vt 0.57124 0.24240
vt 0.53907 0.72612
vt 0.53922 0.73071
vt 0.54437 0.72701
vt 0.54455 0.73159
vt 0.54413 0.72277
vt 0.53881 0.72189
vt 0.53927 0.73562
vt 0.53929 0.74062
vt 0.54474 0.73641
vt 0.54502 0.74133
vt 0.53928 0.74564
vt 0.53930 0.75066
vt 0.54538 0.74629
vt 0.54586 0.75120
vt 0.54833 0.66479
vt 0.54939 0.65595
vt 0.54167 0.66201
vt 0.54235 0.65312
vt 0.53960 0.75560
vt 0.54026 0.76040
vt 0.54657 0.75604
vt 0.54756 0.76075
vt 0.54319 0.64425
vt 0.55056 0.64691
vt 0.54415 0.63543
vt 0.55732 0.64950
vt 0.55894 0.63991
vt 0.55188 0.63763
vt 0.55586 0.65862
vt 0.54132 0.76511
vt 0.54276 0.76978
vt 0.54892 0.76541
vt 0.55066 0.77001
vt 0.55699 0.60748
vt 0.54756 0.60939
vt 0.55512 0.61800
vt 0.54640 0.61794
vt 0.54690 0.77930
vt 0.54975 0.78446
vt 0.55545 0.77937
vt 0.55859 0.78431
vt 0.54835 0.71975
vt 0.54390 0.71910
vt 0.53855 0.71832
vt 0.55363 0.47998
vt 0.54847 0.47770
vt 0.55243 0.57799
vt 0.54973 0.57271
vt 0.54403 0.58911
vt 0.54242 0.58637
vt 0.55541 0.58307
vt 0.54522 0.56275
vt 0.53871 0.57219
vt 0.54043 0.57868
vt 0.54738 0.56781
vt 0.53513 0.55452
vt 0.53999 0.55034
vt 0.53449 0.54936
vt 0.53860 0.54550
vt 0.74768 0.32013
vt 0.56602 0.37770
vt 0.56447 0.36397
vt 0.54594 0.36995
vt 0.55242 0.37152
vt 0.76298 0.41588
vt 0.76801 0.40957
vt 0.77714 0.41674
vt 0.77255 0.42962
vt 0.57190 0.43521
vt 0.57178 0.42808
vt 0.50578 0.38369
vt 0.51140 0.38365
vt 0.50589 0.36954
vt 0.51158 0.36960
vt 0.76515 0.34846
vt 0.77101 0.37443
vt 0.77700 0.35163
vt 0.78414 0.37831
vt 0.75741 0.32280
vt 0.51716 0.36952
vt 0.60793 0.41825
vt 0.51696 0.38342
vt 0.55459 0.39555
vt 0.54761 0.39425
vt 0.73897 0.29705
vt 0.74763 0.29833
vt 0.72733 0.27608
vt 0.73570 0.27635
vt 0.53421 0.39278
vt 0.53391 0.38118
vt 0.52841 0.38220
vt 0.58464 0.40849
vt 0.59053 0.40119
vt 0.58271 0.39739
vt 0.77598 0.39828
vt 0.78915 0.40462
vt 0.55782 0.30579
vt 0.56082 0.28430
vt 0.55172 0.30089
vt 0.55487 0.27946
vt 0.55669 0.32564
vt 0.55690 0.34380
vt 0.55785 0.36000
vt 0.56329 0.34871
vt 0.56601 0.26252
vt 0.56057 0.25869
vt 0.55874 0.45911
vt 0.55303 0.45261
vt 0.56027 0.45550
vt 0.54711 0.81572
vt 0.54758 0.82275
vt 0.56024 0.81584
vt 0.56104 0.82315
vt 0.54630 0.80919
vt 0.55899 0.80906
vt 0.55700 0.46277
vt 0.55504 0.46648
vt 0.56148 0.46973
vt 0.56375 0.46642
vt 0.56578 0.46314
vt 0.54506 0.80297
vt 0.55726 0.80257
vt 0.56809 0.80222
vt 0.54353 0.79684
vt 0.55511 0.79630
vt 0.54202 0.79050
vt 0.55263 0.79013
vt 0.56525 0.79579
vt 0.56198 0.78981
vt 0.55339 0.62800
vt 0.54525 0.62668
vt 0.56080 0.62970
vt 0.56303 0.61851
vt 0.53572 0.77456
vt 0.54460 0.77444
vt 0.55283 0.77463
vt 0.58559 0.84176
vt 0.57393 0.84104
vt 0.66337 0.44317
vt 0.66184 0.43121
vt 0.57128 0.42005
vt 0.57038 0.41104
vt 0.56358 0.41670
vt 0.56281 0.40784
vt 0.54766 0.83046
vt 0.54747 0.83906
vt 0.56131 0.83119
vt 0.56121 0.83986
vt 0.54712 0.84828
vt 0.75526 0.42236
vt 0.76404 0.43767
vt 0.77395 0.45528
vt 0.55642 0.42184
vt 0.56413 0.43149
vt 0.56403 0.42456
vt 0.57167 0.44146
vt 0.56392 0.43758
vt 0.56340 0.44289
vt 0.55582 0.43984
vt 0.65335 0.43897
vt 0.65210 0.42718
vt 0.52268 0.38287
vt 0.52271 0.36927
vt 0.59563 0.39223
vt 0.59838 0.40404
vt 0.60599 0.40607
vt 0.57507 0.39368
vt 0.57678 0.40468
vt 0.56915 0.40107
vt 0.54084 0.39315
vt 0.54028 0.38176
vt 0.54682 0.38299
vt 0.51001 0.47819
vt 0.55635 0.47652
vt 0.56184 0.48030
vt 0.53940 0.47170
vt 0.57202 0.49205
vt 0.57617 0.50053
vt 0.54826 0.60201
vt 0.55851 0.59676
vt 0.56637 0.57900
vt 0.55800 0.58907
vt 0.56953 0.58858
vt 0.59303 0.52595
vt 0.58909 0.50888
vt 0.52500 0.46518
vt 0.54508 0.47233
vt 0.54688 0.46820
vt 0.54078 0.46727
vt 0.52549 0.60406
vt 0.53727 0.60432
vt 0.52530 0.59944
vt 0.53651 0.59899
vt 0.50512 0.47466
vt 0.50991 0.47363
vt 0.50507 0.47012
vt 0.51341 0.60072
vt 0.51354 0.60515
vt 0.57894 0.51109
vt 0.58382 0.51085
vt 0.58548 0.52481
vt 0.51479 0.47708
vt 0.51477 0.47254
vt 0.53037 0.46371
vt 0.52989 0.46817
vt 0.52469 0.46952
vt 0.56715 0.48620
vt 0.57059 0.48305
vt 0.57585 0.49036
vt 0.58383 0.53973
vt 0.57983 0.55388
vt 0.58952 0.54364
vt 0.58441 0.55842
vt 0.57425 0.56702
vt 0.57813 0.57259
vt 0.51958 0.47556
vt 0.51968 0.47116
vt 0.58466 0.49730
vt 0.58047 0.49945
vt 0.53550 0.46243
vt 0.53502 0.46730
vt 0.56777 0.47440
vt 0.55899 0.47316
vt 0.56490 0.47728
vt 0.54586 0.59329
vt 0.54749 0.59671
vt 0.55294 0.47023
vt 0.55074 0.47391
vt 0.59244 0.69247
vt 0.58513 0.68664
vt 0.59001 0.69811
vt 0.58260 0.69310
vt 0.57265 0.71365
vt 0.60581 0.62173
vt 0.60172 0.63203
vt 0.58762 0.67979
vt 0.59487 0.68610
vt 0.61833 0.78921
vt 0.61057 0.79123
vt 0.61600 0.79736
vt 0.62408 0.79544
vt 0.65086 0.41558
vt 0.57082 0.71776
vt 0.56957 0.72075
vt 0.56882 0.73025
vt 0.56839 0.72709
vt 0.59739 0.67887
vt 0.59015 0.67213
vt 0.59278 0.66325
vt 0.60621 0.65047
vt 0.59856 0.64296
vt 0.56853 0.72458
vt 0.56885 0.72280
vt 0.62997 0.80224
vt 0.62143 0.80448
vt 0.65449 0.45071
vt 0.65537 0.48551
vt 0.65427 0.49716
vt 0.63566 0.80968
vt 0.62648 0.81206
vt 0.63071 0.82011
vt 0.64055 0.81780
vt 0.63828 0.55438
vt 0.63309 0.56561
vt 0.62755 0.57682
vt 0.61614 0.59994
vt 0.62182 0.58849
vt 0.61071 0.61111
vt 0.59366 0.77144
vt 0.60076 0.77026
vt 0.59558 0.65366
vt 0.64732 0.38402
vt 0.64623 0.37500
vt 0.64514 0.36672
vt 0.64403 0.35914
vt 0.64387 0.35346
vt 0.65535 0.46239
vt 0.64428 0.82617
vt 0.63402 0.82844
vt 0.63630 0.83664
vt 0.64677 0.83441
vt 0.65573 0.47388
vt 0.65253 0.50875
vt 0.65000 0.52039
vt 0.65977 0.53086
vt 0.63836 0.34643
vt 0.63825 0.34172
vt 0.63802 0.33727
vt 0.63770 0.33308
vt 0.63725 0.32908
vt 0.63665 0.32514
vt 0.56878 0.70598
vt 0.57110 0.70078
vt 0.56613 0.73778
vt 0.56427 0.73354
vt 0.56820 0.74214
vt 0.57352 0.69510
vt 0.57042 0.74654
vt 0.57282 0.75089
vt 0.57532 0.75523
vt 0.57795 0.75956
vt 0.58073 0.76388
vt 0.58372 0.76822
vt 0.59410 0.78183
vt 0.59038 0.77704
vt 0.64133 0.40032
vt 0.64064 0.39002
vt 0.59832 0.78704
vt 0.64427 0.43496
vt 0.64320 0.42312
vt 0.55913 0.37423
vt 0.55356 0.38434
vt 0.56766 0.39003
vt 0.56049 0.38682
vt 0.56175 0.39791
vt 0.60974 0.30936
vt 0.61022 0.31106
vt 0.60961 0.30722
vt 0.61014 0.30411
vt 0.61201 0.29994
vt 0.61097 0.31267
vt 0.61228 0.31425
vt 0.61446 0.31580
vt 0.61745 0.31730
vt 0.62080 0.31891
vt 0.69817 0.30158
vt 0.69589 0.29736
vt 0.69817 0.31072
vt 0.69920 0.30733
vt 0.69607 0.31396
vt 0.69922 0.30526
vt 0.54539 0.53319
vt 0.54328 0.53485
vt 0.54575 0.52941
vt 0.53737 0.54422
vt 0.53864 0.54165
vt 0.53075 0.51512
vt 0.52893 0.51461
vt 0.54367 0.51228
vt 0.54504 0.51406
vt 0.52376 0.52136
vt 0.52579 0.51924
vt 0.52429 0.52484
vt 0.52438 0.53470
vt 0.52630 0.53791
vt 0.52406 0.52967
vt 0.53019 0.54232
vt 0.53451 0.54434
vt 0.52761 0.51617
vt 0.52803 0.52270
vt 0.53479 0.51363
vt 0.53324 0.51436
vt 0.53607 0.51461
vt 0.53991 0.51326
vt 0.54433 0.51779
vt 0.54093 0.51585
vt 0.53862 0.51510
vt 0.53070 0.52029
vt 0.53452 0.51906
vt 0.54528 0.52215
vt 0.54541 0.52600
vt 0.54355 0.52472
vt 0.54413 0.53008
vt 0.54212 0.53331
vt 0.54053 0.53674
vt 0.52946 0.53339
vt 0.53238 0.53635
vt 0.53572 0.53772
vt 0.53871 0.53441
vt 0.53491 0.53341
vt 0.53336 0.53360
vt 0.53721 0.53116
vt 0.53658 0.52963
vt 0.53499 0.53042
vt 0.52964 0.52778
vt 0.53304 0.53107
vt 0.53969 0.53160
vt 0.53853 0.53011
vt 0.53785 0.52891
vt 0.54215 0.52744
vt 0.54184 0.52420
vt 0.53860 0.52852
vt 0.53889 0.52935
vt 0.53944 0.52926
vt 0.54038 0.52779
vt 0.53772 0.52774
vt 0.53955 0.52155
vt 0.53967 0.52660
vt 0.53831 0.52526
vt 0.53728 0.52017
vt 0.53628 0.52754
vt 0.53641 0.52444
vt 0.53457 0.52781
vt 0.53428 0.52453
vt 0.53272 0.52816
vt 0.53193 0.52589
vt 0.97744 0.51345
vt 0.98560 0.48463
vt 0.97354 0.50130
vt 0.98383 0.46483
vt 0.95665 0.57292
vt 0.95244 0.56005
vt 0.94362 0.58986
vt 0.94155 0.57725
vt 0.93351 0.60421
vt 0.93296 0.59100
vt 0.92350 0.61316
vt 0.92450 0.59852
vt 0.91652 0.61209
vt 0.91824 0.59920
vt 0.90762 0.60959
vt 0.90757 0.60398
vt 0.90763 0.59649
vt 0.91022 0.59169
vt 0.96526 0.53081
vt 0.96838 0.54384
vt 0.93999 0.56519
vt 0.94930 0.54877
vt 0.96912 0.49775
vt 0.98549 0.45384
vt 0.90465 0.32678
vt 0.91590 0.34885
vt 0.91188 0.60783
vt 0.91363 0.59862
vt 0.91433 0.58916
vt 0.92777 0.36233
vt 0.92012 0.33786
vt 0.93060 0.35226
vt 0.94334 0.36508
vt 0.94256 0.35791
vt 0.95067 0.37344
vt 0.95029 0.36722
vt 0.94225 0.37156
vt 0.96029 0.38158
vt 0.95897 0.37583
vt 0.96716 0.38201
vt 0.96685 0.37694
vt 0.99527 0.46485
vt 0.99656 0.47918
vt 0.98713 0.49965
vt 0.95820 0.36856
vt 0.96592 0.37190
vt 0.95335 0.36319
vt 0.99389 0.45086
vt 0.99180 0.41629
vt 0.99168 0.41421
vt 0.92136 0.38627
vt 0.92977 0.37298
vt 0.97929 0.43033
vt 0.99103 0.43530
vt 0.90952 0.29059
vt 0.91782 0.31433
vt 0.91422 0.62397
vt 0.92301 0.62524
vt 0.92236 0.63494
vt 0.91234 0.63384
vt 0.93381 0.61521
vt 0.94516 0.59888
vt 0.93244 0.57734
vt 0.93185 0.56982
vt 0.92516 0.57564
vt 0.92528 0.58494
vt 0.91923 0.58802
vt 0.91970 0.57771
vt 0.96193 0.52244
vt 0.90991 0.46532
vt 0.91908 0.50004
vt 0.92096 0.46985
vt 0.91633 0.46755
vt 0.91479 0.50181
vt 0.91115 0.53121
vt 0.91577 0.52394
vt 0.91337 0.55666
vt 0.91480 0.54551
vt 0.91754 0.53640
vt 0.92453 0.53401
vt 0.92558 0.55148
vt 0.92552 0.54557
vt 0.92294 0.43628
vt 0.92088 0.55250
vt 0.92278 0.54378
vt 0.91850 0.42934
vt 0.92931 0.40345
vt 0.92460 0.40004
vt 0.90477 0.29519
vt 0.91056 0.31441
vt 0.91714 0.32134
vt 0.91997 0.54114
vt 0.91769 0.54953
vt 0.90977 0.61719
vt 0.90686 0.62645
vt 0.94794 0.35831
vt 0.99052 0.41367
vt 0.98873 0.41349
vt 0.96143 0.35394
vt 0.96398 0.36146
vt 0.95711 0.36125
vt 0.95277 0.35896
vt 0.94657 0.35262
vt 0.95163 0.35443
vt 0.98954 0.41542
vt 0.94946 0.34870
vt 0.94487 0.34495
vt 0.92964 0.39101
vt 0.92829 0.38752
vt 0.92651 0.38334
vt 0.89991 0.62613
vt 0.90425 0.61661
vt 0.93784 0.55324
vt 0.93850 0.55984
vt 0.89442 0.60852
vt 0.90446 0.60630
vt 0.89861 0.57791
vt 0.90558 0.59196
vt 0.91097 0.57161
vt 0.90965 0.58217
vt 0.94781 0.53580
vt 0.95852 0.51537
vt 0.94867 0.54243
vt 0.96052 0.51909
vt 0.96886 0.48745
vt 0.96995 0.49272
vt 0.98161 0.44924
vt 0.98453 0.44943
vt 0.91487 0.57883
vt 0.91588 0.56766
vt 0.92546 0.33058
vt 0.92348 0.33464
vt 0.93175 0.34657
vt 0.93273 0.34266
vt 0.94178 0.35273
vt 0.94027 0.34528
vt 0.94208 0.38236
vt 0.95107 0.38163
vt 0.95086 0.37710
vt 0.94203 0.37653
vt 0.98160 0.40698
vt 0.96722 0.38843
vt 0.98344 0.40560
vt 0.96635 0.38466
vt 0.96068 0.38201
vt 0.96035 0.38503
vt 0.99773 0.49556
vt 0.99727 0.48917
vt 0.95076 0.34530
vt 0.98821 0.51664
vt 0.95528 0.35511
vt 0.93219 0.37923
vt 0.93400 0.38676
vt 0.98479 0.42621
vt 0.98783 0.42792
vt 0.92126 0.64593
vt 0.93920 0.63712
vt 0.93449 0.62281
vt 0.93593 0.62939
vt 0.94710 0.61151
vt 0.97071 0.56591
vt 0.95928 0.59147
vt 0.94627 0.60532
vt 0.95842 0.58098
vt 0.96998 0.55392
vt 0.95897 0.58705
vt 0.97938 0.54069
vt 0.98810 0.51029
vt 0.97086 0.56130
vt 0.97840 0.52623
vt 0.97967 0.53525
vt 0.57834 0.68186
vt 0.57596 0.68889
vt 0.56665 0.71086
vt 0.59896 0.61301
vt 0.59466 0.62427
vt 0.58069 0.67419
vt 0.60313 0.79284
vt 0.60823 0.79919
vt 0.64220 0.41146
vt 0.56481 0.71505
vt 0.56344 0.71815
vt 0.56285 0.72958
vt 0.56211 0.72600
vt 0.58306 0.66581
vt 0.58552 0.65650
vt 0.59117 0.63566
vt 0.56218 0.72308
vt 0.56257 0.72070
vt 0.61326 0.80625
vt 0.64531 0.44668
vt 0.64609 0.47968
vt 0.64504 0.49042
vt 0.61781 0.81390
vt 0.62150 0.82195
vt 0.63023 0.54249
vt 0.62541 0.55343
vt 0.62023 0.56510
vt 0.61479 0.57724
vt 0.60930 0.58949
vt 0.60395 0.60148
vt 0.58692 0.77261
vt 0.58818 0.64660
vt 0.64006 0.38055
vt 0.63945 0.37180
vt 0.63878 0.36381
vt 0.63802 0.35643
vt 0.63831 0.35144
vt 0.64608 0.45797
vt 0.62425 0.83018
vt 0.62609 0.83841
vt 0.64641 0.46888
vt 0.64342 0.50091
vt 0.64106 0.51126
vt 0.63353 0.34473
vt 0.63363 0.34031
vt 0.63359 0.33621
vt 0.63344 0.33235
vt 0.63316 0.32870
vt 0.63271 0.32518
vt 0.56353 0.70341
vt 0.56559 0.69779
vt 0.56133 0.73764
vt 0.55962 0.73324
vt 0.56320 0.74215
vt 0.56774 0.69162
vt 0.56521 0.74670
vt 0.56740 0.75123
vt 0.56967 0.75568
vt 0.57210 0.76013
vt 0.57467 0.76455
vt 0.57746 0.76899
vt 0.58748 0.78295
vt 0.58385 0.77800
vt 0.63378 0.39633
vt 0.63350 0.38614
vt 0.59159 0.78820
vt 0.63619 0.43097
vt 0.63518 0.41911
vt 0.56993 0.68492
vt 0.57210 0.67737
vt 0.56161 0.70862
vt 0.58770 0.61754
vt 0.59216 0.60542
vt 0.57424 0.66944
vt 0.59609 0.79402
vt 0.60080 0.80054
vt 0.63434 0.40745
vt 0.55996 0.71310
vt 0.55872 0.71635
vt 0.55828 0.72907
vt 0.55755 0.72516
vt 0.57639 0.66067
vt 0.57863 0.65096
vt 0.58407 0.62936
vt 0.55755 0.72187
vt 0.55796 0.71920
vt 0.60539 0.80766
vt 0.63717 0.44268
vt 0.63779 0.47447
vt 0.63677 0.48443
vt 0.60940 0.81527
vt 0.61256 0.82328
vt 0.62270 0.53214
vt 0.61821 0.54296
vt 0.61325 0.55472
vt 0.60264 0.58001
vt 0.60800 0.56728
vt 0.59727 0.59281
vt 0.58051 0.77346
vt 0.58114 0.64057
vt 0.63334 0.37689
vt 0.63312 0.36838
vt 0.63280 0.36063
vt 0.63301 0.35463
vt 0.63332 0.34952
vt 0.63789 0.45378
vt 0.61485 0.83157
vt 0.61625 0.83995
vt 0.62723 0.84653
vt 0.61694 0.84820
vt 0.63815 0.46435
vt 0.63517 0.49413
vt 0.63292 0.50348
vt 0.62908 0.34331
vt 0.62940 0.33914
vt 0.62957 0.33527
vt 0.62963 0.33166
vt 0.63195 0.32168
vt 0.62941 0.32505
vt 0.62913 0.32204
vt 0.62957 0.32827
vt 0.55883 0.70137
vt 0.56056 0.69532
vt 0.55720 0.73749
vt 0.55580 0.73301
vt 0.55873 0.74210
vt 0.56237 0.68865
vt 0.56038 0.74676
vt 0.56219 0.75138
vt 0.56419 0.75599
vt 0.56632 0.76052
vt 0.56865 0.76503
vt 0.57122 0.76953
vt 0.58088 0.78363
vt 0.57731 0.77862
vt 0.62688 0.39272
vt 0.62699 0.38264
vt 0.58491 0.78907
vt 0.62894 0.42764
vt 0.62789 0.41570
vt 0.56427 0.68141
vt 0.56615 0.67352
vt 0.55724 0.70695
vt 0.58072 0.61176
vt 0.58530 0.59884
vt 0.56806 0.66517
vt 0.58919 0.79492
vt 0.59346 0.80144
vt 0.62714 0.40385
vt 0.55227 0.71079
vt 0.55173 0.71425
vt 0.55594 0.71184
vt 0.55502 0.71523
vt 0.55321 0.70575
vt 0.55474 0.72867
vt 0.55415 0.72461
vt 0.56372 0.65258
vt 0.56200 0.66171
vt 0.57001 0.65624
vt 0.56558 0.64271
vt 0.57205 0.64635
vt 0.57715 0.62415
vt 0.55417 0.72099
vt 0.55446 0.71816
vt 0.55167 0.71751
vt 0.55141 0.72040
vt 0.59755 0.80866
vt 0.62992 0.43917
vt 0.63034 0.46986
vt 0.62930 0.47909
vt 0.60099 0.81626
vt 0.59223 0.81684
vt 0.58933 0.80926
vt 0.59435 0.82482
vt 0.60362 0.82426
vt 0.60492 0.52502
vt 0.60020 0.53643
vt 0.61137 0.53366
vt 0.60660 0.54542
vt 0.60911 0.51510
vt 0.61566 0.52319
vt 0.60156 0.55826
vt 0.59542 0.54996
vt 0.59001 0.56405
vt 0.59619 0.57145
vt 0.59072 0.58538
vt 0.58421 0.57854
vt 0.57807 0.59312
vt 0.57409 0.77403
vt 0.56769 0.63221
vt 0.57436 0.63583
vt 0.57025 0.62045
vt 0.62718 0.37361
vt 0.62727 0.36540
vt 0.62725 0.35790
vt 0.62801 0.35262
vt 0.62863 0.34779
vt 0.62313 0.43602
vt 0.62377 0.44673
vt 0.63058 0.45012
vt 0.59571 0.83318
vt 0.59632 0.84172
vt 0.60546 0.83251
vt 0.60643 0.84093
vt 0.60669 0.84929
vt 0.63076 0.46029
vt 0.62388 0.45653
vt 0.62342 0.46564
vt 0.62770 0.48811
vt 0.62550 0.49676
vt 0.62078 0.48259
vt 0.61860 0.49062
vt 0.61406 0.47739
vt 0.61201 0.48485
vt 0.54863 0.72775
vt 0.54893 0.73224
vt 0.55246 0.73267
vt 0.55181 0.72820
vt 0.55798 0.76994
vt 0.56042 0.77448
vt 0.56478 0.76986
vt 0.56745 0.77450
vt 0.62102 0.33926
vt 0.62013 0.34312
vt 0.62495 0.34154
vt 0.62424 0.34570
vt 0.61495 0.37269
vt 0.61578 0.36467
vt 0.62087 0.37827
vt 0.62139 0.36964
vt 0.61778 0.35197
vt 0.61639 0.35737
vt 0.62174 0.36178
vt 0.62198 0.35457
vt 0.62547 0.33766
vt 0.62585 0.33405
vt 0.62173 0.33566
vt 0.62229 0.33227
vt 0.62274 0.32916
vt 0.62610 0.33068
vt 0.62629 0.32167
vt 0.62662 0.31947
vt 0.62855 0.31973
vt 0.62340 0.32344
vt 0.62383 0.32073
vt 0.62630 0.32453
vt 0.62624 0.32752
vt 0.62310 0.32624
vt 0.61907 0.34746
vt 0.62330 0.35011
vt 0.54845 0.72357
vt 0.55146 0.72413
vt 0.54987 0.69851
vt 0.55440 0.69984
vt 0.55575 0.69330
vt 0.55088 0.69153
vt 0.54940 0.73695
vt 0.55003 0.74174
vt 0.55340 0.73727
vt 0.55448 0.74195
vt 0.55723 0.68614
vt 0.55877 0.67845
vt 0.55203 0.68396
vt 0.55320 0.67587
vt 0.55081 0.74661
vt 0.55173 0.75142
vt 0.55569 0.74672
vt 0.55707 0.75146
vt 0.55449 0.66743
vt 0.56036 0.67032
vt 0.55286 0.75617
vt 0.55423 0.76081
vt 0.55865 0.75613
vt 0.56043 0.76076
vt 0.55592 0.76542
vt 0.56245 0.76530
vt 0.57053 0.77911
vt 0.56330 0.77924
vt 0.57401 0.78411
vt 0.56664 0.78415
vt 0.56581 0.60545
vt 0.57357 0.60753
vt 0.61519 0.42121
vt 0.62207 0.42444
vt 0.61362 0.38144
vt 0.62021 0.38809
vt 0.61996 0.39943
vt 0.57755 0.80227
vt 0.58587 0.80211
vt 0.58198 0.79557
vt 0.57410 0.79568
vt 0.57792 0.78955
vt 0.57035 0.78972
vt 0.61563 0.46967
vt 0.62238 0.47428
vt 0.61348 0.40845
vt 0.62078 0.41200
vt 0.69473 0.31120
vt 0.69652 0.30889
vt 0.69757 0.30613
vt 0.61276 0.31282
vt 0.61460 0.31376
vt 0.69637 0.30307
vt 0.69447 0.29958
vt 0.61092 0.30935
vt 0.61130 0.31049
vt 0.61753 0.31459
vt 0.62100 0.31577
vt 0.61176 0.31169
vt 0.61162 0.30557
vt 0.61091 0.30779
vt 0.61199 0.31022
vt 0.61247 0.31090
vt 0.61174 0.30830
vt 0.61194 0.30937
vt 0.65243 0.32119
vt 0.64647 0.32101
vt 0.64082 0.32089
vt 0.65193 0.31632
vt 0.64588 0.31622
vt 0.62491 0.31743
vt 0.63586 0.32105
vt 0.64011 0.31623
vt 0.63505 0.31661
vt 0.63032 0.31773
vt 0.61537 0.29514
vt 0.61380 0.30240
vt 0.62009 0.28991
vt 0.62219 0.29374
vt 0.61741 0.29839
vt 0.61302 0.31181
vt 0.61270 0.30734
vt 0.61430 0.31174
vt 0.61338 0.30962
vt 0.61738 0.31152
vt 0.62126 0.31198
vt 0.61545 0.30527
vt 0.61671 0.30841
vt 0.61956 0.30238
vt 0.62180 0.30730
vt 0.62446 0.29840
vt 0.62918 0.31236
vt 0.63382 0.31168
vt 0.62498 0.31273
vt 0.62666 0.30335
vt 0.62482 0.30941
vt 0.62781 0.30769
vt 0.63452 0.25525
vt 0.62546 0.25791
vt 0.63576 0.25959
vt 0.62694 0.26217
vt 0.62208 0.24836
vt 0.63188 0.24572
vt 0.62017 0.24286
vt 0.63042 0.24027
vt 0.62832 0.26617
vt 0.61982 0.27034
vt 0.61817 0.26662
vt 0.62123 0.27373
vt 0.62951 0.26984
vt 0.63783 0.26765
vt 0.63684 0.26376
vt 0.63868 0.27131
vt 0.63053 0.27313
vt 0.62246 0.27671
vt 0.63309 0.28286
vt 0.63214 0.27901
vt 0.62603 0.28554
vt 0.62463 0.28207
vt 0.63996 0.27760
vt 0.64067 0.28160
vt 0.63433 0.28792
vt 0.64156 0.28687
vt 0.62778 0.29014
vt 0.63135 0.27602
vt 0.62356 0.27934
vt 0.63931 0.27428
vt 0.62383 0.25334
vt 0.63326 0.25068
vt 0.59861 0.20465
vt 0.62104 0.20776
vt 0.60718 0.21381
vt 0.51185 0.19435
vt 0.51255 0.18122
vt 0.52492 0.18297
vt 0.53695 0.18578
vt 0.57337 0.19378
vt 0.56097 0.19068
vt 0.56604 0.20591
vt 0.55540 0.20333
vt 0.60676 0.24186
vt 0.60954 0.24775
vt 0.61808 0.23672
vt 0.62702 0.22711
vt 0.61572 0.22977
vt 0.62879 0.23413
vt 0.60351 0.23531
vt 0.57533 0.22488
vt 0.58627 0.21472
vt 0.59391 0.22137
vt 0.52171 0.20970
vt 0.52332 0.19610
vt 0.53419 0.19914
vt 0.60277 0.26039
vt 0.61432 0.25809
vt 0.61204 0.25325
vt 0.60556 0.26484
vt 0.60807 0.26909
vt 0.61635 0.26258
vt 0.54891 0.18813
vt 0.54484 0.20115
vt 0.57655 0.20952
vt 0.58627 0.19811
vt 0.61231 0.22239
vt 0.59969 0.22809
vt 0.62490 0.21879
vt 0.63574 0.29394
vt 0.62969 0.29563
vt 0.63145 0.30127
vt 0.63260 0.30655
vt 0.63915 0.31120
vt 0.63819 0.30587
vt 0.63710 0.30014
vt 0.64518 0.31105
vt 0.64257 0.29311
vt 0.64357 0.29955
vt 0.65133 0.25769
vt 0.64391 0.25821
vt 0.65193 0.26184
vt 0.64482 0.26241
vt 0.64559 0.26652
vt 0.65252 0.26607
vt 0.65299 0.26998
vt 0.64629 0.27036
vt 0.65371 0.27717
vt 0.64729 0.27708
vt 0.65407 0.28129
vt 0.64778 0.28119
vt 0.64841 0.28653
vt 0.65453 0.28657
vt 0.65338 0.27352
vt 0.64679 0.27354
vt 0.63370 0.17663
vt 0.63314 0.19210
vt 0.63457 0.20609
vt 0.61820 0.14038
vt 0.64300 0.25390
vt 0.65069 0.25346
vt 0.65005 0.24909
vt 0.64204 0.24941
vt 0.64102 0.24456
vt 0.63990 0.23925
vt 0.64845 0.23924
vt 0.63865 0.23324
vt 0.64748 0.23345
vt 0.64622 0.22673
vt 0.63718 0.22627
vt 0.63442 0.14287
vt 0.63437 0.16015
vt 0.64854 0.17911
vt 0.64971 0.16337
vt 0.63606 0.21775
vt 0.64590 0.21798
vt 0.65511 0.29277
vt 0.64917 0.29280
vt 0.64441 0.30555
vt 0.65133 0.31105
vt 0.64995 0.29929
vt 0.65066 0.30540
vt 0.65578 0.29921
vt 0.65647 0.30537
vt 0.65714 0.31109
vt 0.69387 0.30858
vt 0.69531 0.30767
vt 0.69516 0.30593
vt 0.69472 0.30450
vt 0.69324 0.30180
vt 0.69342 0.30556
vt 0.69241 0.30327
vt 0.78964 0.72084
vt 0.78910 0.70776
vt 0.79011 0.68770
vt 0.77985 0.71339
vt 0.78096 0.72856
vt 0.76958 0.72003
vt 0.77098 0.73663
vt 0.79154 0.66178
vt 0.74188 0.25254
vt 0.75181 0.24778
vt 0.82933 0.18016
vt 0.80327 0.15105
vt 0.82046 0.19590
vt 0.79723 0.16845
vt 0.70366 0.26794
vt 0.70550 0.26470
vt 0.69147 0.27816
vt 0.69658 0.28234
vt 0.69265 0.27487
vt 0.69795 0.27932
vt 0.69924 0.27625
vt 0.69391 0.27161
vt 0.69523 0.28528
vt 0.69034 0.28137
vt 0.69048 0.29972
vt 0.69124 0.29652
vt 0.69315 0.31650
vt 0.69437 0.31956
vt 0.69301 0.29096
vt 0.68847 0.28770
vt 0.69214 0.29353
vt 0.68780 0.29065
vt 0.69195 0.31321
vt 0.68988 0.31848
vt 0.69103 0.32191
vt 0.68653 0.31995
vt 0.68755 0.32368
vt 0.68717 0.29421
vt 0.69403 0.28816
vt 0.68930 0.28459
vt 0.69571 0.32263
vt 0.69221 0.32516
vt 0.68862 0.32733
vt 0.70200 0.27092
vt 0.76772 0.63550
vt 0.76839 0.66769
vt 0.78005 0.63466
vt 0.78002 0.66513
vt 0.79303 0.63408
vt 0.78407 0.47544
vt 0.78886 0.49987
vt 0.72846 0.23533
vt 0.73774 0.22907
vt 0.73214 0.25612
vt 0.71944 0.24108
vt 0.69526 0.26858
vt 0.70057 0.27355
vt 0.69667 0.26572
vt 0.69829 0.26237
vt 0.70017 0.25910
vt 0.70296 0.25500
vt 0.70713 0.26018
vt 0.71400 0.25861
vt 0.70612 0.25056
vt 0.77342 0.23587
vt 0.76240 0.24244
vt 0.80842 0.74810
vt 0.75872 0.21462
vt 0.74804 0.22249
vt 0.77964 0.69238
vt 0.76874 0.69712
vt 0.69305 0.34079
vt 0.69511 0.34665
vt 0.69727 0.33786
vt 0.69966 0.34335
vt 0.69133 0.33564
vt 0.68849 0.34297
vt 0.68708 0.33768
vt 0.69532 0.33299
vt 0.69008 0.34908
vt 0.69363 0.32889
vt 0.68583 0.33297
vt 0.68985 0.33124
vt 0.68552 0.31596
vt 0.68874 0.31477
vt 0.77375 0.74905
vt 0.76341 0.75788
vt 0.76051 0.74484
vt 0.78358 0.73969
vt 0.75103 0.46145
vt 0.75697 0.47939
vt 0.76236 0.45945
vt 0.76992 0.47867
vt 0.73032 0.41412
vt 0.73715 0.42877
vt 0.73861 0.41133
vt 0.74635 0.42651
vt 0.73101 0.39704
vt 0.72361 0.40060
vt 0.72206 0.41617
vt 0.71624 0.40315
vt 0.72802 0.43042
vt 0.72396 0.38429
vt 0.71741 0.37354
vt 0.71724 0.38845
vt 0.71133 0.37799
vt 0.70258 0.34973
vt 0.69763 0.35330
vt 0.70629 0.35720
vt 0.71153 0.36469
vt 0.70595 0.36890
vt 0.70108 0.36089
vt 0.69184 0.35603
vt 0.69577 0.36345
vt 0.77483 0.49972
vt 0.76157 0.49898
vt 0.78183 0.76740
vt 0.79266 0.75558
vt 0.77757 0.75915
vt 0.78771 0.74851
vt 0.76675 0.76904
vt 0.77014 0.77822
vt 0.79403 0.57441
vt 0.79340 0.54750
vt 0.77971 0.57312
vt 0.77887 0.54583
vt 0.79184 0.52322
vt 0.77757 0.52197
vt 0.76607 0.54414
vt 0.76661 0.57111
vt 0.76448 0.52018
vt 0.77994 0.60337
vt 0.79377 0.60378
vt 0.76730 0.60302
vt 0.71049 0.24530
vt 0.72268 0.25828
vt 0.74419 0.44471
vt 0.75423 0.44245
vt 0.80686 0.13118
vt 0.83693 0.16201
vt 0.77810 0.12822
vt 0.77969 0.10765
vt 0.80795 0.10918
vt 0.84159 0.13937
vt 0.68672 0.29821
vt 0.69099 0.30977
vt 0.68764 0.31087
vt 0.68432 0.31190
vt 0.69022 0.30306
vt 0.68661 0.30259
vt 0.68695 0.30703
vt 0.69028 0.30636
vt 0.78137 0.08624
vt 0.77425 0.14665
vt 0.68140 0.27217
vt 0.68650 0.27491
vt 0.68220 0.26861
vt 0.68755 0.27151
vt 0.68872 0.26808
vt 0.68308 0.26499
vt 0.68554 0.27829
vt 0.68064 0.27570
vt 0.68312 0.32084
vt 0.68390 0.32490
vt 0.68337 0.28846
vt 0.68392 0.28515
vt 0.67893 0.28668
vt 0.67937 0.28299
vt 0.68249 0.31657
vt 0.67949 0.32125
vt 0.68015 0.32555
vt 0.67578 0.32147
vt 0.67635 0.32593
vt 0.68292 0.29248
vt 0.67863 0.29106
vt 0.67996 0.27930
vt 0.68465 0.28171
vt 0.68480 0.32880
vt 0.68087 0.32964
vt 0.67699 0.33014
vt 0.75870 0.72713
vt 0.75747 0.70245
vt 0.75662 0.67095
vt 0.75544 0.63687
vt 0.74431 0.67612
vt 0.74223 0.63668
vt 0.71602 0.22273
vt 0.72448 0.21507
vt 0.70378 0.21366
vt 0.71129 0.20493
vt 0.70782 0.23023
vt 0.69696 0.22261
vt 0.69227 0.20709
vt 0.68667 0.21693
vt 0.74013 0.46210
vt 0.74512 0.47913
vt 0.72985 0.46168
vt 0.73416 0.47802
vt 0.71060 0.39145
vt 0.70528 0.38104
vt 0.68699 0.25005
vt 0.69352 0.25403
vt 0.68853 0.24493
vt 0.69558 0.24909
vt 0.69833 0.24370
vt 0.69043 0.23918
vt 0.69089 0.26154
vt 0.68481 0.25803
vt 0.68979 0.26476
vt 0.68395 0.26151
vt 0.68576 0.25430
vt 0.69211 0.25801
vt 0.70030 0.37169
vt 0.74902 0.49753
vt 0.73754 0.49556
vt 0.74393 0.19816
vt 0.72847 0.18548
vt 0.73403 0.20717
vt 0.71996 0.19552
vt 0.75298 0.18812
vt 0.76937 0.20562
vt 0.74964 0.75269
vt 0.74755 0.73460
vt 0.74583 0.70934
vt 0.73801 0.75942
vt 0.75215 0.76673
vt 0.74037 0.77357
vt 0.70906 0.40496
vt 0.70406 0.39351
vt 0.70224 0.40604
vt 0.69765 0.39454
vt 0.69922 0.38297
vt 0.69328 0.38416
vt 0.68391 0.34434
vt 0.68273 0.33887
vt 0.67951 0.34514
vt 0.67852 0.33959
vt 0.69466 0.37359
vt 0.68526 0.35055
vt 0.68067 0.35141
vt 0.68171 0.33399
vt 0.67769 0.33459
vt 0.67526 0.31669
vt 0.67897 0.31666
vt 0.70689 0.41839
vt 0.71159 0.43168
vt 0.71426 0.41762
vt 0.71951 0.43137
vt 0.69046 0.36511
vt 0.68677 0.35747
vt 0.74515 0.79794
vt 0.75783 0.78900
vt 0.74311 0.78654
vt 0.75520 0.77861
vt 0.75472 0.57019
vt 0.75367 0.54189
vt 0.74251 0.56701
vt 0.74155 0.53876
vt 0.75184 0.51815
vt 0.73993 0.51526
vt 0.75506 0.60196
vt 0.74260 0.60040
vt 0.70202 0.23760
vt 0.69266 0.23152
vt 0.72485 0.44619
vt 0.73423 0.44589
vt 0.68235 0.31215
vt 0.67865 0.31176
vt 0.67480 0.31156
vt 0.68264 0.29705
vt 0.67845 0.29602
vt 0.68262 0.30219
vt 0.67843 0.30143
vt 0.67840 0.30691
vt 0.68293 0.30844
vt 0.67526 0.34560
vt 0.67439 0.33993
vt 0.67094 0.34578
vt 0.67020 0.34004
vt 0.67176 0.35201
vt 0.67627 0.35189
vt 0.66955 0.33495
vt 0.67366 0.33489
vt 0.66797 0.32155
vt 0.66850 0.32604
vt 0.67199 0.32153
vt 0.67252 0.32600
vt 0.67144 0.31668
vt 0.66741 0.31666
vt 0.66901 0.33038
vt 0.67306 0.33043
vt 0.61157 0.72285
vt 0.61346 0.72018
vt 0.60624 0.71887
vt 0.60808 0.71561
vt 0.60096 0.74614
vt 0.60333 0.74913
vt 0.60670 0.74569
vt 0.60911 0.74833
vt 0.61188 0.75101
vt 0.60613 0.75224
vt 0.67664 0.21265
vt 0.68125 0.20203
vt 0.67019 0.19814
vt 0.66680 0.20955
vt 0.69252 0.41776
vt 0.69634 0.43040
vt 0.69977 0.41850
vt 0.70396 0.43133
vt 0.69549 0.40619
vt 0.68866 0.40573
vt 0.65503 0.79110
vt 0.66217 0.78506
vt 0.64632 0.78594
vt 0.65248 0.78089
vt 0.64450 0.77723
vt 0.63882 0.78145
vt 0.62511 0.76270
vt 0.62153 0.75947
vt 0.61949 0.76542
vt 0.61585 0.76188
vt 0.69136 0.39492
vt 0.68736 0.38434
vt 0.68490 0.39446
vt 0.68137 0.38416
vt 0.68335 0.79880
vt 0.67189 0.80548
vt 0.68963 0.81000
vt 0.67740 0.81517
vt 0.70297 0.80383
vt 0.69694 0.78737
vt 0.62001 0.72257
vt 0.62177 0.71999
vt 0.61514 0.71709
vt 0.61681 0.71365
vt 0.61058 0.74267
vt 0.60473 0.74316
vt 0.62908 0.71097
vt 0.62612 0.71410
vt 0.62406 0.70131
vt 0.62109 0.70567
vt 0.63705 0.70528
vt 0.64239 0.70307
vt 0.63241 0.69250
vt 0.63804 0.68876
vt 0.62375 0.71719
vt 0.61872 0.70978
vt 0.62072 0.75104
vt 0.61492 0.75379
vt 0.60190 0.73696
vt 0.60237 0.73863
vt 0.60673 0.73746
vt 0.60760 0.73891
vt 0.61141 0.73039
vt 0.60706 0.72765
vt 0.60911 0.73212
vt 0.60491 0.72998
vt 0.60624 0.73634
vt 0.60179 0.73568
vt 0.60737 0.73369
vt 0.60321 0.73243
vt 0.60888 0.74071
vt 0.60330 0.74073
vt 0.61389 0.72865
vt 0.60940 0.72538
vt 0.62383 0.75330
vt 0.61813 0.75656
vt 0.63433 0.76124
vt 0.63860 0.76437
vt 0.63328 0.76974
vt 0.62897 0.76612
vt 0.60647 0.73539
vt 0.60200 0.73465
vt 0.60677 0.73457
vt 0.60240 0.73365
vt 0.67885 0.25099
vt 0.67947 0.24653
vt 0.67164 0.24835
vt 0.67197 0.24379
vt 0.67054 0.26832
vt 0.67606 0.26997
vt 0.67069 0.26452
vt 0.67653 0.26626
vt 0.67704 0.26242
vt 0.67095 0.26045
vt 0.67563 0.27364
vt 0.67042 0.27221
vt 0.67419 0.29507
vt 0.67428 0.28987
vt 0.67486 0.28118
vt 0.67017 0.27962
vt 0.67453 0.28529
vt 0.66997 0.28386
vt 0.66982 0.28873
vt 0.67031 0.27607
vt 0.67524 0.27738
vt 0.67808 0.25493
vt 0.67161 0.25262
vt 0.69861 0.19728
vt 0.68641 0.19126
vt 0.73022 0.56078
vt 0.73002 0.53394
vt 0.71896 0.52778
vt 0.71841 0.55205
vt 0.72404 0.47613
vt 0.72045 0.46059
vt 0.71169 0.45897
vt 0.71469 0.47380
vt 0.69254 0.67850
vt 0.68250 0.68537
vt 0.68642 0.65447
vt 0.67737 0.66315
vt 0.67286 0.69085
vt 0.66833 0.67079
vt 0.68125 0.78136
vt 0.67297 0.79071
vt 0.65178 0.68140
vt 0.65583 0.69843
vt 0.65975 0.67657
vt 0.66391 0.69529
vt 0.64364 0.76773
vt 0.63830 0.77344
vt 0.64451 0.68527
vt 0.64866 0.70098
vt 0.63267 0.70797
vt 0.62780 0.69688
vt 0.70550 0.81636
vt 0.69257 0.82078
vt 0.67116 0.25646
vt 0.67759 0.25868
vt 0.67213 0.23838
vt 0.68022 0.24122
vt 0.68098 0.23488
vt 0.67222 0.23180
vt 0.68912 0.37458
vt 0.68369 0.37500
vt 0.68530 0.36595
vt 0.68026 0.36632
vt 0.68194 0.35824
vt 0.67729 0.35863
vt 0.72685 0.49291
vt 0.71699 0.48969
vt 0.70596 0.18643
vt 0.69233 0.17883
vt 0.72890 0.51165
vt 0.71845 0.50730
vt 0.72935 0.59361
vt 0.71646 0.58042
vt 0.72624 0.63644
vt 0.71177 0.60855
vt 0.68143 0.22648
vt 0.67264 0.22315
vt 0.71618 0.44580
vt 0.70805 0.44492
vt 0.67091 0.31141
vt 0.67425 0.30067
vt 0.66985 0.29425
vt 0.67006 0.30008
vt 0.67442 0.30624
vt 0.67042 0.30586
vt 0.60975 0.71193
vt 0.61146 0.70773
vt 0.59909 0.74321
vt 0.61875 0.69274
vt 0.61577 0.69814
vt 0.62729 0.68110
vt 0.63312 0.67565
vt 0.61340 0.70326
vt 0.60919 0.75538
vt 0.57347 0.85003
vt 0.58523 0.85044
vt 0.51012 0.45551
vt 0.50514 0.45635
vt 0.56753 0.45958
vt 0.60664 0.49944
vt 0.78532 0.22802
vt 0.82611 0.23834
vt 0.80906 0.20841
vt 0.81352 0.24731
vt 0.79724 0.21880
vt 0.80091 0.25513
vt 0.59153 0.73503
vt 0.59172 0.73720
vt 0.59680 0.73619
vt 0.59706 0.73806
vt 0.59692 0.73476
vt 0.59175 0.73335
vt 0.60196 0.72507
vt 0.59620 0.72261
vt 0.60000 0.72815
vt 0.59450 0.72614
vt 0.59845 0.73134
vt 0.59333 0.72947
vt 0.59241 0.73990
vt 0.59366 0.74296
vt 0.59779 0.74045
vt 0.60415 0.72203
vt 0.59823 0.71911
vt 0.61243 0.75866
vt 0.60677 0.75999
vt 0.60357 0.75646
vt 0.62341 0.76916
vt 0.62773 0.77320
vt 0.59224 0.73206
vt 0.59727 0.73365
vt 0.59775 0.73268
vt 0.59277 0.73108
vt 0.54579 0.45070
vt 0.52611 0.45223
vt 0.52043 0.45368
vt 0.58840 0.47693
vt 0.66433 0.24640
vt 0.66404 0.24161
vt 0.66463 0.25896
vt 0.65812 0.25796
vt 0.66469 0.26314
vt 0.65845 0.26208
vt 0.66476 0.26717
vt 0.65876 0.26633
vt 0.66487 0.27118
vt 0.65906 0.27033
vt 0.66501 0.27834
vt 0.65952 0.27749
vt 0.66504 0.28266
vt 0.65976 0.28174
vt 0.66511 0.28774
vt 0.66004 0.28695
vt 0.66496 0.27499
vt 0.65928 0.27406
vt 0.66439 0.25078
vt 0.70254 0.66996
vt 0.70784 0.69855
vt 0.71311 0.76827
vt 0.71227 0.74924
vt 0.71075 0.72601
vt 0.72796 0.77991
vt 0.72594 0.76450
vt 0.71417 0.78432
vt 0.67420 0.18632
vt 0.70821 0.52064
vt 0.70708 0.54157
vt 0.69412 0.45438
vt 0.69624 0.46783
vt 0.70310 0.45697
vt 0.70562 0.47097
vt 0.83745 0.35383
vt 0.82712 0.31827
vt 0.84939 0.35066
vt 0.83970 0.31385
vt 0.84678 0.38759
vt 0.51521 0.45485
vt 0.51543 0.45038
vt 0.51025 0.45091
vt 0.58167 0.47032
vt 0.58356 0.46634
vt 0.59050 0.47254
vt 0.53217 0.45080
vt 0.53280 0.44655
vt 0.52660 0.44789
vt 0.81551 0.28613
vt 0.82814 0.27867
vt 0.85393 0.41950
vt 0.73594 0.74099
vt 0.73387 0.71533
vt 0.72416 0.74623
vt 0.66982 0.54263
vt 0.72212 0.72152
vt 0.73129 0.68051
vt 0.71912 0.68985
vt 0.71311 0.65720
vt 0.67971 0.55584
vt 0.68316 0.53914
vt 0.55510 0.44448
vt 0.55417 0.44867
vt 0.54680 0.44667
vt 0.50522 0.44713
vt 0.50515 0.45178
vt 0.60547 0.47940
vt 0.60323 0.48589
vt 0.60956 0.49222
vt 0.66283 0.65229
vt 0.67128 0.64353
vt 0.67917 0.63390
vt 0.66391 0.79749
vt 0.64688 0.66566
vt 0.65466 0.65975
vt 0.64149 0.65100
vt 0.64887 0.64387
vt 0.63273 0.77728
vt 0.62785 0.66357
vt 0.63449 0.65730
vt 0.63971 0.67084
vt 0.62254 0.68693
vt 0.61686 0.67762
vt 0.61316 0.68467
vt 0.71851 0.81138
vt 0.71924 0.82190
vt 0.70616 0.82666
vt 0.68033 0.82504
vt 0.65733 0.24962
vt 0.66459 0.25486
vt 0.65777 0.25383
vt 0.65633 0.24014
vt 0.65550 0.23458
vt 0.66356 0.23610
vt 0.66232 0.22959
vt 0.65445 0.22858
vt 0.67809 0.37479
vt 0.67513 0.36630
vt 0.67254 0.35857
vt 0.65193 0.55599
vt 0.66109 0.56998
vt 0.66594 0.55688
vt 0.65629 0.54373
vt 0.65888 0.83980
vt 0.65757 0.83158
vt 0.64822 0.84242
vt 0.70738 0.48607
vt 0.69758 0.48198
vt 0.86042 0.50932
vt 0.66437 0.16736
vt 0.66171 0.18235
vt 0.73030 0.79370
vt 0.71700 0.79896
vt 0.73208 0.80568
vt 0.78973 0.79729
vt 0.80234 0.78309
vt 0.78858 0.79063
vt 0.80226 0.77539
vt 0.77531 0.81056
vt 0.77447 0.80407
vt 0.82487 0.73753
vt 0.82950 0.74273
vt 0.83542 0.71794
vt 0.84220 0.72316
vt 0.84568 0.69194
vt 0.85407 0.69651
vt 0.83209 0.74995
vt 0.85330 0.66278
vt 0.86337 0.66383
vt 0.85801 0.63472
vt 0.86771 0.63385
vt 0.85858 0.38565
vt 0.86586 0.42071
vt 0.87107 0.38318
vt 0.87804 0.42191
vt 0.88259 0.45966
vt 0.87128 0.45491
vt 0.87172 0.48669
vt 0.87058 0.51398
vt 0.88206 0.49321
vt 0.54674 0.85817
vt 0.53182 0.85797
vt 0.51609 0.85848
vt 0.81599 0.75961
vt 0.81319 0.75364
vt 0.77252 0.78719
vt 0.78521 0.77437
vt 0.77378 0.79619
vt 0.78753 0.78240
vt 0.70828 0.50244
vt 0.69809 0.49713
vt 0.85430 0.57984
vt 0.69764 0.51364
vt 0.85630 0.55683
vt 0.86417 0.58379
vt 0.86605 0.56172
vt 0.86835 0.53894
vt 0.85858 0.53368
vt 0.86171 0.60770
vt 0.87148 0.60996
vt 0.70457 0.56431
vt 0.70026 0.58674
vt 0.63771 0.84468
vt 0.64291 0.54319
vt 0.64684 0.53198
vt 0.52102 0.44466
vt 0.52073 0.44928
vt 0.59710 0.47930
vt 0.59899 0.47370
vt 0.53944 0.44544
vt 0.53850 0.44961
vt 0.57469 0.46458
vt 0.57635 0.46071
vt 0.56900 0.45576
vt 0.66390 0.22076
vt 0.65505 0.21919
vt 0.56078 0.84909
vt 0.69994 0.44349
vt 0.56159 0.45170
vt 0.56263 0.44757
vt 0.69137 0.44137
vt 0.63448 0.53202
vt 0.63809 0.52171
vt 0.63834 0.85252
vt 0.62774 0.85443
vt 0.59332 0.71213
vt 0.60027 0.71556
vt 0.60405 0.76492
vt 0.61015 0.76367
vt 0.61568 0.77728
vt 0.62042 0.78190
vt 0.62198 0.77542
vt 0.61768 0.77128
vt 0.61145 0.77290
vt 0.62688 0.78004
vt 0.62588 0.78721
vt 0.63272 0.78463
vt 0.66987 0.58557
vt 0.66368 0.59811
vt 0.66427 0.62614
vt 0.67161 0.61539
vt 0.65074 0.81457
vt 0.64522 0.80660
vt 0.65693 0.60933
vt 0.65470 0.80265
vt 0.66112 0.81059
vt 0.66100 0.35092
vt 0.66138 0.35711
vt 0.66671 0.35153
vt 0.66724 0.35788
vt 0.64722 0.19309
vt 0.65918 0.19515
vt 0.66555 0.37266
vt 0.66800 0.38161
vt 0.67489 0.38304
vt 0.67202 0.37380
vt 0.66058 0.34504
vt 0.66613 0.34548
vt 0.66552 0.33980
vt 0.66009 0.33957
vt 0.65962 0.33460
vt 0.66493 0.33472
vt 0.65771 0.31642
vt 0.65821 0.32131
vt 0.65873 0.32577
vt 0.66343 0.32138
vt 0.66396 0.32588
vt 0.66288 0.31649
vt 0.66442 0.33013
vt 0.65916 0.33001
vt 0.66334 0.36455
vt 0.66950 0.36556
vt 0.60395 0.70746
vt 0.59745 0.70308
vt 0.60217 0.71174
vt 0.59540 0.70786
vt 0.58964 0.74628
vt 0.59782 0.74969
vt 0.59549 0.74633
vt 0.59198 0.74993
vt 0.59954 0.69783
vt 0.60578 0.70267
vt 0.60783 0.69734
vt 0.60174 0.69187
vt 0.60056 0.75302
vt 0.59467 0.75363
vt 0.60417 0.68511
vt 0.61022 0.69136
vt 0.61485 0.65727
vt 0.62163 0.66994
vt 0.67925 0.42581
vt 0.68817 0.42857
vt 0.63879 0.79924
vt 0.64726 0.79566
vt 0.64981 0.61983
vt 0.65661 0.63555
vt 0.64630 0.20618
vt 0.65682 0.20747
vt 0.68475 0.41618
vt 0.68129 0.40425
vt 0.67636 0.41371
vt 0.67345 0.40216
vt 0.63216 0.79281
vt 0.63965 0.78969
vt 0.60760 0.76894
vt 0.61376 0.76734
vt 0.65070 0.14642
vt 0.64930 0.24434
vt 0.65688 0.24494
vt 0.67801 0.39326
vt 0.67064 0.39143
vt 0.65491 0.82316
vt 0.66871 0.82835
vt 0.66591 0.81938
vt 0.68564 0.52231
vt 0.69362 0.55141
vt 0.69622 0.53205
vt 0.61714 0.85623
vt 0.62669 0.52231
vt 0.63010 0.51289
vt 0.60652 0.85753
vt 0.61948 0.51388
vt 0.62276 0.50525
vt 0.61587 0.49856
vt 0.61269 0.50652
vt 0.59561 0.85876
vt 0.59620 0.85024
vt 0.66682 0.31132
vt 0.66531 0.29356
vt 0.66045 0.29300
vt 0.66227 0.31113
vt 0.66571 0.29966
vt 0.66100 0.29930
vt 0.66623 0.30562
vt 0.66164 0.30539
vt 0.78918 0.18315
vt 0.76116 0.17653
vt 0.77957 0.19530
vt 0.76844 0.16280
vt 0.80072 0.76805
vt 0.79731 0.76189
vt 0.76081 0.81480
vt 0.76035 0.80762
vt 0.75933 0.79887
vt 0.74631 0.80838
vt 0.69511 0.64445
vt 0.70396 0.63022
vt 0.68692 0.62194
vt 0.69351 0.83061
vt 0.68140 0.83428
vt 0.69356 0.83982
vt 0.70620 0.83547
vt 0.68146 0.84318
vt 0.66991 0.83702
vt 0.54159 0.94793
vt 0.51977 0.95140
vt 0.54190 0.96011
vt 0.51981 0.96358
vt 0.52067 0.97283
vt 0.52136 0.98315
vt 0.52210 0.99136
vt 0.54234 0.98701
vt 0.54234 0.97915
vt 0.52258 0.99721
vt 0.54202 0.99424
vt 0.51939 0.93683
vt 0.54090 0.93370
vt 0.51867 0.92081
vt 0.51722 0.90427
vt 0.69415 0.60631
vt 0.68975 0.57051
vt 0.67845 0.60298
vt 0.68462 0.58806
vt 0.67530 0.57167
vt 0.84176 0.23027
vt 0.87163 0.28095
vt 0.86124 0.25609
vt 0.88210 0.27384
vt 0.85254 0.21207
vt 0.86938 0.24282
vt 0.89417 0.26377
vt 0.86427 0.19812
vt 0.88117 0.23280
vt 0.90625 0.25565
vt 0.87598 0.18505
vt 0.89432 0.22759
vt 0.61640 0.12287
vt 0.63334 0.12462
vt 0.60826 0.03465
vt 0.61016 0.05679
vt 0.63002 0.03927
vt 0.63084 0.06234
vt 0.62929 0.01382
vt 0.60545 0.01204
vt 0.63104 0.08385
vt 0.61086 0.07838
vt 0.60150 0.12238
vt 0.63180 0.10486
vt 0.60982 0.10154
vt 0.59956 0.11051
vt 0.58750 0.12057
vt 0.51386 0.11103
vt 0.51363 0.01835
vt 0.51418 0.03656
vt 0.51421 0.00177
vt 0.52867 0.11139
vt 0.54343 0.11252
vt 0.53191 0.01948
vt 0.52996 0.03894
vt 0.52917 0.00118
vt 0.55835 0.11480
vt 0.54467 0.02202
vt 0.54445 0.04126
vt 0.54377 0.00470
vt 0.57312 0.11746
vt 0.58759 0.02966
vt 0.59082 0.05178
vt 0.55780 0.02470
vt 0.55872 0.04410
vt 0.57380 0.04736
vt 0.57152 0.02667
vt 0.58407 0.00405
vt 0.56888 0.00000
vt 0.55574 0.00514
vt 0.58860 0.10617
vt 0.57387 0.10173
vt 0.55883 0.09849
vt 0.54379 0.09597
vt 0.52878 0.09416
vt 0.51386 0.09452
vt 0.51390 0.07783
vt 0.52899 0.07664
vt 0.54402 0.07858
vt 0.55916 0.08135
vt 0.59079 0.09080
vt 0.57463 0.08509
vt 0.59188 0.07240
vt 0.57479 0.06695
vt 0.55917 0.06317
vt 0.54421 0.06030
vt 0.52931 0.05822
vt 0.51390 0.06090
vt 0.67862 0.17252
vt 0.65120 0.12845
vt 0.65131 0.06776
vt 0.65109 0.08907
vt 0.67145 0.07364
vt 0.67082 0.09468
vt 0.65168 0.04539
vt 0.67286 0.05124
vt 0.65232 0.02206
vt 0.67650 0.02553
vt 0.65121 0.10927
vt 0.66702 0.15115
vt 0.68326 0.15711
vt 0.66910 0.13353
vt 0.67027 0.11470
vt 0.69883 0.16510
vt 0.68713 0.13999
vt 0.69136 0.08034
vt 0.69041 0.10115
vt 0.69269 0.05815
vt 0.69575 0.03293
vt 0.71384 0.17471
vt 0.75186 0.13026
vt 0.75409 0.11112
vt 0.71133 0.08836
vt 0.71041 0.10873
vt 0.73056 0.11809
vt 0.73188 0.09832
vt 0.75503 0.09043
vt 0.71204 0.06649
vt 0.73266 0.07737
vt 0.75680 0.06797
vt 0.73491 0.05408
vt 0.71332 0.04101
vt 0.74814 0.14741
vt 0.74305 0.16213
vt 0.72659 0.15176
vt 0.72847 0.13638
vt 0.70912 0.12815
vt 0.68941 0.12107
vt 0.73634 0.17456
vt 0.70764 0.14887
vt 0.72165 0.16432
vt 0.73284 0.81588
vt 0.74683 0.81653
vt 0.71953 0.83047
vt 0.73341 0.83133
vt 0.73425 0.83742
vt 0.74716 0.82387
vt 0.74712 0.82968
vt 0.73320 0.82429
vt 0.70640 0.84424
vt 0.71993 0.83798
vt 0.58430 0.85919
vt 0.66990 0.84535
vt 0.57255 0.85912
vt 0.65915 0.84788
vt 0.62770 0.86216
vt 0.61713 0.86409
vt 0.60625 0.86557
vt 0.59490 0.86707
vt 0.59443 0.87527
vt 0.60625 0.87329
vt 0.61717 0.87146
vt 0.62696 0.86949
vt 0.68099 0.85192
vt 0.69356 0.84874
vt 0.64878 0.85033
vt 0.63804 0.86036
vt 0.72105 0.84544
vt 0.70748 0.85208
vt 0.61774 0.87843
vt 0.62552 0.87544
vt 0.60678 0.88066
vt 0.69393 0.85699
vt 0.56013 0.85856
vt 0.54640 0.86802
vt 0.53228 0.86800
vt 0.51580 0.86878
vt 0.53243 0.87786
vt 0.51559 0.87906
vt 0.53416 0.88865
vt 0.51595 0.89002
vt 0.55920 0.86759
vt 0.54645 0.87698
vt 0.53968 0.91802
vt 0.58178 0.87617
vt 0.58312 0.86768
vt 0.55819 0.87575
vt 0.57121 0.86781
vt 0.56940 0.87634
vt 0.55786 0.88223
vt 0.56649 0.88521
vt 0.54902 0.88630
vt 0.53759 0.90202
vt 0.55825 0.89665
vt 0.58030 0.88527
vt 0.59450 0.88359
vt 0.55957 0.91416
vt 0.59225 0.46773
vt 0.73740 0.84188
vt 0.72330 0.85173
vt 0.69597 0.86503
vt 0.70901 0.85892
vt 0.57926 0.89639
vt 0.59637 0.89222
vt 0.60722 0.88700
vt 0.61922 0.88680
vt 0.63110 0.87667
vt 0.58027 0.91009
vt 0.56078 0.92953
vt 0.58127 0.92482
vt 0.56136 0.94390
vt 0.58149 0.94002
vt 0.85147 0.74858
vt 0.81716 0.76799
vt 0.83139 0.76115
vt 0.82915 0.77381
vt 0.80360 0.78874
vt 0.79291 0.80112
vt 0.81386 0.77949
vt 0.80364 0.79912
vt 0.77604 0.81719
vt 0.76062 0.82171
vt 0.74745 0.83448
vt 0.75804 0.82917
vt 0.74738 0.84339
vt 0.71081 0.86421
vt 0.72359 0.85905
vt 0.70093 0.87154
vt 0.60446 0.90289
vt 0.60272 0.92193
vt 0.77587 0.82492
vt 0.85337 0.75709
vt 0.85609 0.76318
vt 0.82817 0.78445
vt 0.60209 0.93793
vt 0.85883 0.76994
vt 0.62753 0.90276
vt 0.63416 0.88883
vt 0.71466 0.87513
vt 0.77442 0.83440
vt 0.74539 0.85678
vt 0.80230 0.81120
vt 0.82763 0.79341
vt 0.77334 0.84610
vt 0.80155 0.82035
vt 0.82803 0.80043
vt 0.80115 0.82935
vt 0.62443 0.91853
vt 0.62327 0.93407
vt 0.77286 0.85964
vt 0.74445 0.87080
vt 0.74429 0.88309
vt 0.71665 0.88836
vt 0.71781 0.90045
vt 0.63614 0.86829
vt 0.64834 0.85855
vt 0.66930 0.85401
vt 0.68466 0.87942
vt 0.68184 0.87005
vt 0.68900 0.88932
vt 0.69153 0.90087
vt 0.69258 0.91501
vt 0.64753 0.90080
vt 0.64601 0.91499
vt 0.66769 0.90873
vt 0.66764 0.89584
vt 0.64523 0.92942
vt 0.66750 0.92305
vt 0.65045 0.88780
vt 0.64115 0.87721
vt 0.65384 0.87629
vt 0.65848 0.85640
vt 0.64599 0.86729
vt 0.65674 0.86598
vt 0.68093 0.86106
vt 0.66834 0.86346
vt 0.66764 0.87362
vt 0.66747 0.88431
vt 0.58157 0.95355
vt 0.60178 0.95210
vt 0.77290 0.87238
vt 0.80177 0.84338
vt 0.74472 0.89487
vt 0.71940 0.91532
vt 0.69190 0.93045
vt 0.62250 0.94840
vt 0.82940 0.80758
vt 0.66644 0.93798
vt 0.64428 0.94406
vt 0.62224 0.96077
vt 0.60181 0.96388
vt 0.80174 0.85818
vt 0.77262 0.88563
vt 0.74639 0.90835
vt 0.71903 0.93144
vt 0.69055 0.94467
vt 0.83062 0.82262
vt 0.66504 0.95204
vt 0.64320 0.95705
vt 0.62308 0.97125
vt 0.60257 0.97390
vt 0.80147 0.87542
vt 0.77438 0.90014
vt 0.74756 0.92740
vt 0.71752 0.94549
vt 0.68956 0.95756
vt 0.83200 0.84169
vt 0.66483 0.96419
vt 0.64374 0.96804
vt 0.62486 0.98125
vt 0.60421 0.98335
vt 0.80430 0.89031
vt 0.77716 0.91934
vt 0.74833 0.94392
vt 0.71689 0.95933
vt 0.69029 0.96915
vt 0.83333 0.86310
vt 0.66561 0.97538
vt 0.64542 0.97903
vt 0.80868 0.90898
vt 0.78325 0.93586
vt 0.74805 0.95993
vt 0.71621 0.97353
vt 0.69394 0.98091
vt 0.62910 0.99252
vt 0.60683 0.99303
vt 0.66537 0.98642
vt 0.64947 0.99176
vt 0.58415 0.98358
vt 0.58264 0.97457
vt 0.56256 0.98307
vt 0.56161 0.99059
vt 0.58702 0.99189
vt 0.56170 0.95583
vt 0.54214 0.97044
vt 0.58188 0.96477
vt 0.56234 0.97496
vt 0.56197 0.96608
vt 0.86094 0.77640
vt 0.89202 0.75472
vt 0.86254 0.78617
vt 0.89924 0.77123
vt 0.86468 0.80531
vt 0.90849 0.79489
vt 0.86417 0.83269
vt 0.87026 0.83998
vt 0.84089 0.87142
vt 0.88977 0.81874
usemtl Material
s 1
f 484/1 473/2 483/3
f 483/3 473/2 476/4
f 482/5 483/3 480/6
f 480/6 483/3 479/7
f 485/8 484/1 482/5
f 482/5 484/1 483/3
f 482/5 490/9 485/8
f 485/8 490/9 489/10
f 490/9 482/5 481/11
f 481/11 482/5 480/6
f 373/12 374/13 484/1
f 484/1 374/13 473/2
f 486/14 373/12 485/8
f 485/8 373/12 484/1
f 475/15 471/16 477/17
f 477/17 471/16 470/18
f 471/16 475/15 472/19
f 472/19 475/15 474/20
f 475/15 518/21 474/20
f 474/20 518/21 517/22
f 478/23 479/7 476/4
f 476/4 479/7 483/3
f 518/21 476/4 517/22
f 517/22 476/4 473/2
f 519/24 478/23 518/21
f 518/21 478/23 476/4
f 518/21 475/15 519/24
f 519/24 475/15 477/17
f 528/25 529/26 415/27
f 415/27 529/26 416/28
f 529/26 528/25 438/29
f 438/29 528/25 437/30
f 429/31 425/32 535/33
f 535/33 425/32 532/34
f 539/35 528/25 414/36
f 414/36 528/25 415/27
f 414/36 413/37 539/35
f 539/35 413/37 527/38
f 417/39 416/28 540/40
f 540/40 416/28 529/26
f 542/41 530/42 442/43
f 442/43 530/42 439/44
f 457/45 497/46 458/47
f 458/47 497/46 495/48
f 495/48 489/10 461/49
f 461/49 489/10 490/9
f 550/50 549/51 458/47
f 458/47 549/51 457/45
f 461/49 490/9 462/52
f 462/52 490/9 481/11
f 495/48 461/49 458/47
f 464/53 462/52 480/6
f 480/6 462/52 481/11
f 466/54 464/53 479/7
f 479/7 464/53 480/6
f 479/7 478/23 466/54
f 466/54 478/23 467/55
f 488/56 562/57 486/14
f 486/14 562/57 561/58
f 525/59 373/12 561/58
f 561/58 373/12 486/14
f 488/56 486/14 489/10
f 489/10 486/14 485/8
f 488/56 489/10 494/60
f 494/60 489/10 495/48
f 494/60 563/61 488/56
f 488/56 563/61 562/57
f 564/62 493/63 563/61
f 563/61 493/63 492/64
f 373/12 504/65 374/13
f 504/65 568/66 374/13
f 374/13 568/66 524/67
f 568/66 504/65 525/59
f 525/59 504/65 373/12
f 515/68 467/55 519/24
f 519/24 467/55 478/23
f 470/18 515/68 477/17
f 477/17 515/68 519/24
f 516/69 517/22 374/13
f 374/13 517/22 473/2
f 573/70 516/69 524/67
f 524/67 516/69 374/13
f 472/19 474/20 516/69
f 516/69 474/20 517/22
f 516/69 573/70 472/19
f 472/19 573/70 560/71
f 423/72 428/73 532/34
f 532/34 428/73 535/33
f 430/74 419/75 542/41
f 542/41 419/75 530/42
f 419/75 430/74 423/72
f 423/72 430/74 428/73
f 412/76 402/77 538/78
f 538/78 402/77 571/79
f 513/80 412/76 574/81
f 574/81 412/76 538/78
f 515/68 470/18 572/82
f 572/82 470/18 558/83
f 572/82 555/84 515/68
f 515/68 555/84 467/55
f 466/54 467/55 554/85
f 554/85 467/55 555/84
f 464/53 466/54 553/86
f 553/86 466/54 554/85
f 553/86 554/85 589/87
f 589/87 554/85 588/88
f 553/86 552/89 464/53
f 464/53 552/89 462/52
f 461/49 462/52 551/90
f 551/90 462/52 552/89
f 590/91 551/90 552/89
f 551/90 550/50 461/49
f 461/49 550/50 458/47
f 589/87 590/91 553/86
f 553/86 590/91 552/89
f 559/92 471/16 560/71
f 560/71 471/16 472/19
f 558/83 470/18 559/92
f 559/92 470/18 471/16
f 537/93 527/38 411/94
f 411/94 527/38 413/37
f 536/95 537/93 594/96
f 594/96 537/93 411/94
f 574/81 526/97 513/80
f 513/80 526/97 410/98
f 601/99 410/98 602/100
f 602/100 410/98 526/97
f 602/100 536/95 601/99
f 601/99 536/95 594/96
f 435/101 603/102 526/97
f 526/97 603/102 602/100
f 585/103 586/104 558/83
f 558/83 586/104 572/82
f 585/103 558/83 584/105
f 584/105 558/83 559/92
f 584/105 559/92 377/106
f 377/106 559/92 560/71
f 377/106 560/71 510/107
f 510/107 560/71 573/70
f 524/67 375/108 573/70
f 573/70 375/108 510/107
f 754/109 759/110 117/111
f 117/111 759/110 118/112
f 117/111 118/112 740/113
f 740/113 118/112 739/114
f 814/115 740/113 788/116
f 788/116 740/113 138/117
f 117/111 786/118 754/109
f 754/109 786/118 815/119
f 786/118 117/111 814/115
f 814/115 117/111 740/113
f 793/120 176/121 815/119
f 815/119 176/121 754/109
f 812/122 826/123 787/124
f 787/124 826/123 819/125
f 819/125 826/123 128/126
f 128/126 826/123 720/127
f 812/122 724/128 790/129
f 790/129 724/128 712/130
f 826/123 812/122 821/131
f 821/131 812/122 790/129
f 724/128 812/122 129/132
f 129/132 812/122 787/124
f 826/123 821/131 720/127
f 720/127 821/131 156/133
f 813/134 734/135 787/124
f 787/124 734/135 129/132
f 827/136 813/134 819/125
f 819/125 813/134 787/124
f 734/135 813/134 138/117
f 138/117 813/134 788/116
f 827/136 819/125 726/137
f 726/137 819/125 128/126
f 771/138 176/121 816/139
f 816/139 176/121 793/120
f 816/139 793/120 828/140
f 828/140 793/120 824/141
f 824/141 171/142 828/140
f 828/140 171/142 769/143
f 830/144 827/136 130/145
f 130/145 827/136 726/137
f 830/144 788/116 827/136
f 827/136 788/116 813/134
f 834/146 741/147 818/148
f 818/148 741/147 116/149
f 834/146 814/115 830/144
f 830/144 814/115 788/116
f 741/147 130/145 742/150
f 742/150 130/145 131/151
f 834/146 830/144 741/147
f 741/147 830/144 130/145
f 835/152 752/153 824/141
f 824/141 752/153 171/142
f 818/148 786/118 834/146
f 834/146 786/118 814/115
f 835/152 824/141 815/119
f 815/119 824/141 793/120
f 752/153 835/152 116/149
f 116/149 835/152 818/148
f 835/152 815/119 818/148
f 818/148 815/119 786/118
f 362/154 429/31 522/155
f 522/155 429/31 535/33
f 428/73 356/156 535/33
f 535/33 356/156 522/155
f 430/74 360/157 428/73
f 428/73 360/157 356/156
f 542/41 565/158 430/74
f 430/74 565/158 360/157
f 823/159 829/160 151/161
f 151/161 829/160 774/162
f 431/163 536/95 603/102
f 603/102 536/95 602/100
f 926/164 925/165 405/166
f 405/166 925/165 404/167
f 537/93 536/95 432/168
f 432/168 536/95 431/163
f 432/168 431/163 926/164
f 926/164 431/163 925/165
f 432/168 436/169 537/93
f 537/93 436/169 527/38
f 434/170 437/30 539/35
f 539/35 437/30 528/25
f 539/35 527/38 434/170
f 434/170 527/38 436/169
f 540/40 529/26 440/171
f 440/171 529/26 438/29
f 929/172 928/173 421/174
f 421/174 928/173 422/175
f 541/176 540/40 441/177
f 441/177 540/40 440/171
f 441/177 440/171 929/172
f 929/172 440/171 928/173
f 441/177 439/44 541/176
f 541/176 439/44 530/42
f 926/164 931/178 432/168
f 432/168 931/178 436/169
f 931/178 926/164 406/179
f 406/179 926/164 405/166
f 406/179 407/180 931/178
f 931/178 407/180 927/181
f 931/178 927/181 436/169
f 436/169 927/181 434/170
f 932/182 927/181 408/183
f 408/183 927/181 407/180
f 927/181 932/182 434/170
f 434/170 932/182 437/30
f 933/184 928/173 438/29
f 438/29 928/173 440/171
f 933/184 932/182 409/185
f 409/185 932/182 408/183
f 409/185 422/175 933/184
f 933/184 422/175 928/173
f 932/182 933/184 437/30
f 437/30 933/184 438/29
f 934/186 929/172 420/187
f 420/187 929/172 421/174
f 929/172 934/186 441/177
f 441/177 934/186 439/44
f 935/188 934/186 443/189
f 443/189 934/186 420/187
f 934/186 935/188 439/44
f 439/44 935/188 442/43
f 514/190 435/101 574/81
f 574/81 435/101 526/97
f 938/191 930/192 514/190
f 514/190 930/192 435/101
f 930/192 938/191 403/193
f 403/193 938/191 512/194
f 930/192 939/195 435/101
f 435/101 939/195 603/102
f 939/195 930/192 604/196
f 604/196 930/192 403/193
f 604/196 404/167 939/195
f 939/195 404/167 925/165
f 925/165 431/163 939/195
f 939/195 431/163 603/102
f 433/197 514/190 538/78
f 538/78 514/190 574/81
f 941/198 938/191 433/197
f 433/197 938/191 514/190
f 938/191 941/198 512/194
f 512/194 941/198 618/199
f 509/200 433/197 571/79
f 571/79 433/197 538/78
f 942/201 941/198 509/200
f 509/200 941/198 433/197
f 941/198 942/201 618/199
f 618/199 942/201 619/202
f 802/203 237/204 796/205
f 796/205 237/204 240/206
f 450/207 240/206 862/208
f 862/208 240/206 237/204
f 429/31 362/154 450/207
f 450/207 362/154 240/206
f 450/207 449/209 429/31
f 429/31 449/209 425/32
f 732/210 121/211 1170/212
f 1170/212 121/211 1126/213
f 732/210 1170/212 135/214
f 135/214 1170/212 1128/215
f 143/216 1130/217 763/218
f 763/218 1130/217 1175/219
f 763/218 1175/219 168/220
f 168/220 1175/219 1133/221
f 203/222 1141/223 839/224
f 839/224 1141/223 1182/225
f 716/226 1242/227 124/228
f 124/228 1242/227 1213/229
f 1242/227 1216/230 41/231
f 41/231 1216/230 9/232
f 716/226 139/233 1242/227
f 1242/227 139/233 1216/230
f 1243/234 1241/235 718/236
f 718/236 1241/235 708/237
f 1213/229 1242/227 6/238
f 6/238 1242/227 41/231
f 1243/234 1212/239 42/240
f 42/240 1212/239 5/241
f 1168/242 1126/213 718/236
f 718/236 1126/213 121/211
f 718/236 121/211 1243/234
f 1243/234 121/211 1212/239
f 718/236 708/237 1168/242
f 1168/242 708/237 1166/243
f 1243/234 42/240 1241/235
f 1241/235 42/240 40/244
f 1244/245 1213/229 44/246
f 44/246 1213/229 6/238
f 730/247 124/228 1244/245
f 1244/245 124/228 1213/229
f 1244/245 1214/248 730/247
f 730/247 1214/248 134/249
f 1214/248 1244/245 8/250
f 8/250 1244/245 44/246
f 1245/251 1212/239 732/210
f 732/210 1212/239 121/211
f 1245/251 1215/252 43/253
f 43/253 1215/252 7/254
f 43/253 5/241 1245/251
f 1245/251 5/241 1212/239
f 738/255 1172/256 120/257
f 120/257 1172/256 1132/258
f 1215/252 1245/251 135/214
f 135/214 1245/251 732/210
f 1215/252 1246/259 7/254
f 7/254 1246/259 45/260
f 738/255 120/257 1246/259
f 1246/259 120/257 1211/261
f 135/214 1128/215 738/255
f 738/255 1128/215 1172/256
f 1246/259 1215/252 738/255
f 738/255 1215/252 135/214
f 1246/259 1211/261 45/260
f 45/260 1211/261 4/262
f 1247/263 1214/248 46/264
f 46/264 1214/248 8/250
f 1247/263 745/265 1214/248
f 1214/248 745/265 134/249
f 745/265 1247/263 112/266
f 112/266 1247/263 1210/267
f 758/268 1248/269 120/257
f 120/257 1248/269 1211/261
f 1210/267 1247/263 3/270
f 3/270 1247/263 46/264
f 1248/269 48/271 1211/261
f 1211/261 48/271 4/262
f 1249/272 756/273 1210/267
f 1210/267 756/273 112/266
f 758/268 1174/274 173/275
f 173/275 1174/274 1134/276
f 1248/269 758/268 1222/277
f 1222/277 758/268 173/275
f 120/257 1132/258 758/268
f 758/268 1132/258 1174/274
f 1222/277 13/278 1248/269
f 1248/269 13/278 48/271
f 1249/272 1210/267 47/279
f 47/279 1210/267 3/270
f 1173/280 756/273 1133/221
f 1133/221 756/273 168/220
f 756/273 1249/272 168/220
f 168/220 1249/272 1221/281
f 756/273 1173/280 112/266
f 112/266 1173/280 1125/282
f 1221/281 1249/272 12/283
f 12/283 1249/272 47/279
f 1250/284 763/218 1221/281
f 1221/281 763/218 168/220
f 1250/284 1221/281 49/285
f 49/285 1221/281 12/283
f 1217/286 143/216 1250/284
f 1250/284 143/216 763/218
f 1251/287 50/288 1222/277
f 1222/277 50/288 13/278
f 173/275 1134/276 765/289
f 765/289 1134/276 1176/290
f 765/289 1251/287 173/275
f 173/275 1251/287 1222/277
f 1179/291 1166/243 809/292
f 809/292 1166/243 708/237
f 1254/293 809/292 1241/235
f 1241/235 809/292 708/237
f 1255/294 1216/230 831/295
f 831/295 1216/230 139/233
f 1241/235 40/244 1254/293
f 1254/293 40/244 53/296
f 1216/230 1255/294 9/232
f 9/232 1255/294 54/297
f 1255/294 831/295 1254/293
f 1254/293 831/295 809/292
f 1254/293 53/296 1255/294
f 1255/294 53/296 54/297
f 836/298 202/299 1256/300
f 1256/300 202/299 1227/301
f 1256/300 1227/301 56/302
f 56/302 1227/301 18/303
f 1257/304 55/305 1226/306
f 1226/306 55/305 17/307
f 1226/306 203/222 1257/304
f 1257/304 203/222 839/224
f 1262/308 876/309 1228/310
f 1228/310 876/309 215/311
f 1228/310 19/312 1262/308
f 1262/308 19/312 61/313
f 876/309 1262/308 863/314
f 863/314 1262/308 1261/315
f 1262/308 61/313 1261/315
f 1261/315 61/313 60/316
f 1263/317 871/318 1260/319
f 1260/319 871/318 866/320
f 62/321 1263/317 59/322
f 59/322 1263/317 1260/319
f 1263/317 62/321 1229/323
f 1229/323 62/321 20/324
f 1229/323 210/325 1263/317
f 1263/317 210/325 871/318
f 64/326 1264/327 60/316
f 60/316 1264/327 1261/315
f 64/326 18/303 1264/327
f 1264/327 18/303 1227/301
f 1265/328 882/329 1226/306
f 1226/306 882/329 203/222
f 1265/328 63/330 1260/319
f 1260/319 63/330 59/322
f 1190/331 882/329 1185/332
f 1185/332 882/329 866/320
f 882/329 1265/328 866/320
f 866/320 1265/328 1260/319
f 882/329 1190/331 203/222
f 203/222 1190/331 1141/223
f 1226/306 17/307 1265/328
f 1265/328 17/307 63/330
f 1266/333 887/334 1229/323
f 1229/323 887/334 210/325
f 66/335 1266/333 20/324
f 20/324 1266/333 1229/323
f 1266/333 66/335 1224/336
f 1224/336 66/335 14/337
f 1267/338 892/339 1225/340
f 1225/340 892/339 178/341
f 1224/336 179/342 1266/333
f 1266/333 179/342 887/334
f 1267/338 65/343 1228/310
f 1228/310 65/343 19/312
f 892/339 1267/338 215/311
f 215/311 1267/338 1228/310
f 1257/304 839/224 1269/344
f 1269/344 839/224 974/345
f 1270/346 1256/300 70/347
f 70/347 1256/300 56/302
f 937/348 940/349 1294/350
f 1294/350 940/349 505/351
f 1298/352 1281/353 836/298
f 836/298 1281/353 202/299
f 1283/354 215/311 1303/355
f 1303/355 215/311 876/309
f 1303/355 876/309 1302/356
f 1302/356 876/309 863/314
f 1278/357 178/341 1305/358
f 1305/358 178/341 892/339
f 1305/358 892/339 1283/354
f 1283/354 892/339 215/311
f 1315/359 1294/350 347/360
f 347/360 1294/350 505/351
f 1318/361 642/362 1288/363
f 1288/363 642/362 291/364
f 642/362 643/365 291/364
f 291/364 643/365 292/366
f 291/364 292/366 657/367
f 657/367 292/366 655/368
f 657/367 1319/369 291/364
f 291/364 1319/369 1288/363
f 685/370 1325/371 657/367
f 657/367 1325/371 1319/369
f 1325/371 685/370 1309/372
f 1309/372 685/370 299/373
f 1264/327 1227/301 879/374
f 879/374 1227/301 202/299
f 863/314 1261/315 879/374
f 879/374 1261/315 1264/327
f 923/375 937/348 1315/359
f 1315/359 937/348 1294/350
f 1315/359 1293/376 923/375
f 923/375 1293/376 922/377
f 1318/361 1288/363 948/378
f 948/378 1288/363 911/379
f 950/380 911/379 1319/369
f 1319/369 911/379 1288/363
f 955/381 913/382 1367/383
f 1367/383 913/382 1351/384
f 1367/383 1351/384 688/385
f 688/385 1351/384 298/386
f 955/381 950/380 1325/371
f 1325/371 950/380 1319/369
f 1367/383 1361/387 955/381
f 955/381 1361/387 950/380
f 1325/371 1309/372 955/381
f 955/381 1309/372 913/382
f 1361/387 1367/383 648/388
f 648/388 1367/383 688/385
f 1361/387 1385/389 950/380
f 950/380 1385/389 911/379
f 1385/389 1361/387 290/390
f 290/390 1361/387 648/388
f 290/390 641/391 1385/389
f 1385/389 641/391 1360/392
f 1385/389 1360/392 911/379
f 911/379 1360/392 948/378
f 1390/393 1357/394 922/377
f 922/377 1357/394 923/375
f 1414/395 1356/396 1193/397
f 1193/397 1356/396 921/398
f 569/399 567/400 505/351
f 505/351 567/400 347/360
f 1238/401 1437/402 256/403
f 256/403 1437/402 1416/404
f 1439/405 1287/406 1416/404
f 1416/404 1287/406 256/403
f 304/407 987/408 692/409
f 692/409 987/408 1004/410
f 72/411 36/412 1272/413
f 1272/413 36/412 1239/414
f 1452/415 997/416 1444/417
f 1444/417 997/416 984/418
f 997/416 637/419 984/418
f 984/418 637/419 286/420
f 652/421 999/422 286/420
f 286/420 999/422 984/418
f 999/422 652/421 1004/410
f 1004/410 652/421 692/409
f 999/422 1453/423 984/418
f 984/418 1453/423 1444/417
f 30/424 78/425 1238/401
f 1238/401 78/425 1437/402
f 1292/426 1439/405 255/427
f 255/427 1439/405 1416/404
f 1463/428 647/429 1445/430
f 1445/430 647/429 296/431
f 647/429 1297/432 296/431
f 296/431 1297/432 1289/433
f 1445/430 985/434 1463/428
f 1463/428 985/434 998/435
f 658/436 1464/437 296/431
f 296/431 1464/437 1445/430
f 1464/437 1000/438 1445/430
f 1445/430 1000/438 985/434
f 1469/439 1004/410 1446/440
f 1446/440 1004/410 987/408
f 1469/439 684/441 1453/423
f 1453/423 684/441 656/442
f 1470/443 1464/437 686/444
f 686/444 1464/437 658/436
f 1453/423 999/422 1469/439
f 1469/439 999/422 1004/410
f 1464/437 1470/443 1000/438
f 1000/438 1470/443 1005/445
f 686/444 303/446 1470/443
f 1470/443 303/446 1458/447
f 1470/443 1458/447 1005/445
f 1005/445 1458/447 986/448
f 1271/449 1475/450 981/451
f 981/451 1475/450 1442/452
f 80/453 30/424 1475/450
f 1475/450 30/424 1238/401
f 1235/454 1437/402 31/455
f 31/455 1437/402 78/425
f 1475/450 1271/449 80/453
f 80/453 1271/449 71/456
f 1475/450 1238/401 1442/452
f 1442/452 1238/401 256/403
f 1476/457 1272/413 1461/458
f 1461/458 1272/413 993/459
f 1476/457 1235/454 79/460
f 79/460 1235/454 31/455
f 255/427 1416/404 1235/454
f 1235/454 1416/404 1437/402
f 1235/454 1476/457 255/427
f 255/427 1476/457 1461/458
f 79/460 72/411 1476/457
f 1476/457 72/411 1272/413
f 1477/461 1449/462 1336/463
f 1336/463 1449/462 992/464
f 1449/462 1477/461 333/465
f 333/465 1477/461 1291/466
f 1449/462 333/465 1483/467
f 1483/467 333/465 1418/468
f 1483/467 1431/469 1449/462
f 1449/462 1431/469 992/464
f 1509/470 272/471 1510/472
f 1510/472 272/471 798/473
f 1510/472 1051/474 1509/470
f 1509/470 1051/474 1048/475
f 271/476 1521/477 798/473
f 798/473 1521/477 1510/472
f 1523/478 857/479 1509/470
f 1509/470 857/479 272/471
f 1526/480 1258/481 1511/482
f 1511/482 1258/481 844/483
f 1527/484 1519/485 1233/486
f 1233/486 1519/485 247/487
f 1258/481 1526/480 57/488
f 57/488 1526/480 82/489
f 1233/486 22/490 1527/484
f 1527/484 22/490 83/491
f 1300/492 1529/493 844/483
f 844/483 1529/493 1511/482
f 1045/494 1042/495 1520/496
f 1520/496 1042/495 1517/497
f 1521/477 1049/498 1510/472
f 1510/472 1049/498 1051/474
f 843/499 207/500 1299/501
f 1299/501 207/500 1280/502
f 1050/503 1541/504 1049/498
f 1049/498 1541/504 1540/505
f 1542/506 1533/507 843/499
f 843/499 1533/507 207/500
f 1533/507 1542/506 206/508
f 206/508 1542/506 842/509
f 1052/510 1523/478 1048/475
f 1048/475 1523/478 1509/470
f 1546/511 874/512 1534/513
f 1534/513 874/512 213/514
f 1534/513 214/515 1546/511
f 1546/511 214/515 875/516
f 1546/511 875/516 1545/517
f 1545/517 875/516 870/518
f 886/519 1547/520 870/518
f 870/518 1547/520 1545/517
f 886/519 207/500 1547/520
f 1547/520 207/500 1533/507
f 977/521 842/509 1549/522
f 1549/522 842/509 1542/506
f 1549/522 1542/506 978/523
f 978/523 1542/506 843/499
f 1552/524 1048/475 1553/525
f 1553/525 1048/475 1051/474
f 1544/526 1052/510 1552/524
f 1552/524 1052/510 1048/475
f 1553/525 1051/474 1540/505
f 1540/505 1051/474 1049/498
f 1555/527 1538/528 1273/529
f 1273/529 1538/528 1044/530
f 1527/484 83/491 1273/529
f 1273/529 83/491 73/531
f 1273/529 73/531 1555/527
f 1555/527 73/531 84/532
f 1273/529 1044/530 1527/484
f 1527/484 1044/530 1519/485
f 221/533 1540/505 222/534
f 222/534 1540/505 1541/504
f 795/535 1553/525 221/533
f 221/533 1553/525 1540/505
f 792/536 817/537 823/159
f 823/159 817/537 829/160
f 220/538 1552/524 795/535
f 795/535 1552/524 1553/525
f 162/539 779/540 792/536
f 792/536 779/540 817/537
f 792/536 1571/541 162/539
f 162/539 1571/541 1565/542
f 1571/541 795/535 1565/542
f 1565/542 795/535 221/533
f 1572/543 220/538 1571/541
f 1571/541 220/538 795/535
f 1571/541 792/536 1572/543
f 1572/543 792/536 823/159
f 1573/544 841/545 1559/546
f 1559/546 841/545 205/547
f 1559/546 206/508 1573/544
f 1573/544 206/508 842/509
f 1572/543 823/159 1575/548
f 1575/548 823/159 151/161
f 856/549 1544/526 220/538
f 220/538 1544/526 1552/524
f 1575/548 856/549 1572/543
f 1572/543 856/549 220/538
f 874/512 1546/511 869/550
f 869/550 1546/511 1545/517
f 1577/551 873/552 1560/553
f 1560/553 873/552 212/554
f 1560/553 213/514 1577/551
f 1577/551 213/514 874/512
f 873/552 872/555 212/554
f 212/554 872/555 211/556
f 873/552 1577/551 868/557
f 868/557 1577/551 1576/558
f 1578/559 885/560 1559/546
f 1559/546 885/560 206/508
f 1577/551 874/512 1576/558
f 1576/558 874/512 869/550
f 1559/546 205/547 1578/559
f 1578/559 205/547 884/561
f 1547/520 885/560 1545/517
f 1545/517 885/560 869/550
f 885/560 1578/559 869/550
f 869/550 1578/559 1576/558
f 885/560 1547/520 206/508
f 206/508 1547/520 1533/507
f 889/562 1579/563 212/554
f 212/554 1579/563 1560/553
f 1578/559 884/561 1576/558
f 1576/558 884/561 868/557
f 1579/563 889/562 1557/564
f 1557/564 889/562 183/565
f 1225/340 15/566 1267/338
f 1267/338 15/566 65/343
f 1580/567 976/568 1573/544
f 1573/544 976/568 841/545
f 1573/544 842/509 1580/567
f 1580/567 842/509 977/521
f 1582/569 1556/570 1268/571
f 1268/571 1556/570 895/572
f 1582/569 86/573 1225/340
f 1225/340 86/573 15/566
f 1583/574 1568/575 1230/576
f 1230/576 1568/575 231/577
f 1224/336 14/337 1268/571
f 1268/571 14/337 67/578
f 1268/571 67/578 1582/569
f 1582/569 67/578 86/573
f 1268/571 895/572 1224/336
f 1224/336 895/572 179/342
f 1556/570 1582/569 178/341
f 178/341 1582/569 1225/340
f 1583/574 85/579 1220/580
f 1220/580 85/579 11/581
f 1555/527 84/532 1230/576
f 1230/576 84/532 21/582
f 1230/576 21/582 1583/574
f 1583/574 21/582 85/579
f 1230/576 231/577 1555/527
f 1555/527 231/577 1538/528
f 1568/575 1583/574 166/583
f 166/583 1583/574 1220/580
f 2/584 1217/286 49/285
f 49/285 1217/286 1250/284
f 157/585 1592/586 158/587
f 158/587 1592/586 1588/588
f 1219/589 10/590 1251/287
f 1251/287 10/590 50/288
f 161/591 1219/589 765/289
f 765/289 1219/589 1251/287
f 157/585 771/138 791/592
f 791/592 771/138 816/139
f 791/592 1596/593 157/585
f 157/585 1596/593 1592/586
f 822/594 828/140 152/595
f 152/595 828/140 769/143
f 1596/593 817/537 1592/586
f 1592/586 817/537 779/540
f 1591/596 774/162 1597/597
f 1597/597 774/162 829/160
f 1597/597 822/594 1591/596
f 1591/596 822/594 152/595
f 791/592 816/139 822/594
f 822/594 816/139 828/140
f 822/594 1597/597 791/592
f 791/592 1597/597 1596/593
f 1597/597 829/160 1596/593
f 1596/593 829/160 817/537
f 1599/598 1584/599 1177/600
f 1177/600 1584/599 775/601
f 1252/602 51/603 1259/604
f 1259/604 51/603 58/605
f 1584/599 1599/598 143/216
f 143/216 1599/598 1130/217
f 1600/606 1584/599 1217/286
f 1217/286 1584/599 143/216
f 1600/606 87/607 1252/602
f 1252/602 87/607 51/603
f 775/601 1252/602 855/608
f 855/608 1252/602 1259/604
f 1252/602 775/601 1600/606
f 1600/606 775/601 1584/599
f 1601/609 1593/610 1253/611
f 1253/611 1593/610 780/612
f 87/607 1600/606 2/584
f 2/584 1600/606 1217/286
f 1601/609 88/613 1219/589
f 1219/589 88/613 10/590
f 1220/580 11/581 1253/611
f 1253/611 11/581 52/614
f 1253/611 52/614 1601/609
f 1601/609 52/614 88/613
f 1253/611 780/612 1220/580
f 1220/580 780/612 166/583
f 1593/610 1601/609 161/591
f 161/591 1601/609 1219/589
f 1428/615 1427/616 567/400
f 567/400 1427/616 347/360
f 501/617 1428/615 567/400
f 557/618 348/619 1428/615
f 1428/615 348/619 1427/616
f 631/620 630/621 1643/622
f 1643/622 630/621 1642/623
f 1655/624 1654/625 631/620
f 631/620 1654/625 630/621
f 703/626 702/627 1655/624
f 1655/624 702/627 1654/625
f 1311/628 315/629 1318/361
f 1318/361 315/629 642/362
f 1667/630 1666/631 703/626
f 703/626 1666/631 702/627
f 315/629 316/632 642/362
f 642/362 316/632 643/365
f 316/632 315/629 1667/630
f 1667/630 315/629 1666/631
f 1459/633 320/634 1463/428
f 1463/428 320/634 647/429
f 1311/628 1318/361 916/635
f 916/635 1318/361 948/378
f 988/636 310/637 997/416
f 997/416 310/637 637/419
f 1680/638 1637/639 996/640
f 996/640 1637/639 625/641
f 989/642 1459/633 998/435
f 998/435 1459/633 1463/428
f 1666/631 315/629 1696/643
f 1696/643 315/629 1311/628
f 1327/644 1697/645 702/627
f 702/627 1697/645 1654/625
f 1696/643 1311/628 1674/646
f 1674/646 1311/628 916/635
f 1697/645 1317/647 1654/625
f 1654/625 1317/647 630/621
f 1327/644 1696/643 957/648
f 957/648 1696/643 1674/646
f 1697/645 1327/644 1675/649
f 1675/649 1327/644 957/648
f 1696/643 1327/644 1666/631
f 1666/631 1327/644 702/627
f 1675/649 947/650 1697/645
f 1697/645 947/650 1317/647
f 1642/623 630/621 1701/651
f 1701/651 630/621 1317/647
f 1353/652 1702/653 916/635
f 916/635 1702/653 1674/646
f 1701/651 1317/647 1672/654
f 1672/654 1317/647 947/650
f 1353/652 1360/392 314/655
f 314/655 1360/392 641/391
f 1702/653 1353/652 1665/656
f 1665/656 1353/652 314/655
f 916/635 948/378 1353/652
f 1353/652 948/378 1360/392
f 1369/657 1703/658 957/648
f 957/648 1703/658 1675/649
f 1369/657 1702/653 701/659
f 701/659 1702/653 1665/656
f 1703/658 1369/657 1653/660
f 1653/660 1369/657 701/659
f 957/648 1674/646 1369/657
f 1369/657 1674/646 1702/653
f 1359/661 1705/662 947/650
f 947/650 1705/662 1672/654
f 1359/661 1703/658 629/663
f 629/663 1703/658 1653/660
f 1705/662 1359/661 1641/664
f 1641/664 1359/661 629/663
f 947/650 1675/649 1359/661
f 1359/661 1675/649 1703/658
f 1708/665 1678/666 1447/667
f 1447/667 1678/666 988/636
f 1678/666 1708/665 1006/668
f 1006/668 1708/665 1454/669
f 1447/667 309/670 1708/665
f 1708/665 309/670 1660/671
f 1447/667 988/636 1452/415
f 1452/415 988/636 997/416
f 1708/665 1660/671 1454/669
f 1454/669 1660/671 696/672
f 1659/673 1709/674 635/675
f 635/675 1709/674 1462/676
f 1471/677 1007/678 1709/674
f 1709/674 1007/678 1682/679
f 1709/674 1659/673 1471/677
f 1471/677 1659/673 707/680
f 1709/674 1682/679 1462/676
f 1462/676 1682/679 995/681
f 1710/682 1671/683 1459/633
f 1459/633 1671/683 320/634
f 1710/682 1683/684 1471/677
f 1471/677 1683/684 1007/678
f 1471/677 707/680 1710/682
f 1710/682 707/680 1671/683
f 1683/684 1710/682 989/642
f 989/642 1710/682 1459/633
f 1680/638 1711/685 990/686
f 990/686 1711/685 1448/687
f 1712/688 1681/689 1454/669
f 1454/669 1681/689 1006/668
f 1711/685 1680/638 1451/690
f 1451/690 1680/638 996/640
f 1451/690 996/640 1712/688
f 1712/688 996/640 1681/689
f 1460/691 332/692 1713/693
f 1713/693 332/692 1647/694
f 1713/693 1647/694 1462/676
f 1462/676 1647/694 635/675
f 1460/691 991/695 1483/467
f 1483/467 991/695 1431/469
f 1713/693 1679/696 1460/691
f 1460/691 1679/696 991/695
f 332/692 1460/691 1418/468
f 1418/468 1460/691 1483/467
f 1679/696 1713/693 995/681
f 995/681 1713/693 1462/676
f 1733/697 294/698 1745/699
f 1745/699 294/698 645/700
f 1745/699 645/700 1737/701
f 1737/701 645/700 318/702
f 1747/703 650/704 1733/697
f 1733/697 650/704 294/698
f 1734/705 301/706 1751/707
f 1751/707 301/706 690/708
f 1751/707 690/708 1747/703
f 1747/703 690/708 650/704
f 1759/709 731/710 1722/711
f 1722/711 731/710 136/712
f 1721/713 122/714 1759/709
f 1759/709 122/714 731/710
f 1726/715 172/716 1765/717
f 1765/717 172/716 764/718
f 1739/719 330/720 1782/721
f 1782/721 330/720 1420/722
f 850/723 1543/724 218/725
f 218/725 1543/724 1550/726
f 1574/727 850/723 1561/728
f 1561/728 850/723 218/725
f 851/729 1574/727 149/730
f 149/730 1574/727 1561/728
f 74/731 77/732 1274/733
f 1274/733 77/732 1277/734
f 1814/735 1274/733 1801/736
f 1801/736 1274/733 1053/737
f 1613/738 1832/739 1609/740
f 1609/740 1832/739 1828/741
f 1832/739 799/742 1828/741
f 1828/741 799/742 279/743
f 1832/739 1613/738 1827/744
f 1827/744 1613/738 1608/745
f 1614/746 1833/747 1610/748
f 1610/748 1833/747 1829/749
f 1827/744 278/750 1832/739
f 1832/739 278/750 799/742
f 1833/747 1614/746 1828/741
f 1828/741 1614/746 1609/740
f 1828/741 279/743 1833/747
f 1833/747 279/743 860/751
f 1625/752 1844/753 1618/754
f 1618/754 1844/753 1837/755
f 1847/756 1823/757 1628/758
f 1628/758 1823/757 1604/759
f 1823/757 1847/756 247/487
f 247/487 1847/756 1233/486
f 1628/758 89/760 1847/756
f 1847/756 89/760 93/761
f 1847/756 93/761 1233/486
f 1233/486 93/761 22/490
f 1862/762 1866/763 1609/740
f 1609/740 1866/763 1613/738
f 1863/764 1867/765 1610/748
f 1610/748 1867/765 1614/746
f 1867/765 1862/762 1614/746
f 1614/746 1862/762 1609/740
f 1877/766 1625/752 1871/767
f 1871/767 1625/752 1618/754
f 1857/768 1880/769 1604/759
f 1604/759 1880/769 1628/758
f 1881/770 1840/771 1275/772
f 1275/772 1840/771 1105/773
f 1880/769 95/774 1628/758
f 1628/758 95/774 89/760
f 1840/771 1881/770 1621/775
f 1621/775 1881/770 1629/776
f 1240/777 37/778 1275/772
f 1275/772 37/778 75/779
f 1275/772 75/779 1881/770
f 1881/770 75/779 96/780
f 1275/772 1105/773 1240/777
f 1240/777 1105/773 621/781
f 1882/782 1340/783 1868/784
f 1868/784 1340/783 1106/785
f 1881/770 96/780 1629/776
f 1629/776 96/780 90/786
f 1882/782 1630/787 1836/788
f 1836/788 1630/787 1617/789
f 1314/790 1340/783 339/791
f 339/791 1340/783 1101/792
f 1340/783 1882/782 1101/792
f 1101/792 1882/782 1836/788
f 1340/783 1314/790 1106/785
f 1106/785 1314/790 921/398
f 1868/784 1615/793 1882/782
f 1882/782 1615/793 1630/787
f 1295/794 621/781 1341/795
f 1341/795 621/781 1105/773
f 1409/796 1884/797 1106/785
f 1106/785 1884/797 1868/784
f 1865/798 1612/799 1884/797
f 1884/797 1612/799 1632/800
f 1409/796 1356/396 1100/801
f 1100/801 1356/396 338/802
f 1884/797 1409/796 1865/798
f 1865/798 1409/796 1100/801
f 1106/785 921/398 1409/796
f 1409/796 921/398 1356/396
f 1884/797 1632/800 1868/784
f 1868/784 1632/800 1615/793
f 1434/803 1886/804 1102/805
f 1102/805 1886/804 1837/755
f 1836/788 1617/789 1886/804
f 1886/804 1617/789 1634/806
f 1434/803 1425/807 1101/792
f 1101/792 1425/807 339/791
f 1886/804 1434/803 1836/788
f 1836/788 1434/803 1101/792
f 1102/805 337/808 1434/803
f 1434/803 337/808 1425/807
f 1886/804 1634/806 1837/755
f 1837/755 1634/806 1618/754
f 1819/809 1890/810 1625/752
f 1625/752 1890/810 1844/753
f 1844/753 1110/811 1837/755
f 1837/755 1110/811 1102/805
f 1110/811 1844/753 1808/812
f 1808/812 1844/753 1890/810
f 1894/813 292/366 1901/814
f 1901/814 292/366 643/365
f 1901/814 643/365 1895/815
f 1895/815 643/365 316/632
f 1902/816 655/368 1894/813
f 1894/813 655/368 292/366
f 800/817 799/742 277/818
f 277/818 799/742 278/750
f 280/819 279/743 800/817
f 800/817 279/743 799/742
f 859/820 860/751 280/819
f 280/819 860/751 279/743
f 695/821 685/370 655/368
f 655/368 685/370 657/367
f 308/822 299/373 695/821
f 695/821 299/373 685/370
f 1098/823 1110/811 1807/824
f 1807/824 1110/811 1808/812
f 1098/823 1208/825 337/808
f 337/808 1208/825 1159/826
f 1098/823 337/808 1110/811
f 1110/811 337/808 1102/805
f 1896/827 328/828 1915/829
f 1915/829 328/828 1423/830
f 1900/831 631/620 1917/832
f 1917/832 631/620 1643/622
f 1917/832 1643/622 1896/827
f 1896/827 1643/622 328/828
f 1895/815 316/632 1918/833
f 1918/833 316/632 1667/630
f 1918/833 1667/630 1904/834
f 1904/834 1667/630 703/626
f 1904/834 703/626 1919/835
f 1919/835 703/626 1655/624
f 1919/835 1655/624 1900/831
f 1900/831 1655/624 631/620
f 1916/836 1921/837 1608/745
f 1608/745 1921/837 1827/744
f 1921/837 1910/838 1827/744
f 1827/744 1910/838 278/750
f 1861/839 1608/745 1866/763
f 1866/763 1608/745 1613/738
f 556/840 349/841 557/618
f 557/618 349/841 348/619
f 468/842 1956/843 556/840
f 1956/843 1955/844 556/840
f 556/840 1955/844 349/841
f 349/841 1955/844 1800/845
f 92/846 74/731 1814/735
f 1814/735 74/731 1274/733
f 1810/847 1804/848 1015/849
f 1015/849 1804/848 1057/850
f 1958/851 1987/852 1955/844
f 1955/844 1987/852 1800/845
f 1113/853 1112/854 1987/852
f 1987/852 1112/854 1986/855
f 1987/852 1986/855 1800/845
f 1800/845 1986/855 1799/856
f 1991/857 1965/858 1118/859
f 1118/859 1965/858 1114/860
f 1965/858 1991/857 1810/847
f 1810/847 1991/857 1804/848
f 1995/861 1994/862 1808/812
f 1808/812 1994/862 1807/824
f 1975/863 1974/864 1124/865
f 1124/865 1974/864 1123/866
f 1124/865 1123/866 1995/861
f 1995/861 1123/866 1994/862
f 1997/867 1814/735 1988/868
f 1988/868 1814/735 1801/736
f 1997/867 1276/869 98/870
f 98/870 1276/869 76/871
f 1115/872 1966/873 1276/869
f 1276/869 1966/873 1977/874
f 1276/869 1997/867 1115/872
f 1115/872 1997/867 1988/868
f 98/870 92/846 1997/867
f 1997/867 92/846 1814/735
f 2001/875 2002/876 1819/809
f 1819/809 2002/876 1890/810
f 2002/876 1995/861 1890/810
f 1890/810 1995/861 1808/812
f 2002/876 2001/875 1878/877
f 1878/877 2001/875 1626/878
f 1878/877 1124/865 2002/876
f 2002/876 1124/865 1995/861
f 544/879 1955/844 1956/843
f 544/879 1958/851 1955/844
f 446/880 447/881 548/882
f 548/882 447/881 547/883
f 549/51 445/884 548/882
f 548/882 445/884 446/880
f 451/885 452/886 426/887
f 426/887 452/886 427/888
f 532/34 531/889 423/72
f 423/72 531/889 392/890
f 601/99 594/96 600/891
f 600/891 594/96 595/892
f 1963/893 1112/854 1964/894
f 1964/894 1112/854 1113/853
f 2010/895 1964/894 1113/853
f 97/896 76/871 1977/874
f 1977/874 76/871 1276/869
f 1957/897 1111/898 1976/899
f 1976/899 1111/898 1209/900
f 1343/901 1980/902 1115/872
f 1115/872 1980/902 1966/873
f 2019/903 1863/764 2018/904
f 2018/904 1863/764 1610/748
f 1878/877 1626/878 2005/905
f 2005/905 1626/878 1983/906
f 2005/905 1975/863 1878/877
f 1878/877 1975/863 1124/865
f 2005/905 1983/906 2020/907
f 2020/907 1983/906 2018/904
f 2020/907 2018/904 1829/749
f 1829/749 2018/904 1610/748
f 238/908 2023/909 2010/895
f 2010/895 2023/909 1964/894
f 862/208 238/908 450/207
f 450/207 238/908 449/209
f 258/910 2024/911 1285/912
f 1285/912 2024/911 2016/913
f 2024/911 1966/873 2016/913
f 2016/913 1966/873 1980/902
f 2031/914 2020/907 281/915
f 281/915 2020/907 1829/749
f 2020/907 2031/914 2005/905
f 2005/905 2031/914 1975/863
f 860/751 859/820 281/915
f 281/915 859/820 1097/916
f 281/915 1097/916 2031/914
f 2031/914 1097/916 2030/917
f 281/915 1829/749 860/751
f 860/751 1829/749 1833/747
f 2031/914 2030/917 1975/863
f 1975/863 2030/917 1974/864
f 2033/918 1977/874 2024/911
f 2024/911 1977/874 1966/873
f 99/919 97/896 2033/918
f 2033/918 97/896 1977/874
f 1716/920 1758/921 126/922
f 126/922 1758/921 728/923
f 851/729 852/924 1720/925
f 1720/925 852/924 1772/926
f 282/927 1731/928 1420/722
f 1420/722 1731/928 1782/721
f 1756/929 1716/920 714/930
f 714/930 1716/920 126/922
f 1756/929 714/930 1718/931
f 1718/931 714/930 141/932
f 719/933 1757/934 710/935
f 710/935 1757/934 1755/936
f 1757/934 719/933 1721/713
f 1721/713 719/933 122/714
f 1768/937 810/938 1755/936
f 1755/936 810/938 710/935
f 832/939 1769/940 141/932
f 141/932 1769/940 1718/931
f 1769/940 832/939 1768/937
f 1768/937 832/939 810/938
f 1776/941 1118/859 1985/942
f 1985/942 1118/859 1969/943
f 1514/944 849/945 1785/946
f 1785/946 849/945 1771/947
f 1785/946 1770/948 1514/944
f 1514/944 1770/948 848/949
f 1543/724 850/723 1787/950
f 1787/950 850/723 1727/951
f 1787/950 1771/947 1543/724
f 1543/724 1771/947 849/945
f 1574/727 851/729 1789/952
f 1789/952 851/729 1720/925
f 1789/952 1727/951 1574/727
f 1574/727 1727/951 850/723
f 1791/953 1586/954 1719/955
f 1719/955 1586/954 145/956
f 1645/957 1795/958 633/959
f 633/959 1795/958 1742/960
f 1795/958 1645/957 1739/719
f 1739/719 1645/957 330/720
f 1657/961 1796/962 705/963
f 705/963 1796/962 1754/964
f 1796/962 1657/961 1742/960
f 1742/960 1657/961 633/959
f 1669/965 1797/966 318/702
f 318/702 1797/966 1737/701
f 1797/966 1669/965 1754/964
f 1754/964 1669/965 705/963
f 2082/967 1745/699 2079/968
f 2079/968 1745/699 1737/701
f 2077/969 1733/697 2082/967
f 2082/967 1733/697 1745/699
f 2083/970 1747/703 2077/969
f 2077/969 1747/703 1733/697
f 2078/971 1734/705 2086/972
f 2086/972 1734/705 1751/707
f 2086/972 1751/707 2083/970
f 2083/970 1751/707 1747/703
f 2089/973 2071/974 1758/921
f 1758/921 2071/974 1717/975
f 2072/976 1721/713 2090/977
f 2090/977 1721/713 1759/709
f 2090/977 1759/709 2073/978
f 2073/978 1759/709 1722/711
f 2071/974 2091/979 1717/975
f 1717/975 2091/979 1760/980
f 2092/981 1761/982 2070/983
f 2070/983 1761/982 1715/984
f 2073/978 1722/711 2092/981
f 2092/981 1722/711 1761/982
f 2094/985 1763/986 2076/987
f 2076/987 1763/986 1726/715
f 2070/983 1715/984 2094/985
f 2094/985 1715/984 1763/986
f 2095/988 1765/717 2074/989
f 2074/989 1765/717 1723/990
f 2076/987 1726/715 2095/988
f 2095/988 1726/715 1765/717
f 2096/991 1767/992 2075/993
f 2075/993 1767/992 1724/994
f 2080/995 1739/719 2099/996
f 2099/996 1739/719 1782/721
f 2075/993 1724/994 2102/997
f 2102/997 1724/994 1788/998
f 1775/999 1057/850 1820/1000
f 1820/1000 1057/850 1804/848
f 1984/1001 1991/857 1776/941
f 1776/941 1991/857 1118/859
f 1820/1000 1804/848 1984/1001
f 1984/1001 1804/848 1991/857
f 2027/1002 2035/1003 1969/943
f 1969/943 2035/1003 1985/942
f 177/1004 1511/482 1306/1005
f 1306/1005 1511/482 1529/493
f 266/1006 1308/1007 992/464
f 992/464 1308/1007 1336/463
f 1310/1008 320/634 1700/1009
f 1700/1009 320/634 1671/683
f 320/634 1310/1008 647/429
f 647/429 1310/1008 1297/432
f 1320/1010 658/436 1289/433
f 1289/433 658/436 296/431
f 686/444 658/436 1326/1011
f 1326/1011 658/436 1320/1010
f 1326/1011 1290/1012 686/444
f 686/444 1290/1012 303/446
f 1326/1011 1320/1010 2118/1013
f 2118/1013 1320/1010 2115/1014
f 2115/1014 951/1015 2118/1013
f 2118/1013 951/1015 956/1016
f 1700/1009 1671/683 1328/1017
f 1328/1017 1671/683 707/680
f 1330/1018 875/516 1282/1019
f 1282/1019 875/516 214/515
f 875/516 1330/1018 870/518
f 870/518 1330/1018 1301/1020
f 879/374 1331/1021 863/314
f 863/314 1331/1021 1302/356
f 879/374 202/299 1331/1021
f 1331/1021 202/299 1281/353
f 1332/1022 886/519 1301/1020
f 1301/1020 886/519 870/518
f 1332/1022 1280/502 886/519
f 886/519 1280/502 207/500
f 1339/1023 1056/1024 1815/1025
f 1815/1025 1056/1024 1803/1026
f 2123/1027 2128/1028 1332/1022
f 1332/1022 2128/1028 1280/502
f 2128/1028 2123/1027 900/1029
f 900/1029 2123/1027 968/1030
f 2129/1031 2122/1032 1281/353
f 1281/353 2122/1032 1331/1021
f 901/1033 967/1034 2129/1031
f 2129/1031 967/1034 2122/1032
f 2130/1035 902/1036 2121/1037
f 2121/1037 902/1036 966/1038
f 2121/1037 1330/1018 2130/1035
f 2130/1035 1330/1018 1282/1019
f 2136/1039 912/1040 2115/1014
f 2115/1014 912/1040 951/1015
f 2115/1014 1320/1010 2136/1039
f 2136/1039 1320/1010 1289/433
f 2118/1013 2137/1041 1326/1011
f 1326/1011 2137/1041 1290/1012
f 2137/1041 2118/1013 914/1042
f 914/1042 2118/1013 956/1016
f 919/1043 1388/1044 1429/1045
f 1429/1045 1388/1044 1440/1046
f 946/1047 1392/1048 1677/1049
f 1677/1049 1392/1048 1706/1050
f 2136/1039 1289/433 2142/1051
f 2142/1051 1289/433 1297/432
f 949/1052 1393/1053 912/1040
f 912/1040 1393/1053 1386/1054
f 2142/1051 949/1052 2136/1039
f 2136/1039 949/1052 912/1040
f 949/1052 2142/1051 915/1055
f 915/1055 2142/1051 2112/1056
f 2142/1051 1297/432 2112/1056
f 2112/1056 1297/432 1310/1008
f 1394/1057 1378/1058 959/1059
f 959/1059 1378/1058 901/1033
f 959/1059 901/1033 2143/1060
f 2143/1060 901/1033 2129/1031
f 2143/1060 2129/1031 1298/352
f 1298/352 2129/1031 1281/353
f 960/1061 900/1029 1395/1062
f 1395/1062 900/1029 1377/1063
f 2144/1064 2128/1028 960/1061
f 960/1061 2128/1028 900/1029
f 2128/1028 2144/1064 1280/502
f 1280/502 2144/1064 1299/501
f 2146/1065 2123/1027 1301/1020
f 1301/1020 2123/1027 1332/1022
f 2146/1065 2121/1037 963/1066
f 963/1066 2121/1037 966/1038
f 963/1066 968/1030 2146/1065
f 2146/1065 968/1030 2123/1027
f 2146/1065 1301/1020 2121/1037
f 2121/1037 1301/1020 1330/1018
f 2147/1067 2122/1032 964/1068
f 964/1068 2122/1032 967/1034
f 2148/1069 965/1070 2131/1071
f 2131/1071 965/1070 903/1072
f 2147/1067 1302/356 2122/1032
f 2122/1032 1302/356 1331/1021
f 2131/1071 1283/354 2148/1069
f 2148/1069 1283/354 1303/355
f 965/1070 1399/1073 903/1072
f 903/1072 1399/1073 1380/1074
f 965/1070 964/1068 1399/1073
f 1399/1073 964/1068 1398/1075
f 965/1070 2148/1069 964/1068
f 964/1068 2148/1069 2147/1067
f 2148/1069 1303/355 2147/1067
f 2147/1067 1303/355 1302/356
f 2150/1076 970/1077 2126/1078
f 2126/1078 970/1077 897/1079
f 2126/1078 1278/357 2150/1076
f 2150/1076 1278/357 1305/358
f 1401/1080 970/1077 1380/1074
f 1380/1074 970/1077 903/1072
f 970/1077 2150/1076 903/1072
f 903/1072 2150/1076 2131/1071
f 970/1077 1401/1080 897/1079
f 897/1079 1401/1080 1375/1081
f 2150/1076 1305/358 2131/1071
f 2131/1071 1305/358 1283/354
f 1404/1082 1383/1083 1009/1084
f 1009/1084 1383/1083 909/1085
f 2155/1086 2114/1087 1010/1088
f 1010/1088 2114/1087 944/1089
f 2114/1087 2155/1086 1316/1090
f 1316/1090 2155/1086 1337/1091
f 2125/1092 2156/1093 1344/1094
f 1344/1094 2156/1093 1338/1095
f 1410/1096 1391/1097 1107/1098
f 1107/1098 1391/1097 945/1099
f 1107/1098 945/1099 2157/1100
f 2157/1100 945/1099 2140/1101
f 2157/1100 2140/1101 1341/795
f 1341/795 2140/1101 1295/794
f 2161/1102 2139/1103 1430/1104
f 1430/1104 2139/1103 920/1105
f 2139/1103 2161/1102 1292/426
f 1292/426 2161/1102 1439/405
f 1441/1106 1384/1107 1430/1104
f 1430/1104 1384/1107 910/1108
f 1430/1104 910/1108 2161/1102
f 2161/1102 910/1108 2135/1109
f 1430/1104 920/1105 1441/1106
f 1441/1106 920/1105 1389/1110
f 1438/1111 2162/1112 1312/1113
f 1312/1113 2162/1112 2113/1114
f 2161/1102 2135/1109 1439/405
f 1439/405 2135/1109 1287/406
f 2162/1112 1429/1045 2113/1114
f 2113/1114 1429/1045 917/1115
f 1438/1111 1418/468 1291/466
f 1291/466 1418/468 333/465
f 2162/1112 1438/1111 2138/1116
f 2138/1116 1438/1111 1291/466
f 1312/1113 332/692 1438/1111
f 1438/1111 332/692 1418/468
f 2163/1117 2153/1118 1478/1119
f 1478/1119 2153/1118 1335/1120
f 2138/1116 919/1043 2162/1112
f 2162/1112 919/1043 1429/1045
f 2163/1117 2135/1109 1472/1121
f 1472/1121 2135/1109 910/1108
f 1442/452 256/403 1478/1119
f 1478/1119 256/403 1287/406
f 1478/1119 1287/406 2163/1117
f 2163/1117 1287/406 2135/1109
f 1478/1119 1335/1120 1442/452
f 1442/452 1335/1120 981/451
f 2153/1118 2163/1117 1009/1084
f 1009/1084 2163/1117 1472/1121
f 1455/1122 2164/1123 1008/1124
f 1008/1124 2164/1123 2154/1125
f 2164/1123 1477/461 2154/1125
f 2154/1125 1477/461 1336/463
f 2164/1123 1455/1122 2138/1116
f 2138/1116 1455/1122 919/1043
f 1479/1126 1337/1091 2165/1127
f 2165/1127 1337/1091 2155/1086
f 2138/1116 1291/466 2164/1123
f 2164/1123 1291/466 1477/461
f 2165/1127 2155/1086 1456/1128
f 1456/1128 2155/1086 1010/1088
f 1479/1126 1292/426 1461/458
f 1461/458 1292/426 255/427
f 2165/1127 2139/1103 1479/1126
f 1479/1126 2139/1103 1292/426
f 1337/1091 1479/1126 993/459
f 993/459 1479/1126 1461/458
f 2139/1103 2165/1127 920/1105
f 920/1105 2165/1127 1456/1128
f 2120/1129 2167/1130 1329/1131
f 1329/1131 2167/1130 1502/1132
f 1528/1133 1329/1131 1513/1134
f 1513/1134 1329/1131 847/1135
f 2168/1136 2120/1129 1528/1133
f 1528/1133 2120/1129 1329/1131
f 2120/1129 2168/1136 962/1137
f 962/1137 2168/1136 1516/1138
f 2145/1139 2169/1140 1300/492
f 1300/492 2169/1140 1529/493
f 1515/1141 961/1142 1531/1143
f 1531/1143 961/1142 1396/1144
f 2169/1140 2145/1139 1515/1141
f 1515/1141 2145/1139 961/1142
f 2169/1140 2109/1145 1529/493
f 1529/493 2109/1145 1306/1005
f 2112/1056 1310/1008 2171/1146
f 2171/1146 1310/1008 1700/1009
f 2171/1146 1676/1147 2112/1056
f 2112/1056 1676/1147 915/1055
f 1676/1147 2171/1146 958/1148
f 958/1148 2171/1146 2119/1149
f 1699/1150 2172/1151 1328/1017
f 1328/1017 2172/1151 2119/1149
f 2171/1146 1700/1009 2119/1149
f 2119/1149 1700/1009 1328/1017
f 2172/1151 1677/1049 2119/1149
f 2119/1149 1677/1049 958/1148
f 1698/1152 2173/1153 1296/1154
f 1296/1154 2173/1153 2141/1155
f 1699/1150 1659/673 1296/1154
f 1296/1154 1659/673 635/675
f 2172/1151 1699/1150 2141/1155
f 2141/1155 1699/1150 1296/1154
f 1328/1017 707/680 1699/1150
f 1699/1150 707/680 1659/673
f 2141/1155 946/1047 2172/1151
f 2172/1151 946/1047 1677/1049
f 2173/1153 1673/1156 2141/1155
f 2141/1155 1673/1156 946/1047
f 1698/1152 1647/694 1312/1113
f 1312/1113 1647/694 332/692
f 2173/1153 1698/1152 2113/1114
f 2113/1114 1698/1152 1312/1113
f 1296/1154 635/675 1698/1152
f 1698/1152 635/675 1647/694
f 2113/1114 917/1115 2173/1153
f 2173/1153 917/1115 1673/1156
f 1801/736 1053/737 1816/1157
f 1816/1157 1053/737 1338/1095
f 1816/1157 1338/1095 2175/1158
f 2175/1158 1338/1095 2156/1093
f 2175/1158 2156/1093 1805/1159
f 1805/1159 2156/1093 1058/1160
f 2176/1161 1806/1162 2124/1163
f 2124/1163 1806/1162 1059/1164
f 1883/1165 2177/1166 1341/795
f 1341/795 2177/1166 2157/1100
f 2124/1163 1339/1023 2176/1161
f 2176/1161 1339/1023 1815/1025
f 2170/1167 1622/1168 2177/1166
f 2177/1166 1622/1168 1841/1169
f 1883/1165 1840/771 1631/1170
f 1631/1170 1840/771 1621/775
f 2177/1166 1883/1165 2170/1167
f 2170/1167 1883/1165 1631/1170
f 1341/795 1105/773 1883/1165
f 1883/1165 1105/773 1840/771
f 2157/1100 2177/1166 1107/1098
f 1107/1098 2177/1166 1841/1169
f 1978/1171 2179/1172 1342/1173
f 1342/1173 2179/1172 2158/1174
f 1979/1175 2180/1176 1815/1025
f 1815/1025 2180/1176 2176/1161
f 2179/1172 1971/1177 2158/1174
f 2158/1174 1971/1177 1120/1178
f 2158/1174 1120/1178 2180/1176
f 2180/1176 1120/1178 1993/1179
f 1979/1175 1990/1180 1342/1173
f 1342/1173 1990/1180 1117/1181
f 2180/1176 1979/1175 2158/1174
f 2158/1174 1979/1175 1342/1173
f 1815/1025 1803/1026 1979/1175
f 1979/1175 1803/1026 1990/1180
f 2181/1182 2159/1183 1998/1184
f 1998/1184 2159/1183 1343/901
f 2180/1176 1993/1179 2176/1161
f 2176/1161 1993/1179 1806/1162
f 2159/1183 2181/1182 1119/1185
f 1119/1185 2181/1182 1992/1186
f 1988/868 1801/736 1998/1184
f 1998/1184 1801/736 1816/1157
f 1998/1184 1816/1157 2181/1182
f 2181/1182 1816/1157 2175/1158
f 1998/1184 1343/901 1988/868
f 1988/868 1343/901 1115/872
f 2181/1182 2175/1158 1992/1186
f 1992/1186 2175/1158 1805/1159
f 2182/1187 2159/1183 1970/1188
f 1970/1188 2159/1183 1119/1185
f 2015/1189 2183/1190 1978/1171
f 1978/1171 2183/1190 2179/1172
f 2159/1183 2182/1187 1343/901
f 1343/901 2182/1187 1980/902
f 2183/1190 2029/1191 2179/1172
f 2179/1172 2029/1191 1971/1177
f 2182/1187 2184/1192 1980/902
f 1980/902 2184/1192 2016/913
f 2184/1192 2182/1187 2028/1193
f 2028/1193 2182/1187 1970/1188
f 908/1194 2028/1193 1382/1195
f 1382/1195 2028/1193 2017/1196
f 915/1055 1352/1197 949/1052
f 949/1052 1352/1197 1393/1053
f 1354/1198 917/1115 1440/1046
f 1440/1046 917/1115 1429/1045
f 1362/1199 951/1015 1386/1054
f 1386/1054 951/1015 912/1040
f 2192/1200 656/442 2195/1201
f 2195/1201 656/442 684/441
f 1368/1202 956/1016 1362/1199
f 1362/1199 956/1016 951/1015
f 2195/1201 1368/1202 2192/1200
f 2192/1200 1368/1202 1362/1199
f 956/1016 1368/1202 914/1042
f 914/1042 1368/1202 1387/1203
f 1370/1204 958/1148 1706/1050
f 1706/1050 958/1148 1677/1049
f 1372/1205 1397/1206 966/1038
f 966/1038 1397/1206 963/1066
f 966/1038 902/1036 1372/1205
f 1372/1205 902/1036 1379/1207
f 1373/1208 1398/1075 967/1034
f 967/1034 1398/1075 964/1068
f 967/1034 901/1033 1373/1208
f 1373/1208 901/1033 1378/1058
f 968/1030 963/1066 1374/1209
f 1374/1209 963/1066 1397/1206
f 1374/1209 1377/1063 968/1030
f 968/1030 1377/1063 900/1029
f 1402/1210 1394/1057 979/1211
f 979/1211 1394/1057 959/1059
f 1405/1212 1008/1124 1350/1213
f 1350/1213 1008/1124 907/1214
f 2202/1215 1405/1212 2188/1216
f 2188/1216 1405/1212 1350/1213
f 1010/1088 944/1089 1406/1217
f 1406/1217 944/1089 1358/1218
f 1406/1217 1358/1218 2203/1219
f 2203/1219 1358/1218 2191/1220
f 2209/1221 2200/1222 208/1223
f 208/1223 2200/1222 880/1224
f 2200/1222 2209/1221 1374/1209
f 1374/1209 2209/1221 1377/1063
f 209/1225 881/1226 2210/1227
f 2210/1227 881/1226 2199/1228
f 2210/1227 2199/1228 1378/1058
f 1378/1058 2199/1228 1373/1208
f 216/1229 877/1230 2211/1231
f 2211/1231 877/1230 2198/1232
f 2211/1231 2198/1232 1379/1207
f 1379/1207 2198/1232 1372/1205
f 1457/1233 261/1234 1473/1235
f 1473/1235 261/1234 1152/1236
f 285/1237 1444/417 656/442
f 656/442 1444/417 1453/423
f 2217/1238 285/1237 2192/1200
f 2192/1200 285/1237 656/442
f 684/441 1469/439 297/1239
f 297/1239 1469/439 1446/440
f 2192/1200 1362/1199 2217/1238
f 2217/1238 1362/1199 1386/1054
f 297/1239 2218/1240 684/441
f 684/441 2218/1240 2195/1201
f 2218/1240 1387/1203 2195/1201
f 2195/1201 1387/1203 1368/1202
f 1636/1241 1711/685 624/1242
f 624/1242 1711/685 1451/690
f 2223/1243 636/1244 2217/1238
f 2217/1238 636/1244 285/1237
f 2223/1243 1393/1053 2189/1245
f 2189/1245 1393/1053 1352/1197
f 1452/415 636/1244 1447/667
f 1447/667 636/1244 309/670
f 636/1244 2223/1243 309/670
f 309/670 2223/1243 2189/1245
f 636/1244 1452/415 285/1237
f 285/1237 1452/415 1444/417
f 2217/1238 1386/1054 2223/1243
f 2223/1243 1386/1054 1393/1053
f 2201/1246 2224/1247 1402/1210
f 1402/1210 2224/1247 1394/1057
f 838/1248 209/1225 2224/1247
f 2224/1247 209/1225 2210/1227
f 2224/1247 2210/1227 1394/1057
f 1394/1057 2210/1227 1378/1058
f 2209/1221 2225/1249 1377/1063
f 1377/1063 2225/1249 1395/1062
f 2227/1250 2200/1222 1397/1206
f 1397/1206 2200/1222 1374/1209
f 2227/1250 2198/1232 864/1251
f 864/1251 2198/1232 877/1230
f 864/1251 880/1224 2227/1250
f 2227/1250 880/1224 2200/1222
f 2198/1232 2227/1250 1372/1205
f 1372/1205 2227/1250 1397/1206
f 2228/1252 2199/1228 865/1253
f 865/1253 2199/1228 881/1226
f 2199/1228 2228/1252 1373/1208
f 1373/1208 2228/1252 1398/1075
f 2229/1254 2212/1255 1399/1073
f 1399/1073 2212/1255 1380/1074
f 2229/1254 2228/1252 878/1256
f 878/1256 2228/1252 865/1253
f 878/1256 217/1257 2229/1254
f 2229/1254 217/1257 2212/1255
f 2228/1252 2229/1254 1398/1075
f 1398/1075 2229/1254 1399/1073
f 893/1258 216/1229 2230/1259
f 2230/1259 216/1229 2211/1231
f 2231/1260 894/1261 2207/1262
f 2207/1262 894/1261 180/1263
f 2207/1262 1375/1081 2231/1260
f 2231/1260 1375/1081 1401/1080
f 2231/1260 2212/1255 894/1261
f 894/1261 2212/1255 217/1257
f 2231/1260 1401/1080 2212/1255
f 2212/1255 1401/1080 1380/1074
f 982/1264 1457/1233 1198/1265
f 1198/1265 1457/1233 1473/1235
f 2233/1266 2215/1267 1404/1082
f 1404/1082 2215/1267 1383/1083
f 1809/1268 1054/1269 1813/1270
f 1813/1270 1054/1269 1204/1271
f 2235/1272 2221/1273 1410/1096
f 1410/1096 2221/1273 1391/1097
f 1104/1274 364/1275 2235/1272
f 2235/1272 364/1275 2221/1273
f 2238/1276 1440/1046 2219/1277
f 2219/1277 1440/1046 1388/1044
f 2239/1278 2220/1279 1422/1280
f 1422/1280 2220/1279 334/1281
f 2190/1282 1354/1198 2238/1276
f 2238/1276 1354/1198 1440/1046
f 2220/1279 2239/1278 1389/1110
f 1389/1110 2239/1278 1441/1106
f 1422/1280 261/1234 2239/1278
f 2239/1278 261/1234 2216/1283
f 1480/1284 1384/1107 2240/1285
f 2240/1285 1384/1107 2216/1283
f 2239/1278 2216/1283 1441/1106
f 1441/1106 2216/1283 1384/1107
f 2240/1285 2216/1283 1457/1233
f 1457/1233 2216/1283 261/1234
f 1480/1284 1404/1082 1472/1121
f 1472/1121 1404/1082 1009/1084
f 2240/1285 2233/1266 1480/1284
f 1480/1284 2233/1266 1404/1082
f 1384/1107 1480/1284 910/1108
f 910/1108 1480/1284 1472/1121
f 2233/1266 2240/1285 982/1264
f 982/1264 2240/1285 1457/1233
f 2241/1286 1481/1287 2202/1215
f 2202/1215 1481/1287 1405/1212
f 1455/1122 1481/1287 919/1043
f 919/1043 1481/1287 1388/1044
f 1481/1287 2241/1286 1388/1044
f 1388/1044 2241/1286 2219/1277
f 1481/1287 1455/1122 1405/1212
f 1405/1212 1455/1122 1008/1124
f 1482/1288 1406/1217 2242/1289
f 2242/1289 1406/1217 2203/1219
f 2242/1289 2203/1219 1450/1290
f 1450/1290 2203/1219 994/1291
f 1482/1288 1389/1110 1456/1128
f 1456/1128 1389/1110 920/1105
f 2242/1289 2220/1279 1482/1288
f 1482/1288 2220/1279 1389/1110
f 1406/1217 1482/1288 1010/1088
f 1010/1088 1482/1288 1456/1128
f 2220/1279 2242/1289 334/1281
f 334/1281 2242/1289 1450/1290
f 1530/1292 1371/1293 1516/1138
f 1516/1138 1371/1293 962/1137
f 2245/1294 2197/1295 1530/1292
f 1530/1292 2197/1295 1371/1293
f 1376/1296 1530/1292 898/1297
f 898/1297 1530/1292 1516/1138
f 2226/1298 2246/1299 1396/1144
f 1396/1144 2246/1299 1531/1143
f 1506/1300 845/1301 1524/1302
f 1524/1302 845/1301 1183/1303
f 2246/1299 2226/1298 1506/1300
f 1506/1300 2226/1298 845/1301
f 2248/1304 1704/1305 2196/1306
f 2196/1306 1704/1305 1370/1204
f 2248/1304 1660/671 2189/1245
f 2189/1245 1660/671 309/670
f 2249/1307 1648/1308 2196/1306
f 2196/1306 1648/1308 696/672
f 1676/1147 1704/1305 915/1055
f 915/1055 1704/1305 1352/1197
f 1704/1305 2248/1304 1352/1197
f 1352/1197 2248/1304 2189/1245
f 1704/1305 1676/1147 1370/1204
f 1370/1204 1676/1147 958/1148
f 2196/1306 696/672 2248/1304
f 2248/1304 696/672 1660/671
f 2249/1307 1706/1050 2222/1309
f 2222/1309 1706/1050 1392/1048
f 1712/688 1648/1308 1451/690
f 1451/690 1648/1308 624/1242
f 1648/1308 2249/1307 624/1242
f 624/1242 2249/1307 2222/1309
f 1648/1308 1712/688 696/672
f 696/672 1712/688 1454/669
f 1707/1310 2250/1311 1392/1048
f 1392/1048 2250/1311 2222/1309
f 2196/1306 1370/1204 2249/1307
f 2249/1307 1370/1204 1706/1050
f 2250/1311 1636/1241 2222/1309
f 2222/1309 1636/1241 624/1242
f 1707/1310 1673/1156 1354/1198
f 1354/1198 1673/1156 917/1115
f 2250/1311 1707/1310 2190/1282
f 2190/1282 1707/1310 1354/1198
f 1392/1048 946/1047 1707/1310
f 1707/1310 946/1047 1673/1156
f 1805/1159 1058/1160 1818/1312
f 1818/1312 1058/1160 1407/1313
f 1818/1312 1407/1313 2252/1314
f 2252/1314 1407/1313 2234/1315
f 2252/1314 2234/1315 1809/1268
f 1809/1268 2234/1315 1054/1269
f 1806/1162 1817/1316 1059/1164
f 1059/1164 1817/1316 1408/1317
f 1817/1316 2253/1318 1408/1317
f 1408/1317 2253/1318 2204/1319
f 2254/1320 2235/1272 1885/1321
f 1885/1321 2235/1272 1410/1096
f 1885/1321 1841/1169 1633/1322
f 1633/1322 1841/1169 1622/1168
f 1885/1321 1633/1322 2254/1320
f 2254/1320 1633/1322 2247/1323
f 1885/1321 1410/1096 1841/1169
f 1841/1169 1410/1096 1107/1098
f 2235/1272 2254/1320 1104/1274
f 1104/1274 2254/1320 1839/1324
f 1971/1177 1981/1325 1120/1178
f 1120/1178 1981/1325 1412/1326
f 1981/1325 2256/1327 1412/1326
f 1412/1326 2256/1327 2206/1328
f 2257/1329 1999/1330 2206/1328
f 2206/1328 1999/1330 1412/1326
f 1982/1331 2017/1196 1970/1188
f 1970/1188 2017/1196 2028/1193
f 1993/1179 1999/1330 1806/1162
f 1806/1162 1999/1330 1817/1316
f 1999/1330 2257/1329 1817/1316
f 1817/1316 2257/1329 2253/1318
f 1999/1330 1993/1179 1412/1326
f 1412/1326 1993/1179 1120/1178
f 1411/1332 1982/1331 1119/1185
f 1119/1185 1982/1331 1970/1188
f 1982/1331 1411/1332 2258/1333
f 2258/1333 1411/1332 2205/1334
f 2259/1335 2205/1334 2000/1336
f 2000/1336 2205/1334 1411/1332
f 2258/1333 2205/1334 1957/897
f 1957/897 2205/1334 1111/898
f 2259/1335 2252/1314 1962/1337
f 1962/1337 2252/1314 1809/1268
f 1992/1186 1805/1159 2000/1336
f 2000/1336 1805/1159 1818/1312
f 2000/1336 1818/1312 2259/1335
f 2259/1335 1818/1312 2252/1314
f 2000/1336 1411/1332 1992/1186
f 1992/1186 1411/1332 1119/1185
f 2034/1338 1349/1339 2260/1340
f 2260/1340 1349/1339 2187/1341
f 2205/1334 2259/1335 1111/898
f 1111/898 2259/1335 1962/1337
f 2261/1342 2258/1333 2011/1343
f 2011/1343 2258/1333 1957/897
f 2034/1338 1981/1325 2029/1191
f 2029/1191 1981/1325 1971/1177
f 2260/1340 2256/1327 2034/1338
f 2034/1338 2256/1327 1981/1325
f 2258/1333 2261/1342 1982/1331
f 1982/1331 2261/1342 2017/1196
f 2011/1343 259/1344 2261/1342
f 2261/1342 259/1344 2214/1345
f 2261/1342 2214/1345 2017/1196
f 2017/1196 2214/1345 1382/1195
f 179/342 1136/1346 887/334
f 887/334 1136/1346 1191/1347
f 1138/1348 161/591 1176/290
f 1176/290 161/591 765/289
f 1139/1349 166/583 1178/1350
f 1178/1350 166/583 780/612
f 201/1351 1506/1300 1140/1352
f 1140/1352 1506/1300 1524/1302
f 209/1225 838/1248 1142/1353
f 1142/1353 838/1248 1181/1354
f 1143/1355 210/325 1191/1347
f 1191/1347 210/325 887/334
f 1344/1094 1338/1095 1151/1356
f 1151/1356 1338/1095 1053/737
f 1151/1356 1053/737 1277/734
f 1277/734 1053/737 1274/733
f 1160/1357 338/802 1414/395
f 1414/395 338/802 1356/396
f 1167/1358 1129/1359 716/226
f 716/226 1129/1359 139/233
f 1167/1358 716/226 1127/1360
f 1127/1360 716/226 124/228
f 2263/1361 188/1362 2278/1363
f 2278/1363 188/1362 736/1364
f 1169/1365 730/247 1137/1366
f 1137/1366 730/247 134/249
f 2278/1363 1169/1365 2263/1361
f 2263/1361 1169/1365 1137/1366
f 730/247 1169/1365 124/228
f 124/228 1169/1365 1127/1360
f 2279/1367 748/1368 2263/1361
f 2263/1361 748/1368 188/1362
f 745/265 1171/1369 134/249
f 134/249 1171/1369 1137/1366
f 1171/1369 2279/1367 1137/1366
f 1137/1366 2279/1367 2263/1361
f 1171/1369 745/265 1125/282
f 1125/282 745/265 112/266
f 831/295 139/233 1180/1370
f 1180/1370 139/233 1129/1359
f 831/295 1180/1370 809/292
f 809/292 1180/1370 1179/291
f 855/608 1184/1371 775/601
f 775/601 1184/1371 1177/600
f 2283/1372 2269/1373 1187/1374
f 1187/1374 2269/1373 1144/1375
f 2269/1373 2283/1372 216/1229
f 216/1229 2283/1372 877/1230
f 878/1256 865/1253 1187/1374
f 1187/1374 865/1253 1186/1376
f 1187/1374 1186/1376 2283/1372
f 2283/1372 1186/1376 2282/1377
f 1187/1374 1144/1375 878/1256
f 878/1256 1144/1375 217/1257
f 1188/1378 871/318 1143/1355
f 1143/1355 871/318 210/325
f 2283/1372 2282/1377 877/1230
f 877/1230 2282/1377 864/1251
f 871/318 1188/1378 866/320
f 866/320 1188/1378 1185/332
f 2284/1379 1188/1378 2268/1380
f 2268/1380 1188/1378 1143/1355
f 2285/1381 2282/1377 1189/1382
f 1189/1382 2282/1377 1186/1376
f 2268/1380 211/556 2284/1379
f 2284/1379 211/556 872/555
f 2282/1377 2285/1381 864/1251
f 864/1251 2285/1381 880/1224
f 881/1226 209/1225 1189/1382
f 1189/1382 209/1225 1142/1353
f 1189/1382 1142/1353 2285/1381
f 2285/1381 1142/1353 2267/1383
f 1189/1382 1186/1376 881/1226
f 881/1226 1186/1376 865/1253
f 2285/1381 2267/1383 880/1224
f 880/1224 2267/1383 208/1223
f 894/1261 217/1257 1192/1384
f 1192/1384 217/1257 1144/1375
f 1192/1384 1144/1375 2286/1385
f 2286/1385 1144/1375 2269/1373
f 1192/1384 1135/1386 894/1261
f 894/1261 1135/1386 180/1263
f 2286/1385 2269/1373 893/1258
f 893/1258 2269/1373 216/1229
f 1194/1387 1058/1160 2125/1092
f 2125/1092 1058/1160 2156/1093
f 1195/1388 2160/1389 1059/1164
f 1059/1164 2160/1389 2124/1163
f 1196/1390 974/345 1182/225
f 1182/225 974/345 839/224
f 1015/849 1057/850 1200/1391
f 1200/1391 1057/850 1155/1392
f 1200/1391 1155/1392 2292/1393
f 2292/1393 1155/1392 2273/1394
f 2298/1395 185/1396 2279/1367
f 2279/1367 185/1396 748/1368
f 2279/1367 1171/1369 2298/1395
f 2298/1395 1171/1369 1125/282
f 187/1397 2300/1398 736/1364
f 736/1364 2300/1398 2278/1363
f 2300/1398 1127/1360 2278/1363
f 2278/1363 1127/1360 1169/1365
f 187/1397 125/1399 722/1400
f 722/1400 125/1399 717/1401
f 2300/1398 187/1397 2277/1402
f 2277/1402 187/1397 722/1400
f 2277/1402 1167/1358 2300/1398
f 2300/1398 1167/1358 1127/1360
f 190/1403 2302/1404 722/1400
f 722/1400 2302/1404 2277/1402
f 2302/1404 2280/1405 1129/1359
f 1129/1359 2280/1405 1180/1370
f 190/1403 140/1406 825/1407
f 825/1407 140/1406 820/1408
f 2302/1404 190/1403 2280/1405
f 2280/1405 190/1403 825/1407
f 722/1400 717/1401 190/1403
f 190/1403 717/1401 140/1406
f 2277/1402 2302/1404 1167/1358
f 1167/1358 2302/1404 1129/1359
f 181/1409 2308/1410 893/1258
f 893/1258 2308/1410 2286/1385
f 2286/1385 2308/1410 1192/1384
f 1192/1384 2308/1410 1135/1386
f 248/1411 245/1412 1824/1413
f 1824/1413 245/1412 1856/1414
f 1520/496 1517/497 248/1411
f 248/1411 1517/497 245/1412
f 2219/1277 262/1415 2238/1276
f 2238/1276 262/1415 1417/1416
f 264/1417 2025/1418 2187/1341
f 2187/1341 2025/1418 2260/1340
f 321/1419 1448/687 1636/1241
f 1636/1241 1448/687 1711/685
f 2190/1282 321/1419 2250/1311
f 2250/1311 321/1419 1636/1241
f 321/1419 2190/1282 1417/1416
f 1417/1416 2190/1282 2238/1276
f 327/1420 328/828 1642/623
f 1642/623 328/828 1643/622
f 327/1420 1642/623 1313/1421
f 1313/1421 1642/623 1701/651
f 327/1420 1424/1422 328/828
f 328/828 1424/1422 1423/830
f 990/686 322/1423 1680/638
f 1680/638 322/1423 1637/639
f 322/1423 990/686 2322/1424
f 2322/1424 990/686 2291/1425
f 2322/1424 2291/1425 1164/1426
f 1164/1426 2291/1425 1199/1427
f 2324/1428 725/1429 2299/1430
f 2299/1430 725/1429 186/1431
f 2299/1430 1126/213 2324/1428
f 2324/1428 1126/213 1168/242
f 725/1429 2324/1428 713/1432
f 713/1432 2324/1428 2323/1433
f 2325/1434 737/1435 2301/1436
f 2301/1436 737/1435 189/1437
f 2324/1428 1168/242 2323/1433
f 2323/1433 1168/242 1166/243
f 2301/1436 1128/215 2325/1434
f 2325/1434 1128/215 1170/212
f 737/1435 2325/1434 186/1431
f 186/1431 2325/1434 2299/1430
f 2326/1438 749/1439 2305/1440
f 2305/1440 749/1439 193/1441
f 2325/1434 1170/212 2299/1430
f 2299/1430 1170/212 1126/213
f 2305/1440 1132/258 2326/1438
f 2326/1438 1132/258 1172/256
f 749/1439 2326/1438 189/1437
f 189/1437 2326/1438 2301/1436
f 760/1442 2327/1443 196/1444
f 196/1444 2327/1443 2306/1445
f 2326/1438 1172/256 2301/1436
f 2301/1436 1172/256 1128/215
f 2327/1443 1173/280 2306/1445
f 2306/1445 1173/280 1133/221
f 2327/1443 760/1442 2298/1395
f 2298/1395 760/1442 185/1396
f 2328/1446 761/1447 2307/1448
f 2307/1448 761/1447 197/1449
f 2298/1395 1125/282 2327/1443
f 2327/1443 1125/282 1173/280
f 2307/1448 1134/276 2328/1446
f 2328/1446 1134/276 1174/274
f 761/1447 2328/1446 193/1441
f 193/1441 2328/1446 2305/1440
f 2329/1450 772/1451 2306/1445
f 2306/1445 772/1451 196/1444
f 2328/1446 1174/274 2305/1440
f 2305/1440 1174/274 1132/258
f 2329/1450 1175/219 2303/1452
f 2303/1452 1175/219 1130/217
f 767/1453 772/1451 144/1454
f 144/1454 772/1451 191/1455
f 772/1451 2329/1450 191/1455
f 191/1455 2329/1450 2303/1452
f 772/1451 767/1453 196/1444
f 196/1444 767/1453 169/1456
f 2330/1457 773/1458 2264/1459
f 2264/1459 773/1458 194/1460
f 2306/1445 1133/221 2329/1450
f 2329/1450 1133/221 1175/219
f 2264/1459 1138/1348 2330/1457
f 2330/1457 1138/1348 1176/290
f 773/1458 2330/1457 197/1449
f 197/1449 2330/1457 2307/1448
f 2330/1457 1176/290 2307/1448
f 2307/1448 1176/290 1134/276
f 2331/1461 2281/1462 785/1463
f 785/1463 2281/1462 854/1464
f 2331/1461 1177/600 2281/1462
f 2281/1462 1177/600 1184/1371
f 2332/1465 784/1466 2265/1467
f 2265/1467 784/1466 195/1468
f 825/1407 820/1408 794/1469
f 794/1469 820/1408 789/1470
f 2265/1467 1139/1349 2332/1465
f 2332/1465 1139/1349 1178/1350
f 2333/1471 1179/291 2280/1405
f 2280/1405 1179/291 1180/1370
f 2333/1471 794/1469 2323/1433
f 2323/1433 794/1469 713/1432
f 794/1469 2333/1471 825/1407
f 825/1407 2333/1471 2280/1405
f 2225/1249 2209/1221 837/1472
f 837/1472 2209/1221 208/1223
f 2323/1433 1166/243 2333/1471
f 2333/1471 1166/243 1179/291
f 837/1472 208/1223 2334/1473
f 2334/1473 208/1223 2267/1383
f 2334/1473 2267/1383 1181/1354
f 1181/1354 2267/1383 1142/1353
f 841/545 840/1474 205/547
f 205/547 840/1474 204/1475
f 840/1474 2335/1476 204/1475
f 204/1475 2335/1476 2309/1477
f 840/1474 841/545 975/1478
f 975/1478 841/545 976/568
f 2335/1476 1182/225 2309/1477
f 2309/1477 1182/225 1141/223
f 872/555 873/552 867/1479
f 867/1479 873/552 868/557
f 867/1479 2337/1480 872/555
f 872/555 2337/1480 2284/1379
f 2337/1480 1185/332 2284/1379
f 2284/1379 1185/332 1188/1378
f 2309/1477 1141/223 2338/1481
f 2338/1481 1141/223 1190/331
f 884/561 883/1482 868/557
f 868/557 883/1482 867/1479
f 883/1482 2338/1481 867/1479
f 867/1479 2338/1481 2337/1480
f 883/1482 884/561 204/1475
f 204/1475 884/561 205/547
f 2338/1481 883/1482 2309/1477
f 2309/1477 883/1482 204/1475
f 2339/1483 888/1484 2268/1380
f 2268/1380 888/1484 211/556
f 2338/1481 1190/331 2337/1480
f 2337/1480 1190/331 1185/332
f 2262/1485 2339/1483 1136/1346
f 1136/1346 2339/1483 1191/1347
f 889/562 888/1484 183/565
f 183/565 888/1484 184/1486
f 2339/1483 2262/1485 888/1484
f 888/1484 2262/1485 184/1486
f 888/1484 889/562 211/556
f 211/556 889/562 212/554
f 2268/1380 1143/1355 2339/1483
f 2339/1483 1143/1355 1191/1347
f 1313/1421 1701/651 918/1487
f 918/1487 1701/651 1672/654
f 983/1488 2202/1215 263/1489
f 263/1489 2202/1215 2188/1216
f 2215/1267 2233/1266 260/1490
f 260/1490 2233/1266 982/1264
f 1156/1491 260/1490 1198/1265
f 1198/1265 260/1490 982/1264
f 335/1492 1423/830 336/1493
f 336/1493 1423/830 1424/1422
f 335/1492 336/1493 2344/1494
f 2344/1494 336/1493 2319/1495
f 1989/1496 2257/1329 1116/1497
f 1116/1497 2257/1329 2206/1328
f 2344/1494 2319/1495 1208/825
f 1208/825 2319/1495 1159/826
f 2346/1498 1237/1499 2270/1500
f 2270/1500 1237/1499 257/1501
f 2346/1498 1277/734 100/1502
f 100/1502 1277/734 77/732
f 1271/449 1237/1499 71/456
f 71/456 1237/1499 29/1503
f 1237/1499 2346/1498 29/1503
f 29/1503 2346/1498 100/1502
f 1237/1499 1271/449 257/1501
f 257/1501 1271/449 981/451
f 2270/1500 1151/1356 2346/1498
f 2346/1498 1151/1356 1277/734
f 2347/1504 1346/1505 2320/1506
f 2320/1506 1346/1505 1161/1507
f 2320/1506 327/1420 2347/1504
f 2347/1504 327/1420 1313/1421
f 1314/790 1346/1505 921/398
f 921/398 1346/1505 1193/397
f 1346/1505 2347/1504 1193/397
f 1193/397 2347/1504 2340/1508
f 1346/1505 1314/790 1161/1507
f 1161/1507 1314/790 339/791
f 2347/1504 1313/1421 2340/1508
f 2340/1508 1313/1421 918/1487
f 1335/1120 1286/1509 981/451
f 981/451 1286/1509 257/1501
f 2160/1389 1345/1510 2124/1163
f 2124/1163 1345/1510 1339/1023
f 1286/1509 2349/1511 257/1501
f 257/1501 2349/1511 2270/1500
f 2349/1511 1344/1094 2270/1500
f 2270/1500 1344/1094 1151/1356
f 1347/1512 1204/1271 1205/1513
f 1205/1513 1204/1271 1054/1269
f 1355/1514 2352/1515 918/1487
f 918/1487 2352/1515 2340/1508
f 2352/1515 1414/395 2340/1508
f 2340/1508 1414/395 1193/397
f 1355/1514 1705/662 326/1516
f 326/1516 1705/662 1641/664
f 2352/1515 1355/1514 2274/1517
f 2274/1517 1355/1514 326/1516
f 918/1487 1672/654 1355/1514
f 1355/1514 1672/654 1705/662
f 2274/1517 1160/1357 2352/1515
f 2352/1515 1160/1357 1414/395
f 1415/1518 1407/1313 1194/1387
f 1194/1387 1407/1313 1058/1160
f 2353/1519 1415/1518 2287/1520
f 2287/1520 1415/1518 1194/1387
f 2287/1520 909/1085 2353/1519
f 2353/1519 909/1085 1383/1083
f 1413/1521 1195/1388 1408/1317
f 1408/1317 1195/1388 1059/1164
f 2354/1522 2288/1523 1413/1521
f 1413/1521 2288/1523 1195/1388
f 2355/1524 1436/1525 2319/1495
f 2319/1495 1436/1525 1159/826
f 2288/1523 2354/1522 907/1214
f 907/1214 2354/1522 1350/1213
f 2355/1524 1424/1422 2320/1506
f 2320/1506 1424/1422 327/1420
f 2356/1526 1435/1527 2318/1528
f 2318/1528 1435/1527 1158/1529
f 1425/807 1436/1525 339/791
f 339/791 1436/1525 1161/1507
f 1436/1525 2355/1524 1161/1507
f 1161/1507 2355/1524 2320/1506
f 1436/1525 1425/807 1159/826
f 1159/826 1425/807 337/808
f 2319/1495 336/1493 2355/1524
f 2355/1524 336/1493 1424/1422
f 2356/1526 1417/1416 2315/1530
f 2315/1530 1417/1416 262/1415
f 1435/1527 1152/1236 1422/1280
f 1422/1280 1152/1236 261/1234
f 1435/1527 2356/1526 1152/1236
f 1152/1236 2356/1526 2315/1530
f 1158/1529 1435/1527 334/1281
f 334/1281 1435/1527 1422/1280
f 2357/1531 1443/1532 2341/1533
f 2341/1533 1443/1532 983/1488
f 2318/1528 321/1419 2356/1526
f 2356/1526 321/1419 1417/1416
f 2341/1533 1198/1265 2357/1531
f 2357/1531 1198/1265 1473/1235
f 2241/1286 1443/1532 2219/1277
f 2219/1277 1443/1532 262/1415
f 1443/1532 2357/1531 262/1415
f 262/1415 2357/1531 2315/1530
f 1443/1532 2241/1286 983/1488
f 983/1488 2241/1286 2202/1215
f 1474/1534 1199/1427 2358/1535
f 2358/1535 1199/1427 2291/1425
f 2357/1531 1473/1235 2315/1530
f 2315/1530 1473/1235 1152/1236
f 2358/1535 2291/1425 1448/687
f 1448/687 2291/1425 990/686
f 1474/1534 1158/1529 1450/1290
f 1450/1290 1158/1529 334/1281
f 1474/1534 2358/1535 1158/1529
f 1158/1529 2358/1535 2318/1528
f 1199/1427 1474/1534 994/1291
f 994/1291 1474/1534 1450/1290
f 2358/1535 1448/687 2318/1528
f 2318/1528 1448/687 321/1419
f 2359/1536 2336/1537 1500/1538
f 1500/1538 2336/1537 1183/1303
f 1525/1539 2360/1540 1150/1541
f 1150/1541 2360/1540 2314/1542
f 2360/1540 1520/496 2314/1542
f 2314/1542 1520/496 248/1411
f 1525/1539 1519/485 1203/1543
f 1203/1543 1519/485 1044/530
f 2360/1540 1525/1539 2295/1544
f 2295/1544 1525/1539 1203/1543
f 1150/1541 247/487 1525/1539
f 1525/1539 247/487 1519/485
f 2295/1544 1045/494 2360/1540
f 2360/1540 1045/494 1520/496
f 2336/1537 2361/1545 1183/1303
f 1183/1303 2361/1545 1524/1302
f 1512/1546 200/1547 2361/1545
f 2361/1545 200/1547 2266/1548
f 1512/1546 846/1549 2245/1294
f 2245/1294 846/1549 2197/1295
f 2361/1545 2336/1537 1512/1546
f 1512/1546 2336/1537 846/1549
f 1554/1550 2362/1551 1203/1543
f 1203/1543 2362/1551 2295/1544
f 2361/1545 2266/1548 1524/1302
f 1524/1302 2266/1548 1140/1352
f 2362/1551 1539/1552 2295/1544
f 2295/1544 1539/1552 1045/494
f 1554/1550 1538/528 1147/1553
f 1147/1553 1538/528 231/577
f 2362/1551 1554/1550 2312/1554
f 2312/1554 1554/1550 1147/1553
f 1203/1543 1044/530 1554/1550
f 1554/1550 1044/530 1538/528
f 1581/1555 2363/1556 1147/1553
f 1147/1553 2363/1556 2312/1554
f 2312/1554 232/1557 2362/1551
f 2362/1551 232/1557 1539/1552
f 2363/1556 1569/1558 2312/1554
f 2312/1554 1569/1558 232/1557
f 1581/1555 1568/575 1139/1349
f 1139/1349 1568/575 166/583
f 2363/1556 1581/1555 2265/1467
f 2265/1467 1581/1555 1139/1349
f 1147/1553 231/577 1581/1555
f 1581/1555 231/577 1568/575
f 2265/1467 195/1468 2363/1556
f 2363/1556 195/1468 1569/1558
f 2364/1559 2331/1461 1590/1560
f 1590/1560 2331/1461 785/1463
f 2364/1559 1599/598 2331/1461
f 2331/1461 1599/598 1177/600
f 1585/1561 144/1454 1590/1560
f 1590/1560 144/1454 191/1455
f 2364/1559 1590/1560 2303/1452
f 2303/1452 1590/1560 191/1455
f 1590/1560 785/1463 1585/1561
f 1585/1561 785/1463 776/1562
f 1598/1563 2365/1564 1178/1350
f 1178/1350 2365/1564 2332/1465
f 2303/1452 1130/217 2364/1559
f 2364/1559 1130/217 1599/598
f 2365/1564 1589/1565 2332/1465
f 2332/1465 1589/1565 784/1466
f 1598/1563 1593/610 1138/1348
f 1138/1348 1593/610 161/591
f 2365/1564 1598/1563 2264/1459
f 2264/1459 1598/1563 1138/1348
f 1178/1350 780/612 1598/1563
f 1598/1563 780/612 1593/610
f 2264/1459 194/1460 2365/1564
f 2365/1564 194/1460 1589/1565
f 1824/1413 1856/1414 1605/1566
f 1605/1566 1856/1414 1603/1567
f 1778/1568 1155/1392 1775/999
f 1775/999 1155/1392 1057/850
f 2368/1569 2273/1394 1778/1568
f 1778/1568 2273/1394 1155/1392
f 2273/1394 2368/1569 282/927
f 282/927 2368/1569 1731/928
f 2253/1318 1802/1570 2204/1319
f 2204/1319 1802/1570 1055/1571
f 1802/1570 2369/1572 1055/1571
f 1055/1571 2369/1572 2342/1573
f 1802/1570 2253/1318 1989/1496
f 1989/1496 2253/1318 2257/1329
f 2369/1572 1813/1270 2342/1573
f 2342/1573 1813/1270 1204/1271
f 1846/1574 2371/1575 1627/1576
f 1627/1576 2371/1575 2366/1577
f 1879/1578 1857/768 1627/1576
f 1627/1576 1857/768 1604/759
f 2371/1575 1824/1413 2366/1577
f 2366/1577 1824/1413 1605/1566
f 1846/1574 1823/757 1150/1541
f 1150/1541 1823/757 247/487
f 2371/1575 1846/1574 2314/1542
f 2314/1542 1846/1574 1150/1541
f 1627/1576 1604/759 1846/1574
f 1846/1574 1604/759 1823/757
f 2314/1542 248/1411 2371/1575
f 2371/1575 248/1411 1824/1413
f 1915/829 1423/830 1897/1579
f 1897/1579 1423/830 335/1492
f 1897/1579 335/1492 2372/1580
f 2372/1580 335/1492 2344/1494
f 2372/1580 2344/1494 1914/1581
f 1914/1581 2344/1494 1208/825
f 1962/1337 1809/1268 1996/1582
f 1996/1582 1809/1268 1813/1270
f 2374/1583 1989/1496 2345/1584
f 2345/1584 1989/1496 1116/1497
f 2374/1583 1996/1582 2369/1572
f 2369/1572 1996/1582 1813/1270
f 1996/1582 1209/900 1962/1337
f 1962/1337 1209/900 1111/898
f 2374/1583 2345/1584 1996/1582
f 1996/1582 2345/1584 1209/900
f 2369/1572 1802/1570 2374/1583
f 2374/1583 1802/1570 1989/1496
f 1967/1585 1116/1497 2256/1327
f 2256/1327 1116/1497 2206/1328
f 2375/1586 2345/1584 1967/1585
f 1967/1585 2345/1584 1116/1497
f 2025/1418 1967/1585 2260/1340
f 2260/1340 1967/1585 2256/1327
f 2032/1587 1976/899 2376/1588
f 2376/1588 1976/899 2375/1586
f 2345/1584 2375/1586 1209/900
f 1209/900 2375/1586 1976/899
f 2011/1343 1957/897 2032/1587
f 2032/1587 1957/897 1976/899
f 2376/1588 2375/1586 2025/1418
f 2025/1418 2375/1586 1967/1585
f 2377/1589 2368/1569 2098/1590
f 2098/1590 2368/1569 1778/1568
f 2378/1591 2134/1592 2287/1520
f 2287/1520 2134/1592 909/1085
f 2378/1591 2125/1092 2349/1511
f 2349/1511 2125/1092 1344/1094
f 2111/1593 907/1214 2154/1125
f 2154/1125 907/1214 1008/1124
f 2153/1118 2134/1592 1335/1120
f 1335/1120 2134/1592 1286/1509
f 2134/1592 2378/1591 1286/1509
f 1286/1509 2378/1591 2349/1511
f 2134/1592 2153/1118 909/1085
f 909/1085 2153/1118 1009/1084
f 2287/1520 1194/1387 2378/1591
f 2378/1591 1194/1387 2125/1092
f 2288/1523 2379/1594 1195/1388
f 1195/1388 2379/1594 2160/1389
f 2379/1594 2288/1523 2111/1593
f 2111/1593 2288/1523 907/1214
f 1308/1007 2111/1593 1336/463
f 1336/463 2111/1593 2154/1125
f 2111/1593 1308/1007 2379/1594
f 2379/1594 1308/1007 2348/1595
f 2379/1594 2348/1595 2160/1389
f 2160/1389 2348/1595 1345/1510
f 2354/1522 2380/1596 1350/1213
f 1350/1213 2380/1596 2188/1216
f 2236/1597 1413/1521 2204/1319
f 2204/1319 1413/1521 1408/1317
f 2380/1596 2354/1522 2236/1597
f 2236/1597 2354/1522 1413/1521
f 1153/1598 2236/1597 1055/1571
f 1055/1571 2236/1597 2204/1319
f 2237/1599 2381/1600 1205/1513
f 1205/1513 2381/1600 2343/1601
f 2381/1600 2215/1267 2343/1601
f 2343/1601 2215/1267 260/1490
f 2237/1599 2234/1315 1415/1518
f 1415/1518 2234/1315 1407/1313
f 2381/1600 2237/1599 2353/1519
f 2353/1519 2237/1599 1415/1518
f 1205/1513 1054/1269 2237/1599
f 2237/1599 1054/1269 2234/1315
f 2353/1519 1383/1083 2381/1600
f 2381/1600 1383/1083 2215/1267
f 1269/344 69/1602 1257/304
f 1257/304 69/1602 55/305
f 971/1603 836/298 1270/346
f 1270/346 836/298 1256/300
f 2232/1604 2225/1249 972/1605
f 972/1605 2225/1249 837/1472
f 973/1606 838/1248 2201/1246
f 2201/1246 838/1248 2224/1247
f 2152/1607 2144/1064 980/1608
f 980/1608 2144/1064 960/1061
f 192/1609 854/1464 2304/1610
f 2304/1610 854/1464 2281/1462
f 2388/1611 2387/1612 976/568
f 976/568 2387/1612 975/1478
f 2388/1611 148/1613 2387/1612
f 2387/1612 148/1613 192/1609
f 1513/1134 199/1614 1528/1133
f 1528/1133 199/1614 1279/1615
f 2109/1145 2169/1140 899/1616
f 899/1616 2169/1140 1515/1141
f 1197/1617 1181/1354 973/1606
f 973/1606 1181/1354 838/1248
f 2392/1618 1197/1617 2384/1619
f 2384/1619 1197/1617 973/1606
f 2384/1619 201/1351 2392/1618
f 2392/1618 201/1351 1140/1352
f 1184/1371 855/608 1131/1620
f 1131/1620 855/608 147/1621
f 1131/1620 147/1621 2393/1622
f 2393/1622 147/1621 2386/1623
f 1131/1620 2304/1610 1184/1371
f 1184/1371 2304/1610 2281/1462
f 2394/1624 1223/1625 2382/1626
f 2382/1626 1223/1625 177/1004
f 2393/1622 2386/1623 1196/1390
f 1196/1390 2386/1623 974/345
f 2382/1626 971/1603 2394/1624
f 2394/1624 971/1603 1270/346
f 1526/480 1223/1625 82/489
f 82/489 1223/1625 16/1627
f 1223/1625 2394/1624 16/1627
f 16/1627 2394/1624 102/1628
f 1223/1625 1526/480 177/1004
f 177/1004 1526/480 1511/482
f 2394/1624 1270/346 102/1628
f 102/1628 1270/346 70/347
f 2395/1629 101/1630 1269/344
f 1269/344 101/1630 69/1602
f 1218/1631 147/1621 1259/604
f 1259/604 147/1621 855/608
f 2395/1629 2386/1623 1218/1631
f 1218/1631 2386/1623 147/1621
f 2386/1623 2395/1629 974/345
f 974/345 2395/1629 1269/344
f 1299/501 1334/1632 843/499
f 843/499 1334/1632 978/523
f 1334/1632 2396/1633 978/523
f 978/523 2396/1633 2390/1634
f 1334/1632 1299/501 2152/1607
f 2152/1607 1299/501 2144/1064
f 2396/1633 1279/1615 2390/1634
f 2390/1634 1279/1615 199/1614
f 1333/1635 1298/352 971/1603
f 971/1603 1298/352 836/298
f 2397/1636 1333/1635 2382/1626
f 2382/1626 1333/1635 971/1603
f 2382/1626 177/1004 2397/1636
f 2397/1636 177/1004 1306/1005
f 899/1616 1515/1141 1348/1637
f 1348/1637 1515/1141 1531/1143
f 1348/1637 2398/1638 899/1616
f 899/1616 2398/1638 2391/1639
f 2398/1638 1402/1210 2391/1639
f 2391/1639 1402/1210 979/1211
f 1395/1062 1403/1640 960/1061
f 960/1061 1403/1640 980/1608
f 1403/1640 2399/1641 980/1608
f 980/1608 2399/1641 2385/1642
f 1403/1640 1395/1062 2232/1604
f 2232/1604 1395/1062 2225/1249
f 2400/1643 1532/1644 2389/1645
f 2389/1645 1532/1644 198/1646
f 2399/1641 1376/1296 2385/1642
f 2385/1642 1376/1296 898/1297
f 2389/1645 977/521 2400/1643
f 2400/1643 977/521 1549/522
f 1532/1644 2400/1643 199/1614
f 199/1614 2400/1643 2390/1634
f 2401/1647 1558/1648 2388/1611
f 2388/1611 1558/1648 148/1613
f 2400/1643 1549/522 2390/1634
f 2390/1634 1549/522 978/523
f 2388/1611 976/568 2401/1647
f 2401/1647 976/568 1580/567
f 1558/1648 2401/1647 198/1646
f 198/1646 2401/1647 2389/1645
f 2151/1649 2402/1650 979/1211
f 979/1211 2402/1650 2391/1639
f 2401/1647 1580/567 2389/1645
f 2389/1645 1580/567 977/521
f 2397/1636 1306/1005 2402/1650
f 2402/1650 1306/1005 2109/1145
f 2127/1651 2168/1136 1279/1615
f 1279/1615 2168/1136 1528/1133
f 2151/1649 2143/1060 1333/1635
f 1333/1635 2143/1060 1298/352
f 2402/1650 2151/1649 2397/1636
f 2397/1636 2151/1649 1333/1635
f 979/1211 959/1059 2151/1649
f 2151/1649 959/1059 2143/1060
f 2402/1650 2109/1145 2391/1639
f 2391/1639 2109/1145 899/1616
f 2403/1652 2152/1607 2385/1642
f 2385/1642 2152/1607 980/1608
f 2403/1652 2127/1651 2396/1633
f 2396/1633 2127/1651 1279/1615
f 898/1297 1516/1138 2127/1651
f 2127/1651 1516/1138 2168/1136
f 2127/1651 2403/1652 898/1297
f 898/1297 2403/1652 2385/1642
f 2186/1653 2246/1299 201/1351
f 201/1351 2246/1299 1506/1300
f 2396/1633 1334/1632 2403/1652
f 2403/1652 1334/1632 2152/1607
f 2404/1654 2201/1246 2398/1638
f 2398/1638 2201/1246 1402/1210
f 2404/1654 2186/1653 2384/1619
f 2384/1619 2186/1653 201/1351
f 1348/1637 1531/1143 2186/1653
f 2186/1653 1531/1143 2246/1299
f 2186/1653 2404/1654 1348/1637
f 1348/1637 2404/1654 2398/1638
f 2208/1655 2245/1294 1376/1296
f 1376/1296 2245/1294 1530/1292
f 2384/1619 973/1606 2404/1654
f 2404/1654 973/1606 2201/1246
f 2405/1656 2232/1604 2383/1657
f 2383/1657 2232/1604 972/1605
f 2405/1656 2208/1655 2399/1641
f 2399/1641 2208/1655 1376/1296
f 200/1547 1512/1546 2208/1655
f 2208/1655 1512/1546 2245/1294
f 2208/1655 2405/1656 200/1547
f 200/1547 2405/1656 2383/1657
f 2406/1658 2393/1622 2289/1659
f 2289/1659 2393/1622 1196/1390
f 2399/1641 1403/1640 2405/1656
f 2405/1656 1403/1640 2232/1604
f 2406/1658 2387/1612 2304/1610
f 2304/1610 2387/1612 192/1609
f 2335/1476 840/1474 2289/1659
f 2289/1659 840/1474 975/1478
f 2289/1659 975/1478 2406/1658
f 2406/1658 975/1478 2387/1612
f 2289/1659 1196/1390 2335/1476
f 2335/1476 1196/1390 1182/225
f 2407/1660 2290/1661 2392/1618
f 2392/1618 2290/1661 1197/1617
f 2393/1622 2406/1658 1131/1620
f 1131/1620 2406/1658 2304/1610
f 2392/1618 1140/1352 2407/1660
f 2407/1660 1140/1352 2266/1548
f 2334/1473 2290/1661 837/1472
f 837/1472 2290/1661 972/1605
f 2290/1661 2407/1660 972/1605
f 972/1605 2407/1660 2383/1657
f 2290/1661 2334/1473 1197/1617
f 1197/1617 2334/1473 1181/1354
f 2407/1660 2266/1548 2383/1657
f 2383/1657 2266/1548 200/1547
f 2037/1662 2093/1663 1714/1664
f 1714/1664 2093/1663 1762/1665
f 1714/1664 1760/980 2037/1662
f 2037/1662 1760/980 2091/979
f 2038/1666 2089/973 1716/920
f 1716/920 2089/973 1758/921
f 2041/1667 1720/925 2097/1668
f 2097/1668 1720/925 1772/926
f 2042/1669 1725/1670 2093/1663
f 2093/1663 1725/1670 1762/1665
f 1728/1671 2044/1672 1788/998
f 1788/998 2044/1672 2102/997
f 2044/1672 1728/1671 2101/1673
f 2101/1673 1728/1671 1786/1674
f 1731/928 2048/1675 1782/721
f 1782/721 2048/1675 2099/996
f 2048/1675 1731/928 2377/1589
f 2377/1589 1731/928 2368/1569
f 2049/1676 2038/1666 1756/929
f 1756/929 2038/1666 1716/920
f 1756/929 1718/931 2049/1676
f 2049/1676 1718/931 2039/1677
f 1757/934 2050/1678 1755/936
f 1755/936 2050/1678 2088/1679
f 2050/1678 1757/934 2072/976
f 2072/976 1757/934 1721/713
f 1764/1680 2051/1681 1719/955
f 1719/955 2051/1681 2040/1682
f 2051/1681 1764/1680 2042/1669
f 2042/1669 1764/1680 1725/1670
f 1766/1683 2052/1684 1772/926
f 1772/926 2052/1684 2097/1668
f 2053/1685 1768/937 2088/1679
f 2088/1679 1768/937 1755/936
f 1769/940 2054/1686 1718/931
f 1718/931 2054/1686 2039/1677
f 2054/1686 1769/940 2053/1685
f 2053/1685 1769/940 1768/937
f 1774/1687 2057/1688 1786/1674
f 1786/1674 2057/1688 2101/1673
f 1775/999 2058/1689 1778/1568
f 1778/1568 2058/1689 2098/1590
f 2059/1690 1776/941 2106/1691
f 2106/1691 1776/941 1985/942
f 1784/1692 2060/1693 1774/1687
f 1774/1687 2060/1693 2057/1688
f 2060/1693 1784/1692 2046/1694
f 2046/1694 1784/1692 1729/1695
f 2061/1696 2055/1697 1785/946
f 1785/946 2055/1697 1770/948
f 1785/946 1771/947 2061/1696
f 2061/1696 1771/947 2056/1698
f 1787/950 1727/951 2062/1699
f 2062/1699 1727/951 2043/1700
f 2062/1699 2056/1698 1787/950
f 1787/950 2056/1698 1771/947
f 1789/952 1720/925 2063/1701
f 2063/1701 1720/925 2041/1667
f 2063/1701 2043/1700 1789/952
f 1789/952 2043/1700 1727/951
f 2064/1702 1790/1703 2096/991
f 2096/991 1790/1703 1767/992
f 1790/1703 2064/1702 1723/990
f 1723/990 2064/1702 2074/989
f 1791/953 2065/1704 1766/1683
f 1766/1683 2065/1704 2052/1684
f 2065/1704 1791/953 2040/1682
f 2040/1682 1791/953 1719/955
f 2067/1705 1795/958 2080/995
f 2080/995 1795/958 1739/719
f 1795/958 2067/1705 1742/960
f 1742/960 2067/1705 2081/1706
f 2068/1707 1796/962 2081/1706
f 2081/1706 1796/962 1742/960
f 1796/962 2068/1707 1754/964
f 1754/964 2068/1707 2087/1708
f 2069/1709 1797/966 2087/1708
f 2087/1708 1797/966 1754/964
f 1797/966 2069/1709 1737/701
f 1737/701 2069/1709 2079/968
f 1820/1000 2103/1710 1775/999
f 1775/999 2103/1710 2058/1689
f 1889/1711 2104/1712 1729/1695
f 1729/1695 2104/1712 2046/1694
f 2104/1712 1889/1711 2066/1713
f 2066/1713 1889/1711 1792/1714
f 1984/1001 2107/1715 1820/1000
f 1820/1000 2107/1715 2103/1710
f 2107/1715 1984/1001 2059/1690
f 2059/1690 1984/1001 1776/941
f 2108/1716 2035/1003 2047/1717
f 2047/1717 2035/1003 1730/1718
f 2035/1003 2108/1716 1985/942
f 1985/942 2108/1716 2106/1691
f 2458/1719 2082/967 2455/1720
f 2455/1720 2082/967 2079/968
f 2453/1721 2077/969 2458/1719
f 2458/1719 2077/969 2082/967
f 2459/1722 2083/970 2453/1721
f 2453/1721 2083/970 2077/969
f 2461/1723 2086/972 2459/1722
f 2459/1722 2086/972 2083/970
f 2454/1724 2078/971 2461/1723
f 2461/1723 2078/971 2086/972
f 2464/1725 2447/1726 2089/973
f 2089/973 2447/1726 2071/974
f 2448/1727 2072/976 2465/1728
f 2465/1728 2072/976 2090/977
f 2465/1728 2090/977 2449/1729
f 2449/1729 2090/977 2073/978
f 2447/1726 2466/1730 2071/974
f 2071/974 2466/1730 2091/979
f 2449/1729 2073/978 2467/1731
f 2467/1731 2073/978 2092/981
f 2467/1731 2092/981 2446/1732
f 2446/1732 2092/981 2070/983
f 2446/1732 2070/983 2469/1733
f 2469/1733 2070/983 2094/985
f 2469/1733 2094/985 2452/1734
f 2452/1734 2094/985 2076/987
f 2452/1734 2076/987 2470/1735
f 2470/1735 2076/987 2095/988
f 2470/1735 2095/988 2450/1736
f 2450/1736 2095/988 2074/989
f 2471/1737 2096/991 2451/1738
f 2451/1738 2096/991 2075/993
f 2456/1739 2080/995 2474/1740
f 2474/1740 2080/995 2099/996
f 2451/1738 2075/993 2477/1741
f 2477/1741 2075/993 2102/997
f 2479/1742 2377/1589 2473/1743
f 2473/1743 2377/1589 2098/1590
f 263/1489 2316/1744 983/1488
f 983/1488 2316/1744 2341/1533
f 2316/1744 1156/1491 2341/1533
f 2341/1533 1156/1491 1198/1265
f 2350/1745 2343/1601 1156/1491
f 1156/1491 2343/1601 260/1490
f 2380/1596 2271/1746 2188/1216
f 2188/1216 2271/1746 263/1489
f 2271/1746 2572/1747 263/1489
f 263/1489 2572/1747 2316/1744
f 2271/1746 2380/1596 1153/1598
f 1153/1598 2380/1596 2236/1597
f 2351/1748 1153/1598 2342/1573
f 2342/1573 1153/1598 1055/1571
f 2572/1747 2350/1745 2316/1744
f 2316/1744 2350/1745 1156/1491
f 2350/1745 1347/1512 2343/1601
f 2343/1601 1347/1512 1205/1513
f 2350/1745 2572/1747 1347/1512
f 1347/1512 2572/1747 2351/1748
f 2572/1747 2271/1746 2351/1748
f 2351/1748 2271/1746 1153/1598
f 1347/1512 2351/1748 1204/1271
f 1204/1271 2351/1748 2342/1573
f 1366/1749 954/1750 1387/1203
f 1387/1203 954/1750 914/1042
f 2194/1751 1366/1749 2218/1240
f 2218/1240 1366/1749 1387/1203
f 680/1752 2194/1751 297/1239
f 297/1239 2194/1751 2218/1240
f 1467/1753 680/1752 1446/440
f 1446/440 680/1752 297/1239
f 2117/1754 2137/1041 954/1750
f 954/1750 2137/1041 914/1042
f 1324/1755 1290/1012 2117/1754
f 2117/1754 1290/1012 2137/1041
f 682/1756 303/446 1324/1755
f 1324/1755 303/446 1290/1012
f 1468/1757 1458/447 682/1756
f 682/1756 1458/447 303/446
f 1003/1758 986/448 1468/1757
f 1468/1757 986/448 1458/447
f 1351/384 1365/1759 298/386
f 298/386 1365/1759 672/1760
f 681/1761 1323/1762 299/373
f 299/373 1323/1762 1309/372
f 679/1763 681/1761 308/822
f 308/822 681/1761 299/373
f 953/1764 913/382 1323/1762
f 1323/1762 913/382 1309/372
f 1365/1759 1351/384 953/1764
f 953/1764 1351/384 913/382
f 890/1765 1579/563 182/1766
f 182/1766 1579/563 1557/564
f 213/514 1560/553 890/1765
f 890/1765 1560/553 1579/563
f 890/1765 1548/1767 213/514
f 213/514 1548/1767 1534/513
f 230/1768 229/1769 184/1486
f 2213/1770 1381/1771 2207/1262
f 2207/1262 1381/1771 1375/1081
f 1400/1772 1379/1207 969/1773
f 969/1773 1379/1207 902/1036
f 2132/1774 1284/1775 2126/1078
f 2126/1078 1284/1775 1278/357
f 1284/1775 224/1776 1278/357
f 1278/357 224/1776 178/341
f 225/1777 179/342 896/1778
f 896/1778 179/342 895/572
f 1566/1779 1556/570 224/1776
f 224/1776 1556/570 178/341
f 896/1778 895/572 1566/1779
f 1566/1779 895/572 1556/570
f 1145/1780 1136/1346 225/1777
f 225/1777 1136/1346 179/342
f 2310/1781 2262/1485 1145/1780
f 1145/1780 2262/1485 1136/1346
f 2310/1781 230/1768 2262/1485
f 2262/1485 230/1768 184/1486
f 184/1486 229/1769 183/565
f 1381/1771 904/1782 1375/1081
f 1375/1081 904/1782 897/1079
f 904/1782 2132/1774 897/1079
f 897/1079 2132/1774 2126/1078
f 2573/1783 224/1776 2132/1774
f 2132/1774 224/1776 1284/1775
f 226/1784 180/1263 1146/1785
f 1146/1785 180/1263 1135/1386
f 226/1784 2213/1770 180/1263
f 180/1263 2213/1770 2207/1262
f 2311/1786 1146/1785 2308/1410
f 2308/1410 1146/1785 1135/1386
f 2230/1259 2211/1231 1400/1772
f 1400/1772 2211/1231 1379/1207
f 2185/1787 181/1409 2230/1259
f 2230/1259 181/1409 893/1258
f 2580/1788 1400/1772 2149/1789
f 2149/1789 1400/1772 969/1773
f 2149/1789 969/1773 2130/1035
f 2130/1035 969/1773 902/1036
f 2580/1788 2185/1787 1400/1772
f 1400/1772 2185/1787 2230/1259
f 2185/1787 227/1790 181/1409
f 2311/1786 2308/1410 227/1790
f 227/1790 2308/1410 181/1409
f 2580/1788 227/1790 2185/1787
f 2578/1791 2573/1783 904/1782
f 904/1782 2573/1783 2132/1774
f 2579/1792 226/1784 2311/1786
f 2311/1786 226/1784 1146/1785
f 1304/1793 2149/1789 1282/1019
f 1282/1019 2149/1789 2130/1035
f 214/515 1534/513 891/1794
f 891/1794 1534/513 1548/1767
f 891/1794 1304/1793 214/515
f 214/515 1304/1793 1282/1019
f 891/1794 2584/1795 1304/1793
f 1548/1767 1535/1796 891/1794
f 890/1765 1535/1796 1548/1767
f 228/1797 1535/1796 182/1766
f 182/1766 1535/1796 890/1765
f 1567/1798 228/1797 1557/564
f 1557/564 228/1797 182/1766
f 229/1769 1567/1798 183/565
f 183/565 1567/1798 1557/564
f 2574/1799 225/1777 896/1778
f 2576/1800 1145/1780 2574/1799
f 2574/1799 1145/1780 225/1777
f 2577/1801 2310/1781 2576/1800
f 2576/1800 2310/1781 1145/1780
f 2577/1801 229/1769 2310/1781
f 2310/1781 229/1769 230/1768
f 2577/1801 2587/1802 229/1769
f 229/1769 2587/1802 1567/1798
f 2594/1803 2577/1801 2593/1804
f 2593/1804 2577/1801 2576/1800
f 2591/1805 2590/1806 2594/1803
f 2594/1803 2590/1806 2595/1807
f 2574/1799 896/1778 2575/1808
f 2575/1808 896/1778 1566/1779
f 2593/1804 2592/1809 2594/1803
f 2594/1803 2592/1809 2591/1805
f 2593/1804 2576/1800 2592/1809
f 2592/1809 2576/1800 2574/1799
f 2586/1810 228/1797 2587/1802
f 2587/1802 228/1797 1567/1798
f 2595/1807 2587/1802 2594/1803
f 2594/1803 2587/1802 2577/1801
f 2599/1811 2595/1807 2589/1812
f 2589/1812 2595/1807 2590/1806
f 2586/1810 2587/1802 2599/1811
f 2599/1811 2587/1802 2595/1807
f 2585/1813 2584/1795 1535/1796
f 1535/1796 2584/1795 891/1794
f 2586/1810 2585/1813 228/1797
f 228/1797 2585/1813 1535/1796
f 2581/1814 2149/1789 2584/1795
f 2584/1795 2149/1789 1304/1793
f 2585/1813 2581/1814 2584/1795
f 2588/1815 2602/1816 2601/1817
f 2586/1810 2599/1811 2602/1816
f 2602/1816 2599/1811 2601/1817
f 2602/1816 2603/1818 2586/1810
f 2586/1810 2603/1818 2585/1813
f 2601/1817 2599/1811 2588/1815
f 2588/1815 2599/1811 2589/1812
f 2600/1819 2588/1815 2589/1812
f 2580/1788 2149/1789 2582/1820
f 2582/1820 2149/1789 2581/1814
f 2603/1818 2604/1821 2585/1813
f 2585/1813 2604/1821 2581/1814
f 2604/1821 2603/1818 2588/1815
f 2588/1815 2603/1818 2602/1816
f 2605/1822 2604/1821 2600/1819
f 2600/1819 2604/1821 2588/1815
f 2605/1822 2582/1820 2604/1821
f 2604/1821 2582/1820 2581/1814
f 2583/1823 227/1790 2582/1820
f 2582/1820 227/1790 2580/1788
f 2600/1819 2589/1812 2596/1824
f 2596/1824 2589/1812 2590/1806
f 2606/1825 2583/1823 2605/1822
f 2605/1822 2583/1823 2582/1820
f 2596/1824 2606/1825 2600/1819
f 2600/1819 2606/1825 2605/1822
f 2597/1826 2596/1824 2591/1805
f 2591/1805 2596/1824 2590/1806
f 2579/1792 2311/1786 2583/1823
f 2583/1823 2311/1786 227/1790
f 2607/1827 2606/1825 2597/1826
f 2597/1826 2606/1825 2596/1824
f 2575/1808 1566/1779 2573/1783
f 2573/1783 1566/1779 224/1776
f 2598/1828 2597/1826 2592/1809
f 2592/1809 2597/1826 2591/1805
f 2592/1809 2574/1799 2598/1828
f 2598/1828 2574/1799 2575/1808
f 2579/1792 2583/1823 2607/1827
f 2607/1827 2583/1823 2606/1825
f 2608/1829 2598/1828 2575/1808
f 2578/1791 904/1782 2213/1770
f 2213/1770 904/1782 1381/1771
f 2579/1792 2578/1791 226/1784
f 226/1784 2578/1791 2213/1770
f 2608/1829 2575/1808 2578/1791
f 2578/1791 2575/1808 2573/1783
f 2578/1791 2579/1792 2608/1829
f 2608/1829 2579/1792 2607/1827
f 2608/1829 2607/1827 2598/1828
f 2598/1828 2607/1827 2597/1826
f 384/1830 379/1831 385/1832
f 385/1832 379/1831 378/1833
f 396/1834 381/1835 397/1836
f 397/1836 381/1835 382/1837
f 398/1838 395/1839 397/1836
f 397/1836 395/1839 396/1834
f 399/1840 394/1841 398/1838
f 398/1838 394/1841 395/1839
f 400/1842 393/1843 399/1840
f 399/1840 393/1843 394/1841
f 2626/1844 451/885 2620/1845
f 2620/1845 451/885 426/887
f 2627/1846 2625/1847 452/886
f 452/886 2625/1847 427/888
f 383/1848 382/1837 380/1849
f 380/1849 382/1837 381/1835
f 2626/1844 2627/1846 451/885
f 451/885 2627/1846 452/886
f 383/1848 380/1849 384/1830
f 384/1830 380/1849 379/1831
f 2629/1850 381/1835 2621/1851
f 2621/1851 381/1835 396/1834
f 2631/1852 378/1833 2630/1853
f 2630/1853 378/1833 379/1831
f 940/349 506/1854 505/351
f 570/1855 569/399 506/1854
f 506/1854 569/399 505/351
f 533/1856 534/1857 400/1842
f 400/1842 534/1857 393/1843
f 426/887 427/888 533/1856
f 533/1856 427/888 534/1857
f 2625/1847 2634/1858 427/888
f 427/888 2634/1858 534/1857
f 2619/1859 401/1860 2635/1861
f 2635/1861 401/1860 570/1855
f 2636/1862 579/1863 2619/1859
f 2619/1859 579/1863 401/1860
f 2639/1864 2638/1865 580/1866
f 580/1866 2638/1865 579/1863
f 2641/1867 2639/1864 583/1868
f 583/1868 2639/1864 580/1866
f 2640/1869 2641/1867 582/1870
f 582/1870 2641/1867 583/1868
f 2611/1871 385/1832 2642/1872
f 2642/1872 385/1832 592/1873
f 582/1870 583/1868 599/1874
f 599/1874 583/1868 598/1875
f 580/1866 606/1876 583/1868
f 583/1868 606/1876 598/1875
f 591/1877 592/1873 378/1833
f 378/1833 592/1873 385/1832
f 591/1877 597/1878 592/1873
f 592/1873 597/1878 596/1879
f 597/1878 582/1870 596/1879
f 596/1879 582/1870 599/1874
f 569/399 570/1855 502/1880
f 502/1880 570/1855 401/1860
f 502/1880 501/617 569/399
f 569/399 501/617 567/400
f 2638/1865 2657/1881 579/1863
f 579/1863 2657/1881 401/1860
f 587/1882 588/88 555/84
f 555/84 588/88 554/85
f 2647/1883 591/1877 2631/1852
f 2631/1852 591/1877 378/1833
f 555/84 572/82 587/1882
f 587/1882 572/82 586/104
f 943/1884 942/201 520/1885
f 520/1885 942/201 509/200
f 2616/1886 2615/1887 399/1840
f 399/1840 2615/1887 400/1842
f 2616/1886 2660/1888 2615/1887
f 2615/1887 2660/1888 2659/1889
f 2616/1886 399/1840 2617/1890
f 2617/1890 399/1840 398/1838
f 397/1836 2618/1891 398/1838
f 398/1838 2618/1891 2617/1890
f 395/1839 2622/1892 396/1834
f 396/1834 2622/1892 2621/1851
f 2663/1893 446/880 2662/1894
f 2662/1894 446/880 445/884
f 394/1841 2623/1895 395/1839
f 395/1839 2623/1895 2622/1892
f 2623/1895 2663/1893 2622/1892
f 2622/1892 2663/1893 2662/1894
f 2624/1896 393/1843 2634/1858
f 2634/1858 393/1843 534/1857
f 393/1843 2624/1896 394/1841
f 394/1841 2624/1896 2623/1895
f 2624/1896 2664/1897 2623/1895
f 2623/1895 2664/1897 2663/1893
f 2628/1898 2630/1853 380/1849
f 380/1849 2630/1853 379/1831
f 2663/1893 2664/1897 446/880
f 446/880 2664/1897 447/881
f 501/617 469/1899 1428/615
f 1428/615 469/1899 557/618
f 2628/1898 380/1849 2629/1850
f 2629/1850 380/1849 381/1835
f 557/618 469/1899 556/840
f 556/840 469/1899 468/842
f 562/57 491/1900 561/58
f 561/58 491/1900 487/1901
f 2667/1902 2666/1903 491/1900
f 491/1900 2666/1903 487/1901
f 491/1900 562/57 492/64
f 492/64 562/57 563/61
f 2666/1903 2667/1902 469/1899
f 469/1899 2667/1902 468/842
f 544/879 1956/843 453/1904
f 453/1904 1956/843 468/842
f 2669/1905 2667/1902 492/64
f 492/64 2667/1902 491/1900
f 544/879 453/1904 545/1906
f 545/1906 453/1904 454/1907
f 2669/1905 2668/1908 453/1904
f 453/1904 2668/1908 454/1907
f 453/1904 468/842 2669/1905
f 2669/1905 468/842 2667/1902
f 496/1909 564/62 494/60
f 494/60 564/62 563/61
f 2668/1908 2669/1905 493/63
f 493/63 2669/1905 492/64
f 456/1910 2671/1911 457/45
f 457/45 2671/1911 497/46
f 496/1909 494/60 497/46
f 497/46 494/60 495/48
f 376/1912 525/59 487/1901
f 487/1901 525/59 561/58
f 456/1910 548/882 455/1913
f 455/1913 548/882 547/883
f 456/1910 455/1913 2671/1911
f 2671/1911 455/1913 2670/1914
f 456/1910 457/45 548/882
f 548/882 457/45 549/51
f 2670/1914 496/1909 2671/1911
f 2671/1911 496/1909 497/46
f 376/1912 487/1901 2672/1915
f 2672/1915 487/1901 2666/1903
f 2666/1903 469/1899 2672/1915
f 2672/1915 469/1899 501/617
f 568/66 503/1916 524/67
f 524/67 503/1916 375/108
f 503/1916 568/66 376/1912
f 376/1912 568/66 525/59
f 503/1916 376/1912 2673/1917
f 2673/1917 376/1912 2672/1915
f 943/1884 2632/1918 2654/1919
f 2672/1915 501/617 2673/1917
f 2673/1917 501/617 502/1880
f 2632/1918 2635/1861 506/1854
f 506/1854 2635/1861 570/1855
f 2632/1918 506/1854 2654/1919
f 2654/1919 506/1854 940/349
f 2674/1920 2632/1918 520/1885
f 520/1885 2632/1918 943/1884
f 2675/1921 2668/1908 564/62
f 564/62 2668/1908 493/63
f 546/1922 545/1906 454/1907
f 546/1922 454/1907 2675/1921
f 2675/1921 454/1907 2668/1908
f 546/1922 455/1913 547/883
f 546/1922 2675/1921 455/1913
f 455/1913 2675/1921 2670/1914
f 2670/1914 2675/1921 496/1909
f 496/1909 2675/1921 564/62
f 2633/1923 533/1856 2615/1887
f 2615/1887 533/1856 400/1842
f 2676/1924 2633/1923 2659/1889
f 2659/1889 2633/1923 2615/1887
f 533/1856 2633/1923 426/887
f 426/887 2633/1923 2620/1845
f 2659/1889 392/890 2676/1924
f 2676/1924 392/890 531/889
f 580/1866 579/1863 2637/1925
f 2637/1925 579/1863 2636/1862
f 596/1879 2643/1926 592/1873
f 592/1873 2643/1926 2642/1872
f 2678/1927 2679/1928 595/892
f 595/892 2679/1928 600/891
f 2645/1929 2643/1926 599/1874
f 599/1874 2643/1926 596/1879
f 2679/1928 2678/1927 2645/1929
f 2645/1929 2678/1927 2643/1926
f 599/1874 598/1875 2645/1929
f 2645/1929 598/1875 2644/1930
f 606/1876 580/1866 2646/1931
f 2646/1931 580/1866 2637/1925
f 2646/1931 2644/1930 606/1876
f 606/1876 2644/1930 598/1875
f 2646/1931 2637/1925 2680/1932
f 2680/1932 2637/1925 2677/1933
f 2648/1934 2640/1869 597/1878
f 597/1878 2640/1869 582/1870
f 2680/1932 2677/1933 605/1935
f 605/1935 2677/1933 577/1936
f 597/1878 591/1877 2648/1934
f 2648/1934 591/1877 2647/1883
f 2682/1937 612/1938 2673/1917
f 2673/1917 612/1938 503/1916
f 502/1880 401/1860 2649/1939
f 2649/1939 401/1860 2657/1881
f 2649/1939 2682/1937 502/1880
f 502/1880 2682/1937 2673/1917
f 531/889 532/34 424/1940
f 424/1940 532/34 425/32
f 424/1940 2687/1941 531/889
f 531/889 2687/1941 2676/1924
f 550/50 444/1942 549/51
f 549/51 444/1942 445/884
f 2687/1941 2620/1845 2676/1924
f 2676/1924 2620/1845 2633/1923
f 2688/1943 2662/1894 444/1942
f 444/1942 2662/1894 445/884
f 2688/1943 2621/1851 2662/1894
f 2662/1894 2621/1851 2622/1892
f 2010/895 239/1944 238/908
f 239/1944 449/209 238/908
f 424/1940 425/32 239/1944
f 239/1944 425/32 449/209
f 239/1944 2690/1945 424/1940
f 424/1940 2690/1945 2687/1941
f 544/879 353/1946 1958/851
f 2690/1945 2691/1947 2626/1844
f 2626/1844 2691/1947 2627/1846
f 2690/1945 2626/1844 2687/1941
f 2687/1941 2626/1844 2620/1845
f 2010/895 353/1946 239/1944
f 2691/1947 2690/1945 353/1946
f 353/1946 2690/1945 239/1944
f 353/1946 1113/853 1958/851
f 1958/851 1113/853 1987/852
f 353/1946 544/879 448/1948
f 448/1948 544/879 545/1906
f 353/1946 448/1948 2691/1947
f 2691/1947 448/1948 2689/1949
f 353/1946 2010/895 1113/853
f 459/1950 551/90 460/1951
f 460/1951 551/90 590/91
f 2691/1947 2689/1949 2627/1846
f 2627/1846 2689/1949 2625/1847
f 2665/1952 2628/1898 2692/1953
f 2692/1953 2628/1898 2629/1850
f 551/90 459/1950 550/50
f 550/50 459/1950 444/1942
f 459/1950 2692/1953 444/1942
f 444/1942 2692/1953 2688/1943
f 2692/1953 459/1950 2665/1952
f 2665/1952 459/1950 460/1951
f 463/1954 460/1951 589/87
f 589/87 460/1951 590/91
f 2692/1953 2629/1850 2688/1943
f 2688/1943 2629/1850 2621/1851
f 2693/1955 2665/1952 463/1954
f 463/1954 2665/1952 460/1951
f 2693/1955 2630/1853 2665/1952
f 2665/1952 2630/1853 2628/1898
f 465/1956 463/1954 588/88
f 588/88 463/1954 589/87
f 2694/1957 2693/1955 465/1956
f 465/1956 2693/1955 463/1954
f 543/1958 447/881 2695/1959
f 2695/1959 447/881 2664/1897
f 2694/1957 2631/1852 2693/1955
f 2693/1955 2631/1852 2630/1853
f 2664/1897 2624/1896 2695/1959
f 2695/1959 2624/1896 2634/1858
f 545/1906 543/1958 448/1948
f 2695/1959 2689/1949 543/1958
f 543/1958 2689/1949 448/1948
f 547/883 543/1958 546/1922
f 546/1922 543/1958 545/1906
f 543/1958 547/883 447/881
f 2696/1960 2674/1920 575/1961
f 575/1961 2674/1920 520/1885
f 2689/1949 2695/1959 2625/1847
f 2625/1847 2695/1959 2634/1858
f 2686/1962 2619/1859 2696/1960
f 2696/1960 2619/1859 2635/1861
f 571/79 402/77 575/1961
f 575/1961 402/77 511/1963
f 2696/1960 575/1961 2686/1962
f 2686/1962 575/1961 511/1963
f 520/1885 509/200 575/1961
f 575/1961 509/200 571/79
f 2697/1964 576/1965 2677/1933
f 2677/1933 576/1965 577/1936
f 2696/1960 2635/1861 2674/1920
f 2674/1920 2635/1861 2632/1918
f 2686/1962 2697/1964 2619/1859
f 2619/1859 2697/1964 2636/1862
f 576/1965 511/1963 412/76
f 412/76 511/1963 402/77
f 2697/1964 2686/1962 576/1965
f 576/1965 2686/1962 511/1963
f 412/76 513/80 576/1965
f 576/1965 513/80 577/1936
f 2697/1964 2677/1933 2636/1862
f 2636/1862 2677/1933 2637/1925
f 609/1966 377/106 610/1967
f 610/1967 377/106 510/107
f 2699/1968 609/1966 2698/1969
f 2698/1969 609/1966 610/1967
f 2698/1969 2638/1865 2699/1968
f 2699/1968 2638/1865 2639/1864
f 607/1970 581/1971 585/103
f 585/103 581/1971 586/104
f 2700/1972 2681/1973 607/1970
f 607/1970 2681/1973 581/1971
f 608/1974 609/1966 2701/1975
f 2701/1975 609/1966 2699/1968
f 2640/1869 2648/1934 2700/1972
f 2681/1973 2700/1972 2648/1934
f 593/1976 595/892 411/94
f 411/94 595/892 594/96
f 608/1974 607/1970 584/105
f 584/105 607/1970 585/103
f 2701/1975 2700/1972 608/1974
f 608/1974 2700/1972 607/1970
f 608/1974 584/105 609/1966
f 609/1966 584/105 377/106
f 2701/1975 2699/1968 2641/1867
f 2641/1867 2699/1968 2639/1864
f 2700/1972 2701/1975 2640/1869
f 2640/1869 2701/1975 2641/1867
f 2702/1977 2642/1872 2678/1927
f 2678/1927 2642/1872 2643/1926
f 578/1978 605/1935 577/1936
f 386/1979 593/1976 413/37
f 413/37 593/1976 411/94
f 2702/1977 2678/1927 593/1976
f 593/1976 2678/1927 595/892
f 2680/1932 2703/1980 2646/1931
f 2646/1931 2703/1980 2644/1930
f 578/1978 577/1936 410/98
f 410/98 577/1936 513/80
f 600/891 578/1978 601/99
f 601/99 578/1978 410/98
f 578/1978 600/891 2703/1980
f 2703/1980 600/891 2679/1928
f 2703/1980 2680/1932 578/1978
f 578/1978 2680/1932 605/1935
f 2704/1981 611/1982 2682/1937
f 2682/1937 611/1982 612/1938
f 2703/1980 2679/1928 2644/1930
f 2644/1930 2679/1928 2645/1929
f 2704/1981 2657/1881 2698/1969
f 2698/1969 2657/1881 2638/1865
f 375/108 611/1982 510/107
f 510/107 611/1982 610/1967
f 611/1982 2704/1981 610/1967
f 610/1967 2704/1981 2698/1969
f 611/1982 375/108 612/1938
f 612/1938 375/108 503/1916
f 2705/1983 2694/1957 2658/1984
f 2658/1984 2694/1957 465/1956
f 2682/1937 2649/1939 2704/1981
f 2704/1981 2649/1939 2657/1881
f 2705/1983 2681/1973 2647/1883
f 2647/1883 2681/1973 2648/1934
f 587/1882 586/104 2658/1984
f 2658/1984 586/104 581/1971
f 2658/1984 581/1971 2705/1983
f 2705/1983 581/1971 2681/1973
f 2658/1984 465/1956 587/1882
f 587/1882 465/1956 588/88
f 2694/1957 2705/1983 2631/1852
f 2631/1852 2705/1983 2647/1883
f 391/1985 419/75 392/890
f 392/890 419/75 423/72
f 541/176 530/42 418/1986
f 418/1986 530/42 419/75
f 2660/1888 2616/1886 2685/1987
f 2685/1987 2616/1886 2617/1890
f 2660/1888 391/1985 2659/1889
f 2659/1889 391/1985 392/890
f 418/1986 417/39 541/176
f 541/176 417/39 540/40
f 2685/1987 2706/1988 2660/1888
f 2660/1888 2706/1988 391/1985
f 2706/1988 390/1989 418/1986
f 418/1986 390/1989 417/39
f 2706/1988 418/1986 391/1985
f 391/1985 418/1986 419/75
f 389/1990 388/1991 416/28
f 416/28 388/1991 415/27
f 2618/1891 2661/1992 2617/1890
f 2617/1890 2661/1992 2685/1987
f 2612/1993 382/1837 2613/1994
f 2613/1994 382/1837 383/1848
f 416/28 417/39 389/1990
f 389/1990 417/39 390/1989
f 2612/1993 2618/1891 382/1837
f 382/1837 2618/1891 397/1836
f 2685/1987 2661/1992 2706/1988
f 2706/1988 2661/1992 390/1989
f 2661/1992 2707/1995 390/1989
f 390/1989 2707/1995 389/1990
f 2707/1995 2661/1992 2612/1993
f 2612/1993 2661/1992 2618/1891
f 387/1996 386/1979 414/36
f 414/36 386/1979 413/37
f 386/1979 2683/1997 593/1976
f 593/1976 2683/1997 2702/1977
f 2684/1998 2707/1995 2613/1994
f 2613/1994 2707/1995 2612/1993
f 414/36 415/27 387/1996
f 387/1996 415/27 388/1991
f 384/1830 2614/1999 383/1848
f 383/1848 2614/1999 2613/1994
f 2614/1999 384/1830 2611/1871
f 2611/1871 384/1830 385/1832
f 2684/1998 2708/2000 388/1991
f 388/1991 2708/2000 387/1996
f 2707/1995 2684/1998 389/1990
f 389/1990 2684/1998 388/1991
f 2708/2000 2614/1999 2683/1997
f 2683/1997 2614/1999 2611/1871
f 2683/1997 2611/1871 2702/1977
f 2702/1977 2611/1871 2642/1872
f 2683/1997 386/1979 2708/2000
f 2708/2000 386/1979 387/1996
f 2684/1998 2613/1994 2708/2000
f 2708/2000 2613/1994 2614/1999
f 2408/2001 2468/2002 2037/1662
f 2037/1662 2468/2002 2093/1663
f 2037/1662 2091/979 2408/2001
f 2408/2001 2091/979 2466/1730
f 2409/2003 2464/1725 2038/1666
f 2038/1666 2464/1725 2089/973
f 2412/2004 2041/1667 2472/2005
f 2472/2005 2041/1667 2097/1668
f 2413/2006 2042/1669 2468/2002
f 2468/2002 2042/1669 2093/1663
f 2044/1672 2415/2007 2102/997
f 2102/997 2415/2007 2477/1741
f 2415/2007 2044/1672 2476/2008
f 2476/2008 2044/1672 2101/1673
f 2419/2009 2048/1675 2479/1742
f 2479/1742 2048/1675 2377/1589
f 2048/1675 2419/2009 2099/996
f 2099/996 2419/2009 2474/1740
f 2420/2010 2409/2003 2049/1676
f 2049/1676 2409/2003 2038/1666
f 2049/1676 2039/1677 2420/2010
f 2420/2010 2039/1677 2410/2011
f 2050/1678 2421/2012 2088/1679
f 2088/1679 2421/2012 2463/2013
f 2421/2012 2050/1678 2448/1727
f 2448/1727 2050/1678 2072/976
f 2051/1681 2422/2014 2040/1682
f 2040/1682 2422/2014 2411/2015
f 2422/2014 2051/1681 2413/2006
f 2413/2006 2051/1681 2042/1669
f 2052/1684 2423/2016 2097/1668
f 2097/1668 2423/2016 2472/2005
f 2424/2017 2053/1685 2463/2013
f 2463/2013 2053/1685 2088/1679
f 2425/2018 2410/2011 2054/1686
f 2054/1686 2410/2011 2039/1677
f 2425/2018 2054/1686 2424/2017
f 2424/2017 2054/1686 2053/1685
f 2057/1688 2428/2019 2101/1673
f 2101/1673 2428/2019 2476/2008
f 2058/1689 2429/2020 2098/1590
f 2098/1590 2429/2020 2473/1743
f 2430/2021 2059/1690 2478/2022
f 2478/2022 2059/1690 2106/1691
f 2431/2023 2060/1693 2417/2024
f 2417/2024 2060/1693 2046/1694
f 2060/1693 2431/2023 2057/1688
f 2057/1688 2431/2023 2428/2019
f 2432/2025 2426/2026 2061/1696
f 2061/1696 2426/2026 2055/1697
f 2061/1696 2056/1698 2432/2025
f 2432/2025 2056/1698 2427/2027
f 2433/2028 2427/2027 2062/1699
f 2062/1699 2427/2027 2056/1698
f 2062/1699 2043/1700 2433/2028
f 2433/2028 2043/1700 2414/2029
f 2434/2030 2414/2029 2063/1701
f 2063/1701 2414/2029 2043/1700
f 2063/1701 2041/1667 2434/2030
f 2434/2030 2041/1667 2412/2004
f 2435/2031 2064/1702 2471/1737
f 2471/1737 2064/1702 2096/991
f 2064/1702 2435/2031 2074/989
f 2074/989 2435/2031 2450/1736
f 2065/1704 2436/2032 2052/1684
f 2052/1684 2436/2032 2423/2016
f 2436/2032 2065/1704 2411/2015
f 2411/2015 2065/1704 2040/1682
f 2067/1705 2438/2033 2081/1706
f 2081/1706 2438/2033 2457/2034
f 2438/2033 2067/1705 2456/1739
f 2456/1739 2067/1705 2080/995
f 2068/1707 2439/2035 2087/1708
f 2087/1708 2439/2035 2462/2036
f 2439/2035 2068/1707 2457/2034
f 2457/2034 2068/1707 2081/1706
f 2440/2037 2069/1709 2462/2036
f 2462/2036 2069/1709 2087/1708
f 2069/1709 2440/2037 2079/968
f 2079/968 2440/2037 2455/1720
f 2103/1710 2441/2038 2058/1689
f 2058/1689 2441/2038 2429/2020
f 2104/1712 2442/2039 2046/1694
f 2046/1694 2442/2039 2417/2024
f 2442/2039 2104/1712 2437/2040
f 2437/2040 2104/1712 2066/1713
f 2444/2041 2107/1715 2430/2021
f 2430/2021 2107/1715 2059/1690
f 2107/1715 2444/2041 2103/1710
f 2103/1710 2444/2041 2441/2038
f 2445/2042 2108/1716 2418/2043
f 2418/2043 2108/1716 2047/1717
f 2108/1716 2445/2042 2106/1691
f 2106/1691 2445/2042 2478/2022
f 2759/2044 2458/1719 2756/2045
f 2756/2045 2458/1719 2455/1720
f 2754/2046 2453/1721 2759/2044
f 2759/2044 2453/1721 2458/1719
f 2760/2047 2459/1722 2754/2046
f 2754/2046 2459/1722 2453/1721
f 2763/2048 2461/1723 2760/2047
f 2760/2047 2461/1723 2459/1722
f 2755/2049 2454/1724 2763/2048
f 2763/2048 2454/1724 2461/1723
f 2766/2050 2748/2051 2464/1725
f 2464/1725 2748/2051 2447/1726
f 2749/2052 2448/1727 2767/2053
f 2767/2053 2448/1727 2465/1728
f 2767/2053 2465/1728 2750/2054
f 2750/2054 2465/1728 2449/1729
f 2748/2051 2768/2055 2447/1726
f 2447/1726 2768/2055 2466/1730
f 2750/2054 2449/1729 2769/2056
f 2769/2056 2449/1729 2467/1731
f 2769/2056 2467/1731 2747/2057
f 2747/2057 2467/1731 2446/1732
f 2747/2057 2446/1732 2771/2058
f 2771/2058 2446/1732 2469/1733
f 2771/2058 2469/1733 2753/2059
f 2753/2059 2469/1733 2452/1734
f 2753/2059 2452/1734 2772/2060
f 2772/2060 2452/1734 2470/1735
f 2772/2060 2470/1735 2751/2061
f 2751/2061 2470/1735 2450/1736
f 2773/2062 2471/1737 2752/2063
f 2752/2063 2471/1737 2451/1738
f 2757/2064 2456/1739 2776/2065
f 2776/2065 2456/1739 2474/1740
f 2752/2063 2451/1738 2779/2066
f 2779/2066 2451/1738 2477/1741
f 2781/2067 2479/1742 2775/2068
f 2775/2068 2479/1742 2473/1743
f 2408/2001 2709/2069 2468/2002
f 2468/2002 2709/2069 2770/2070
f 2408/2001 2466/1730 2709/2069
f 2709/2069 2466/1730 2768/2055
f 2710/2071 2766/2050 2409/2003
f 2409/2003 2766/2050 2464/1725
f 2412/2004 2472/2005 2713/2072
f 2713/2072 2472/2005 2774/2073
f 2714/2074 2413/2006 2770/2070
f 2770/2070 2413/2006 2468/2002
f 2415/2007 2716/2075 2477/1741
f 2477/1741 2716/2075 2779/2066
f 2716/2075 2415/2007 2778/2076
f 2778/2076 2415/2007 2476/2008
f 2720/2077 2419/2009 2781/2067
f 2781/2067 2419/2009 2479/1742
f 2419/2009 2720/2077 2474/1740
f 2474/1740 2720/2077 2776/2065
f 2721/2078 2710/2071 2420/2010
f 2420/2010 2710/2071 2409/2003
f 2420/2010 2410/2011 2721/2078
f 2721/2078 2410/2011 2711/2079
f 2421/2012 2722/2080 2463/2013
f 2463/2013 2722/2080 2765/2081
f 2722/2080 2421/2012 2749/2052
f 2749/2052 2421/2012 2448/1727
f 2422/2014 2723/2082 2411/2015
f 2411/2015 2723/2082 2712/2083
f 2723/2082 2422/2014 2714/2074
f 2714/2074 2422/2014 2413/2006
f 2423/2016 2724/2084 2472/2005
f 2472/2005 2724/2084 2774/2073
f 2725/2085 2424/2017 2765/2081
f 2765/2081 2424/2017 2463/2013
f 2726/2086 2711/2079 2425/2018
f 2425/2018 2711/2079 2410/2011
f 2726/2086 2425/2018 2725/2085
f 2725/2085 2425/2018 2424/2017
f 2428/2019 2729/2087 2476/2008
f 2476/2008 2729/2087 2778/2076
f 2429/2020 2730/2088 2473/1743
f 2473/1743 2730/2088 2775/2068
f 2731/2089 2430/2021 2780/2090
f 2780/2090 2430/2021 2478/2022
f 2732/2091 2431/2023 2718/2092
f 2718/2092 2431/2023 2417/2024
f 2431/2023 2732/2091 2428/2019
f 2428/2019 2732/2091 2729/2087
f 2733/2093 2727/2094 2432/2025
f 2432/2025 2727/2094 2426/2026
f 2432/2025 2427/2027 2733/2093
f 2733/2093 2427/2027 2728/2095
f 2433/2028 2414/2029 2734/2096
f 2734/2096 2414/2029 2715/2097
f 2734/2096 2728/2095 2433/2028
f 2433/2028 2728/2095 2427/2027
f 2434/2030 2412/2004 2735/2098
f 2735/2098 2412/2004 2713/2072
f 2735/2098 2715/2097 2434/2030
f 2434/2030 2715/2097 2414/2029
f 2736/2099 2435/2031 2773/2062
f 2773/2062 2435/2031 2471/1737
f 2435/2031 2736/2099 2450/1736
f 2450/1736 2736/2099 2751/2061
f 2436/2032 2737/2100 2423/2016
f 2423/2016 2737/2100 2724/2084
f 2737/2100 2436/2032 2712/2083
f 2712/2083 2436/2032 2411/2015
f 2438/2033 2739/2101 2457/2034
f 2457/2034 2739/2101 2758/2102
f 2739/2101 2438/2033 2757/2064
f 2757/2064 2438/2033 2456/1739
f 2439/2035 2740/2103 2462/2036
f 2462/2036 2740/2103 2764/2104
f 2740/2103 2439/2035 2758/2102
f 2758/2102 2439/2035 2457/2034
f 2741/2105 2440/2037 2764/2104
f 2764/2104 2440/2037 2462/2036
f 2440/2037 2741/2105 2455/1720
f 2455/1720 2741/2105 2756/2045
f 2441/2038 2742/2106 2429/2020
f 2429/2020 2742/2106 2730/2088
f 2442/2039 2743/2107 2417/2024
f 2417/2024 2743/2107 2718/2092
f 2743/2107 2442/2039 2738/2108
f 2738/2108 2442/2039 2437/2040
f 2443/2109 2744/2110 2437/2040
f 2437/2040 2744/2110 2738/2108
f 2745/2111 2444/2041 2731/2089
f 2731/2089 2444/2041 2430/2021
f 2444/2041 2745/2111 2441/2038
f 2441/2038 2745/2111 2742/2106
f 2746/2112 2445/2042 2719/2113
f 2719/2113 2445/2042 2418/2043
f 2445/2042 2746/2112 2478/2022
f 2478/2022 2746/2112 2780/2090
f 2832/2114 2759/2044 2829/2115
f 2829/2115 2759/2044 2756/2045
f 2827/2116 2754/2046 2832/2114
f 2832/2114 2754/2046 2759/2044
f 2833/2117 2760/2047 2827/2116
f 2827/2116 2760/2047 2754/2046
f 2835/2118 2762/2119 2828/2120
f 2828/2120 2762/2119 2755/2049
f 2836/2121 2763/2048 2833/2117
f 2833/2117 2763/2048 2760/2047
f 2828/2120 2755/2049 2836/2121
f 2836/2121 2755/2049 2763/2048
f 2839/2122 2821/2123 2766/2050
f 2766/2050 2821/2123 2748/2051
f 2822/2124 2749/2052 2840/2125
f 2840/2125 2749/2052 2767/2053
f 2840/2125 2767/2053 2823/2126
f 2823/2126 2767/2053 2750/2054
f 2821/2123 2841/2127 2748/2051
f 2748/2051 2841/2127 2768/2055
f 2823/2126 2750/2054 2842/2128
f 2842/2128 2750/2054 2769/2056
f 2842/2128 2769/2056 2820/2129
f 2820/2129 2769/2056 2747/2057
f 2820/2129 2747/2057 2844/2130
f 2844/2130 2747/2057 2771/2058
f 2844/2130 2771/2058 2826/2131
f 2826/2131 2771/2058 2753/2059
f 2826/2131 2753/2059 2845/2132
f 2845/2132 2753/2059 2772/2060
f 2845/2132 2772/2060 2824/2133
f 2824/2133 2772/2060 2751/2061
f 2846/2134 2773/2062 2825/2135
f 2825/2135 2773/2062 2752/2063
f 2830/2136 2757/2064 2849/2137
f 2849/2137 2757/2064 2776/2065
f 2825/2135 2752/2063 2852/2138
f 2852/2138 2752/2063 2779/2066
f 2854/2139 2781/2067 2848/2140
f 2848/2140 2781/2067 2775/2068
f 2709/2069 2782/2141 2770/2070
f 2770/2070 2782/2141 2843/2142
f 2782/2141 2709/2069 2841/2127
f 2841/2127 2709/2069 2768/2055
f 2783/2143 2839/2122 2710/2071
f 2710/2071 2839/2122 2766/2050
f 2713/2072 2774/2073 2786/2144
f 2786/2144 2774/2073 2847/2145
f 2787/2146 2714/2074 2843/2142
f 2843/2142 2714/2074 2770/2070
f 2716/2075 2789/2147 2779/2066
f 2779/2066 2789/2147 2852/2138
f 2789/2147 2716/2075 2851/2148
f 2851/2148 2716/2075 2778/2076
f 2793/2149 2720/2077 2854/2139
f 2854/2139 2720/2077 2781/2067
f 2720/2077 2793/2149 2776/2065
f 2776/2065 2793/2149 2849/2137
f 2867/2150 2794/2151 2857/2152
f 2857/2152 2794/2151 2784/2153
f 2867/2150 717/1401 2856/2154
f 2856/2154 717/1401 125/1399
f 2794/2151 2783/2143 2721/2078
f 2721/2078 2783/2143 2710/2071
f 2794/2151 2867/2150 2783/2143
f 2783/2143 2867/2150 2856/2154
f 2721/2078 2711/2079 2794/2151
f 2794/2151 2711/2079 2784/2153
f 2722/2080 2795/2155 2765/2081
f 2765/2081 2795/2155 2838/2156
f 2857/2152 140/1406 2867/2150
f 2867/2150 140/1406 717/1401
f 2795/2155 2722/2080 2822/2124
f 2822/2124 2722/2080 2749/2052
f 2869/2157 2796/2158 2860/2159
f 2860/2159 2796/2158 2787/2146
f 2869/2157 767/1453 2858/2160
f 2858/2160 767/1453 144/1454
f 2723/2082 2796/2158 2712/2083
f 2712/2083 2796/2158 2785/2161
f 2796/2158 2869/2157 2785/2161
f 2785/2161 2869/2157 2858/2160
f 2796/2158 2723/2082 2787/2146
f 2787/2146 2723/2082 2714/2074
f 2724/2084 2797/2162 2774/2073
f 2774/2073 2797/2162 2847/2145
f 2860/2159 169/1456 2869/2157
f 2869/2157 169/1456 767/1453
f 2798/2163 2725/2085 2838/2156
f 2838/2156 2725/2085 2765/2081
f 2799/2164 2872/2165 2784/2153
f 2784/2153 2872/2165 2857/2152
f 2872/2165 820/1408 2857/2152
f 2857/2152 820/1408 140/1406
f 2799/2164 2784/2153 2726/2086
f 2726/2086 2784/2153 2711/2079
f 2799/2164 2726/2086 2798/2163
f 2798/2163 2726/2086 2725/2085
f 2872/2165 2799/2164 2871/2166
f 2871/2166 2799/2164 2798/2163
f 2871/2166 789/1470 2872/2165
f 2872/2165 789/1470 820/1408
f 2729/2087 2802/2167 2778/2076
f 2778/2076 2802/2167 2851/2148
f 2730/2088 2803/2168 2775/2068
f 2775/2068 2803/2168 2848/2140
f 2804/2169 2731/2089 2853/2170
f 2853/2170 2731/2089 2780/2090
f 2805/2171 2878/2172 2802/2167
f 2802/2167 2878/2172 2875/2173
f 2864/2174 245/1412 2878/2172
f 2878/2172 245/1412 1517/497
f 2805/2171 2732/2091 2791/2175
f 2791/2175 2732/2091 2718/2092
f 2878/2172 2805/2171 2864/2174
f 2864/2174 2805/2171 2791/2175
f 2732/2091 2805/2171 2729/2087
f 2729/2087 2805/2171 2802/2167
f 2879/2176 2806/2177 2874/2178
f 2874/2178 2806/2177 2801/2179
f 2878/2172 1517/497 2875/2173
f 2875/2173 1517/497 1042/495
f 2879/2176 1513/1134 2873/2180
f 2873/2180 1513/1134 847/1135
f 2806/2177 2800/2181 2733/2093
f 2733/2093 2800/2181 2727/2094
f 2879/2176 2873/2180 2806/2177
f 2806/2177 2873/2180 2800/2181
f 2806/2177 2733/2093 2801/2179
f 2801/2179 2733/2093 2728/2095
f 2807/2182 2880/2183 2801/2179
f 2801/2179 2880/2183 2874/2178
f 2879/2176 2874/2178 1513/1134
f 1513/1134 2874/2178 199/1614
f 2861/2184 198/1646 2880/2183
f 2880/2183 198/1646 1532/1644
f 2734/2096 2715/2097 2807/2182
f 2807/2182 2715/2097 2788/2185
f 2880/2183 2807/2182 2861/2184
f 2861/2184 2807/2182 2788/2185
f 2734/2096 2807/2182 2728/2095
f 2728/2095 2807/2182 2801/2179
f 2881/2186 2861/2184 2808/2187
f 2808/2187 2861/2184 2788/2185
f 2880/2183 1532/1644 2874/2178
f 2874/2178 1532/1644 199/1614
f 2881/2186 2859/2188 1558/1648
f 1558/1648 2859/2188 148/1613
f 2735/2098 2713/2072 2808/2187
f 2808/2187 2713/2072 2786/2144
f 2808/2187 2786/2144 2881/2186
f 2881/2186 2786/2144 2859/2188
f 2808/2187 2788/2185 2735/2098
f 2735/2098 2788/2185 2715/2097
f 2809/2189 2736/2099 2846/2134
f 2846/2134 2736/2099 2773/2062
f 2861/2184 2881/2186 198/1646
f 198/1646 2881/2186 1558/1648
f 2736/2099 2809/2189 2751/2061
f 2751/2061 2809/2189 2824/2133
f 2883/2190 2810/2191 2858/2160
f 2858/2160 2810/2191 2785/2161
f 2870/2192 2883/2190 776/1562
f 776/1562 2883/2190 1585/1561
f 2737/2100 2810/2191 2724/2084
f 2724/2084 2810/2191 2797/2162
f 2810/2191 2883/2190 2797/2162
f 2797/2162 2883/2190 2870/2192
f 2810/2191 2737/2100 2785/2161
f 2785/2161 2737/2100 2712/2083
f 2858/2160 144/1454 2883/2190
f 2883/2190 144/1454 1585/1561
f 2739/2101 2812/2193 2758/2102
f 2758/2102 2812/2193 2831/2194
f 2812/2193 2739/2101 2830/2136
f 2830/2136 2739/2101 2757/2064
f 2740/2103 2813/2195 2764/2104
f 2764/2104 2813/2195 2837/2196
f 2813/2195 2740/2103 2831/2194
f 2831/2194 2740/2103 2758/2102
f 2814/2197 2741/2105 2837/2196
f 2837/2196 2741/2105 2764/2104
f 2741/2105 2814/2197 2756/2045
f 2756/2045 2814/2197 2829/2115
f 2888/2198 1803/1026 2876/2199
f 2876/2199 1803/1026 1056/1024
f 2742/2106 2815/2200 2730/2088
f 2730/2088 2815/2200 2803/2168
f 2815/2200 2888/2198 2803/2168
f 2803/2168 2888/2198 2876/2199
f 2889/2201 2816/2202 2884/2203
f 2884/2203 2816/2202 2811/2204
f 2889/2201 1856/1414 2864/2174
f 2864/2174 1856/1414 245/1412
f 2743/2107 2816/2202 2718/2092
f 2718/2092 2816/2202 2791/2175
f 2816/2202 2889/2201 2791/2175
f 2791/2175 2889/2201 2864/2174
f 2816/2202 2743/2107 2811/2204
f 2811/2204 2743/2107 2738/2108
f 2884/2203 1603/1567 2889/2201
f 2889/2201 1603/1567 1856/1414
f 2744/2110 2817/2205 2738/2108
f 2738/2108 2817/2205 2811/2204
f 2818/2206 2891/2207 2815/2200
f 2815/2200 2891/2207 2888/2198
f 2877/2208 1117/1181 2891/2207
f 2891/2207 1117/1181 1990/1180
f 2818/2206 2745/2111 2804/2169
f 2804/2169 2745/2111 2731/2089
f 2891/2207 2818/2206 2877/2208
f 2877/2208 2818/2206 2804/2169
f 2745/2111 2818/2206 2742/2106
f 2742/2106 2818/2206 2815/2200
f 2891/2207 1990/1180 2888/2198
f 2888/2198 1990/1180 1803/1026
f 2819/2209 2746/2112 2792/2210
f 2792/2210 2746/2112 2719/2113
f 2892/2211 2819/2209 2865/2212
f 2865/2212 2819/2209 2792/2210
f 2746/2112 2819/2209 2780/2090
f 2780/2090 2819/2209 2853/2170
f 2865/2212 265/2213 2892/2211
f 2892/2211 265/2213 2026/2214
f 153/2215 186/1431 723/2216
f 723/2216 186/1431 725/1429
f 2895/2217 153/2215 2868/2218
f 2868/2218 153/2215 723/2216
f 2868/2218 2795/2155 2895/2217
f 2895/2217 2795/2155 2822/2124
f 1594/2219 1589/1565 160/2220
f 160/2220 1589/1565 194/1460
f 160/2220 2897/2221 1594/2219
f 1594/2219 2897/2221 2882/2222
f 2897/2221 2824/2133 2882/2222
f 2882/2222 2824/2133 2809/2189
f 1670/2223 1683/684 319/2224
f 319/2224 1683/684 989/642
f 319/2224 2902/2225 1670/2223
f 1670/2223 2902/2225 2887/2226
f 331/2227 991/695 1646/2228
f 1646/2228 991/695 1679/696
f 2902/2225 2829/2115 2887/2226
f 2887/2226 2829/2115 2814/2197
f 2903/2229 331/2227 2885/2230
f 2885/2230 331/2227 1646/2228
f 634/2231 995/681 1658/2232
f 1658/2232 995/681 1682/679
f 2885/2230 2812/2193 2903/2229
f 2903/2229 2812/2193 2830/2136
f 2904/2233 2831/2194 2885/2230
f 2885/2230 2831/2194 2812/2193
f 1646/2228 1679/696 634/2231
f 634/2231 1679/696 995/681
f 2904/2233 634/2231 2886/2234
f 2886/2234 634/2231 1658/2232
f 634/2231 2904/2233 1646/2228
f 1646/2228 2904/2233 2885/2230
f 2905/2235 646/2236 2900/2237
f 2900/2237 646/2236 295/2238
f 2886/2234 2813/2195 2904/2233
f 2904/2233 2813/2195 2831/2194
f 2905/2235 2832/2114 2902/2225
f 2902/2225 2832/2114 2829/2115
f 998/435 646/2236 989/642
f 989/642 646/2236 319/2224
f 646/2236 2905/2235 319/2224
f 319/2224 2905/2235 2902/2225
f 646/2236 998/435 295/2238
f 295/2238 998/435 985/434
f 2900/2237 2827/2116 2905/2235
f 2905/2235 2827/2116 2832/2114
f 1000/438 651/2239 985/434
f 985/434 651/2239 295/2238
f 651/2239 2906/2240 295/2238
f 295/2238 2906/2240 2900/2237
f 2906/2240 2833/2117 2900/2237
f 2900/2237 2833/2117 2827/2116
f 2908/2241 2907/2242 2835/2118
f 2835/2118 2907/2242 2834/2243
f 675/2244 302/2245 1003/1758
f 1003/1758 302/2245 986/448
f 2908/2241 2901/2246 675/2244
f 675/2244 2901/2246 302/2245
f 691/2247 302/2245 2909/2248
f 2909/2248 302/2245 2901/2246
f 2901/2246 2908/2241 2828/2120
f 2828/2120 2908/2241 2835/2118
f 2909/2248 2836/2121 2906/2240
f 2906/2240 2836/2121 2833/2117
f 1005/445 691/2247 1000/438
f 1000/438 691/2247 651/2239
f 691/2247 2909/2248 651/2239
f 651/2239 2909/2248 2906/2240
f 302/2245 691/2247 986/448
f 986/448 691/2247 1005/445
f 1658/2232 1682/679 706/2249
f 706/2249 1682/679 1007/678
f 2901/2246 2828/2120 2909/2248
f 2909/2248 2828/2120 2836/2121
f 2910/2250 2837/2196 2886/2234
f 2886/2234 2837/2196 2813/2195
f 706/2249 1007/678 1670/2223
f 1670/2223 1007/678 1683/684
f 2910/2250 706/2249 2887/2226
f 2887/2226 706/2249 1670/2223
f 706/2249 2910/2250 1658/2232
f 1658/2232 2910/2250 2886/2234
f 709/2251 713/1432 789/1470
f 789/1470 713/1432 794/1469
f 2887/2226 2814/2197 2910/2250
f 2910/2250 2814/2197 2837/2196
f 2871/2166 2798/2163 2911/2252
f 2911/2252 2798/2163 2838/2156
f 723/2216 725/1429 709/2251
f 709/2251 725/1429 713/1432
f 709/2251 2911/2252 723/2216
f 723/2216 2911/2252 2868/2218
f 2911/2252 709/2251 2871/2166
f 2871/2166 709/2251 789/1470
f 736/1364 729/2253 187/1397
f 187/1397 729/2253 125/1399
f 2911/2252 2838/2156 2868/2218
f 2868/2218 2838/2156 2795/2155
f 2894/2254 2821/2123 2912/2255
f 2912/2255 2821/2123 2839/2122
f 729/2253 2912/2255 125/1399
f 125/1399 2912/2255 2856/2154
f 729/2253 736/1364 133/2256
f 133/2256 736/1364 188/1362
f 2912/2255 729/2253 2894/2254
f 2894/2254 729/2253 133/2256
f 735/2257 2913/2258 154/2259
f 154/2259 2913/2258 2896/2260
f 2856/2154 2912/2255 2783/2143
f 2783/2143 2912/2255 2839/2122
f 2895/2217 2822/2124 2913/2258
f 2913/2258 2822/2124 2840/2125
f 735/2257 737/1435 153/2215
f 153/2215 737/1435 186/1431
f 2913/2258 735/2257 2895/2217
f 2895/2217 735/2257 153/2215
f 154/2259 189/1437 735/2257
f 735/2257 189/1437 737/1435
f 2914/2261 744/2262 2855/2263
f 2855/2263 744/2262 113/2264
f 2913/2258 2840/2125 2896/2260
f 2896/2260 2840/2125 2823/2126
f 2914/2261 2841/2127 2894/2254
f 2894/2254 2841/2127 2821/2123
f 748/1368 744/2262 188/1362
f 188/1362 744/2262 133/2256
f 744/2262 2914/2261 133/2256
f 133/2256 2914/2261 2894/2254
f 744/2262 748/1368 113/2264
f 113/2264 748/1368 185/1396
f 747/2265 2915/2266 155/2267
f 155/2267 2915/2266 2893/2268
f 2855/2263 2782/2141 2914/2261
f 2914/2261 2782/2141 2841/2127
f 2896/2260 2823/2126 2915/2266
f 2915/2266 2823/2126 2842/2128
f 747/2265 749/1439 154/2259
f 154/2259 749/1439 189/1437
f 2915/2266 747/2265 2896/2260
f 2896/2260 747/2265 154/2259
f 155/2267 193/1441 747/2265
f 747/2265 193/1441 749/1439
f 760/1442 750/2269 185/1396
f 185/1396 750/2269 113/2264
f 2915/2266 2842/2128 2893/2268
f 2893/2268 2842/2128 2820/2129
f 2860/2159 2787/2146 2916/2270
f 2916/2270 2787/2146 2843/2142
f 750/2269 2916/2270 113/2264
f 113/2264 2916/2270 2855/2263
f 750/2269 760/1442 169/1456
f 169/1456 760/1442 196/1444
f 2916/2270 750/2269 2860/2159
f 2860/2159 750/2269 169/1456
f 753/2271 2917/2272 174/2273
f 174/2273 2917/2272 2899/2274
f 2916/2270 2843/2142 2855/2263
f 2855/2263 2843/2142 2782/2141
f 2893/2268 2820/2129 2917/2272
f 2917/2272 2820/2129 2844/2130
f 753/2271 761/1447 155/2267
f 155/2267 761/1447 193/1441
f 2917/2272 753/2271 2893/2268
f 2893/2268 753/2271 155/2267
f 174/2273 197/1449 753/2271
f 753/2271 197/1449 761/1447
f 770/2275 2918/2276 160/2220
f 160/2220 2918/2276 2897/2221
f 2917/2272 2844/2130 2899/2274
f 2899/2274 2844/2130 2826/2131
f 2899/2274 2826/2131 2918/2276
f 2918/2276 2826/2131 2845/2132
f 770/2275 773/1458 174/2273
f 174/2273 773/1458 197/1449
f 2918/2276 770/2275 2899/2274
f 2899/2274 770/2275 174/2273
f 160/2220 194/1460 770/2275
f 770/2275 194/1460 773/1458
f 2919/2277 781/2278 2882/2222
f 2882/2222 781/2278 1594/2219
f 2918/2276 2845/2132 2897/2221
f 2897/2221 2845/2132 2824/2133
f 2919/2277 2846/2134 2898/2279
f 2898/2279 2846/2134 2825/2135
f 784/1466 781/2278 195/1468
f 195/1468 781/2278 165/2280
f 781/2278 2919/2277 165/2280
f 165/2280 2919/2277 2898/2279
f 781/2278 784/1466 1594/2219
f 1594/2219 784/1466 1589/1565
f 854/1464 192/1609 853/2281
f 853/2281 192/1609 148/1613
f 2882/2222 2809/2189 2919/2277
f 2919/2277 2809/2189 2846/2134
f 2920/2282 2859/2188 2847/2145
f 2847/2145 2859/2188 2786/2144
f 853/2281 776/1562 854/1464
f 854/1464 776/1562 785/1463
f 2920/2282 2870/2192 853/2281
f 853/2281 2870/2192 776/1562
f 853/2281 148/1613 2920/2282
f 2920/2282 148/1613 2859/2188
f 2870/2192 2920/2282 2797/2162
f 2797/2162 2920/2282 2847/2145
f 1056/1024 1339/1023 1154/2283
f 1154/2283 1339/1023 1345/1510
f 1154/2283 2921/2284 1056/1024
f 1056/1024 2921/2284 2876/2199
f 1419/2285 2922/2286 266/1006
f 266/1006 2922/2286 2866/2287
f 2921/2284 2848/2140 2876/2199
f 2876/2199 2848/2140 2803/2168
f 2903/2229 2830/2136 2922/2286
f 2922/2286 2830/2136 2849/2137
f 1419/2285 1431/469 331/2227
f 331/2227 1431/469 991/695
f 2922/2286 1419/2285 2903/2229
f 2903/2229 1419/2285 331/2227
f 266/1006 992/464 1419/2285
f 1419/2285 992/464 1431/469
f 2922/2286 2849/2137 2866/2287
f 2866/2287 2849/2137 2793/2149
f 1536/2288 2924/2289 1042/495
f 1042/495 2924/2289 2875/2173
f 2862/2290 2789/2147 2924/2289
f 2924/2289 2789/2147 2851/2148
f 1536/2288 1539/1552 233/2291
f 233/2291 1539/1552 232/1557
f 2924/2289 1536/2288 2862/2290
f 2862/2290 1536/2288 233/2291
f 1042/495 1045/494 1536/2288
f 1536/2288 1045/494 1539/1552
f 2925/2292 1570/2293 2898/2279
f 2898/2279 1570/2293 165/2280
f 2924/2289 2851/2148 2875/2173
f 2875/2173 2851/2148 2802/2167
f 2925/2292 2852/2138 2862/2290
f 2862/2290 2852/2138 2789/2147
f 1569/1558 1570/2293 232/1557
f 232/1557 1570/2293 233/2291
f 1570/2293 2925/2292 233/2291
f 233/2291 2925/2292 2862/2290
f 1570/2293 1569/1558 165/2280
f 165/2280 1569/1558 195/1468
f 1968/2294 2926/2295 2026/2214
f 2026/2214 2926/2295 2892/2211
f 2898/2279 2825/2135 2925/2292
f 2925/2292 2825/2135 2852/2138
f 2877/2208 2804/2169 2926/2295
f 2926/2295 2804/2169 2853/2170
f 1968/2294 1978/1171 1117/1181
f 1117/1181 1978/1171 1342/1173
f 2926/2295 1968/2294 2877/2208
f 2877/2208 1968/2294 1117/1181
f 2026/2214 2015/1189 1968/2294
f 1968/2294 2015/1189 1978/1171
f 2272/2296 2348/1595 266/1006
f 266/1006 2348/1595 1308/1007
f 2926/2295 2853/2170 2892/2211
f 2892/2211 2853/2170 2819/2209
f 2927/2297 2854/2139 2921/2284
f 2921/2284 2854/2139 2848/2140
f 2927/2297 2272/2296 2866/2287
f 2866/2287 2272/2296 266/1006
f 1154/2283 1345/1510 2272/2296
f 2272/2296 1345/1510 2348/1595
f 2272/2296 2927/2297 1154/2283
f 1154/2283 2927/2297 2921/2284
f 2866/2287 2793/2149 2927/2297
f 2927/2297 2793/2149 2854/2139
f 671/2298 661/2299 679/1763
f 679/1763 661/2299 681/1761
f 1321/2300 953/1764 1323/1762
f 661/2299 1321/2300 681/1761
f 681/1761 1321/2300 1323/1762
f 662/2301 682/1756 1322/2302
f 1322/2302 682/1756 1324/1755
f 1365/1759 1363/2303 672/1760
f 672/1760 1363/2303 664/2304
f 1363/2303 1365/1759 1321/2300
f 1321/2300 1365/1759 953/1764
f 1364/2305 952/2306 1366/1749
f 1366/1749 952/2306 954/1750
f 1468/1757 1466/2307 1003/1758
f 1003/1758 1466/2307 1001/2308
f 1466/2307 1468/1757 662/2301
f 662/2301 1468/1757 682/1756
f 2116/2309 2117/1754 952/2306
f 952/2306 2117/1754 954/1750
f 1322/2302 1324/1755 2116/2309
f 2116/2309 1324/1755 2117/1754
f 2194/1751 680/1752 2193/2310
f 2193/2310 680/1752 660/2311
f 2193/2310 1364/2305 2194/1751
f 2194/1751 1364/2305 1366/1749
f 2957/2312 2116/2309 2940/2313
f 2940/2313 2116/2309 952/2306
f 2958/2314 2950/2315 2193/2310
f 2193/2310 2950/2315 1364/2305
f 1/2316 1218/1631 58/605
f 58/605 1218/1631 1259/604
f 1218/1631 1/2316 2395/1629
f 2395/1629 1/2316 101/1630
f 1749/2317 674/2318 1734/705
f 1734/705 674/2318 301/706
f 2085/2319 1749/2317 2078/971
f 2078/971 1749/2317 1734/705
f 2962/2320 666/2321 1749/2317
f 1749/2317 666/2321 674/2318
f 667/2322 675/2244 1001/2308
f 1001/2308 675/2244 1003/1758
f 2907/2242 2908/2241 667/2322
f 667/2322 2908/2241 675/2244
f 2460/2323 2085/2319 2454/1724
f 2454/1724 2085/2319 2078/971
f 2762/2119 2460/2323 2755/2049
f 2755/2049 2460/2323 2454/1724
f 2084/2324 2962/2320 2085/2319
f 2085/2319 2962/2320 1749/2317
f 2964/2325 2084/2324 2460/2323
f 2460/2323 2084/2324 2085/2319
f 2834/2243 2761/2326 2835/2118
f 2835/2118 2761/2326 2762/2119
f 2761/2326 2964/2325 2762/2119
f 2762/2119 2964/2325 2460/2323
f 2761/2326 2834/2243 667/2322
f 667/2322 2834/2243 2907/2242
f 1002/2327 1467/1753 987/408
f 987/408 1467/1753 1446/440
f 1465/2328 660/2311 1467/1753
f 1467/1753 660/2311 680/1752
f 987/408 304/407 1002/2327
f 1002/2327 304/407 676/2329
f 1002/2327 676/2329 2966/2330
f 2966/2330 676/2329 668/2331
f 2966/2330 1465/2328 1002/2327
f 1002/2327 1465/2328 1467/1753
f 2950/2315 2940/2313 1364/2305
f 1364/2305 2940/2313 952/2306
f 2948/2332 1322/2302 2957/2312
f 2957/2312 1322/2302 2116/2309
f 2928/2333 2958/2314 660/2311
f 660/2311 2958/2314 2193/2310
f 2930/2334 662/2301 2948/2332
f 2948/2332 662/2301 1322/2302
f 2928/2333 2967/2335 2958/2314
f 2958/2314 2967/2335 2950/2315
f 2967/2335 2957/2312 2950/2315
f 2950/2315 2957/2312 2940/2313
f 2930/2334 2948/2332 2967/2335
f 2967/2335 2948/2332 2957/2312
f 2942/2336 1001/2308 2951/2337
f 2951/2337 1001/2308 1466/2307
f 2951/2337 1466/2307 2930/2334
f 2930/2334 1466/2307 662/2301
f 2965/2338 2928/2333 1465/2328
f 1465/2328 2928/2333 660/2311
f 2965/2338 2968/2339 2928/2333
f 2928/2333 2968/2339 2967/2335
f 1465/2328 2966/2330 2965/2338
f 2965/2338 2966/2330 2941/2340
f 2951/2337 2930/2334 2968/2339
f 2968/2339 2930/2334 2967/2335
f 2969/2341 2968/2339 2941/2340
f 2941/2340 2968/2339 2965/2338
f 2936/2342 2941/2340 668/2331
f 668/2331 2941/2340 2966/2330
f 2761/2326 2959/2343 2964/2325
f 2964/2325 2959/2343 2963/2344
f 2959/2343 2761/2326 2935/2345
f 2935/2345 2761/2326 667/2322
f 2935/2345 667/2322 2942/2336
f 2942/2336 667/2322 1001/2308
f 2969/2341 2942/2336 2968/2339
f 2968/2339 2942/2336 2951/2337
f 2969/2341 2941/2340 2970/2346
f 2970/2346 2941/2340 2936/2342
f 2974/2347 2935/2345 2969/2341
f 2969/2341 2935/2345 2942/2336
f 2969/2341 2970/2346 2974/2347
f 2974/2347 2970/2346 2973/2348
f 2935/2345 2974/2347 2959/2343
f 2959/2343 2974/2347 2973/2348
f 1736/2349 1794/2350 311/2351
f 311/2351 1794/2350 1662/2352
f 626/2353 1650/2354 1743/2355
f 1743/2355 1650/2354 1793/2356
f 1744/2357 2980/2358 1736/2349
f 1736/2349 2980/2358 2977/2359
f 2975/2360 286/420 2980/2358
f 2980/2358 286/420 637/419
f 638/2361 287/2362 1744/2357
f 1744/2357 287/2362 1732/2363
f 2980/2358 1744/2357 2975/2360
f 2975/2360 1744/2357 1732/2363
f 1744/2357 1736/2349 638/2361
f 638/2361 1736/2349 311/2351
f 2980/2358 637/419 2977/2359
f 2977/2359 637/419 310/637
f 1746/2364 1732/2363 653/2365
f 653/2365 1732/2363 287/2362
f 1746/2364 2981/2366 1732/2363
f 1732/2363 2981/2366 2975/2360
f 2981/2366 652/421 2975/2360
f 2975/2360 652/421 286/420
f 1750/2367 2983/2368 1735/2369
f 1735/2369 2983/2368 2976/2370
f 2983/2368 676/2329 2976/2370
f 2976/2370 676/2329 304/407
f 1750/2367 1735/2369 677/2371
f 677/2371 1735/2369 305/2372
f 677/2371 669/2373 1750/2367
f 1750/2367 669/2373 1748/2374
f 2983/2368 1750/2367 2982/2375
f 2982/2375 1750/2367 1748/2374
f 1752/2376 2984/2377 1746/2364
f 1746/2364 2984/2377 2981/2366
f 2982/2375 668/2331 2983/2368
f 2983/2368 668/2331 676/2329
f 2976/2370 304/407 2984/2377
f 2984/2377 304/407 692/409
f 693/2378 305/2372 1752/2376
f 1752/2376 305/2372 1735/2369
f 2984/2377 1752/2376 2976/2370
f 2976/2370 1752/2376 1735/2369
f 1752/2376 1746/2364 693/2378
f 693/2378 1746/2364 653/2365
f 698/2379 1662/2352 1753/2380
f 1753/2380 1662/2352 1794/2350
f 2984/2377 692/409 2981/2366
f 2981/2366 692/409 652/421
f 1753/2380 1793/2356 698/2379
f 698/2379 1793/2356 1650/2354
f 1777/2381 1740/2382 1165/2383
f 1165/2383 1740/2382 364/1275
f 2988/2384 1239/414 105/2385
f 105/2385 1239/414 36/412
f 1779/2386 91/2387 1240/777
f 1240/777 91/2387 37/778
f 2988/2384 105/2385 1779/2386
f 1779/2386 105/2385 91/2387
f 1240/777 621/781 1779/2386
f 1779/2386 621/781 1741/2388
f 1780/2389 1741/2388 1295/794
f 1295/794 1741/2388 621/781
f 1391/1097 1781/2390 945/1099
f 945/1099 1781/2390 1773/2391
f 1781/2390 2990/2392 1773/2391
f 1773/2391 2990/2392 2986/2393
f 2991/2394 1798/2395 2979/2396
f 2979/2396 1798/2395 1743/2355
f 2990/2392 1358/1218 2986/2393
f 2986/2393 1358/1218 944/1089
f 2979/2396 625/641 2991/2394
f 2991/2394 625/641 1637/639
f 1798/2395 1738/2397 1638/2398
f 1638/2398 1738/2397 323/2399
f 1798/2395 2991/2394 1738/2397
f 1738/2397 2991/2394 2978/2400
f 1638/2398 626/2353 1798/2395
f 1798/2395 626/2353 1743/2355
f 2991/2394 1637/639 2978/2400
f 2978/2400 1637/639 322/1423
f 994/1291 365/2401 1199/1427
f 1199/1427 365/2401 1164/1426
f 365/2401 2992/2402 1164/1426
f 1164/1426 2992/2402 2987/2403
f 365/2401 994/1291 2191/1220
f 2191/1220 994/1291 2203/1219
f 620/2404 993/459 1239/414
f 1239/414 993/459 1272/413
f 2992/2402 1740/2382 2987/2403
f 2987/2403 1740/2382 1777/2381
f 2993/2405 2988/2384 1741/2388
f 1741/2388 2988/2384 1779/2386
f 1316/1090 1337/1091 620/2404
f 620/2404 1337/1091 993/459
f 2993/2405 620/2404 2988/2384
f 2988/2384 620/2404 1239/414
f 620/2404 2993/2405 1316/1090
f 1316/1090 2993/2405 2989/2406
f 1649/2407 1681/689 625/641
f 625/641 1681/689 996/640
f 2993/2405 1741/2388 2989/2406
f 2989/2406 1741/2388 1780/2389
f 2994/2408 1793/2356 2985/2409
f 2985/2409 1793/2356 1753/2380
f 2994/2408 1649/2407 2979/2396
f 2979/2396 1649/2407 625/641
f 697/2410 1006/668 1649/2407
f 1649/2407 1006/668 1681/689
f 1649/2407 2994/2408 697/2410
f 697/2410 2994/2408 2985/2409
f 1661/2411 1678/666 697/2410
f 697/2410 1678/666 1006/668
f 2979/2396 1743/2355 2994/2408
f 2994/2408 1743/2355 1793/2356
f 2995/2412 1794/2350 2977/2359
f 2977/2359 1794/2350 1736/2349
f 2995/2412 1661/2411 2985/2409
f 2985/2409 1661/2411 697/2410
f 310/637 988/636 1661/2411
f 1661/2411 988/636 1678/666
f 1661/2411 2995/2412 310/637
f 310/637 2995/2412 2977/2359
f 2174/2413 2996/2414 1780/2389
f 1780/2389 2996/2414 2989/2406
f 2985/2409 1753/2380 2995/2412
f 2995/2412 1753/2380 1794/2350
f 2996/2414 2114/1087 2989/2406
f 2989/2406 2114/1087 1316/1090
f 2174/2413 2140/1101 1773/2391
f 1773/2391 2140/1101 945/1099
f 2996/2414 2174/2413 2986/2393
f 2986/2393 2174/2413 1773/2391
f 1780/2389 1295/794 2174/2413
f 2174/2413 1295/794 2140/1101
f 2997/2415 2251/2416 2992/2402
f 2992/2402 2251/2416 1740/2382
f 2986/2393 944/1089 2996/2414
f 2996/2414 944/1089 2114/1087
f 2997/2415 2191/1220 2990/2392
f 2990/2392 2191/1220 1358/1218
f 2221/1273 2251/2416 1391/1097
f 1391/1097 2251/2416 1781/2390
f 2251/2416 2997/2415 1781/2390
f 1781/2390 2997/2415 2990/2392
f 2251/2416 2221/1273 1740/2382
f 1740/2382 2221/1273 364/1275
f 2367/2417 2998/2418 1777/2381
f 1777/2381 2998/2418 2987/2403
f 2992/2402 365/2401 2997/2415
f 2997/2415 365/2401 2191/1220
f 2978/2400 322/1423 2998/2418
f 2998/2418 322/1423 2322/1424
f 2276/2419 323/2399 2367/2417
f 2367/2417 323/2399 1738/2397
f 2998/2418 2367/2417 2978/2400
f 2978/2400 2367/2417 1738/2397
f 2367/2417 1777/2381 2276/2419
f 2276/2419 1777/2381 1165/2383
f 2998/2418 2322/1424 2987/2403
f 2987/2403 2322/1424 1164/1426
f 2999/2420 2982/2375 2952/2421
f 2952/2421 2982/2375 1748/2374
f 2999/2420 2936/2342 2982/2375
f 2982/2375 2936/2342 668/2331
f 2999/2420 3000/2422 2936/2342
f 2936/2342 3000/2422 2970/2346
f 2972/2423 2973/2348 3000/2422
f 3000/2422 2973/2348 2970/2346
f 2972/2423 2963/2344 2973/2348
f 2973/2348 2963/2344 2959/2343
f 2956/2424 2084/2324 2963/2344
f 2963/2344 2084/2324 2964/2325
f 2971/2425 3001/2426 3000/2422
f 3000/2422 3001/2426 2972/2423
f 3000/2422 2999/2420 2971/2425
f 2971/2425 2999/2420 2952/2421
f 2953/2427 2962/2320 2956/2424
f 2956/2424 2962/2320 2084/2324
f 3001/2426 2956/2424 2972/2423
f 2972/2423 2956/2424 2963/2344
f 2952/2421 1748/2374 2937/2428
f 2937/2428 1748/2374 669/2373
f 2937/2428 3002/2429 2952/2421
f 2952/2421 3002/2429 2971/2425
f 3015/2430 3010/2431 1028/2432
f 1028/2432 3010/2431 1024/2433
f 3015/2430 3008/2434 638/2361
f 638/2361 3008/2434 287/2362
f 1028/2432 1020/2435 3015/2430
f 3015/2430 1020/2435 3008/2434
f 3010/2431 3015/2430 311/2351
f 311/2351 3015/2430 638/2361
f 3016/2436 3008/2434 1030/2437
f 1030/2437 3008/2434 1020/2435
f 3008/2434 3016/2436 287/2362
f 287/2362 3016/2436 653/2365
f 3018/2438 3009/2439 1035/2440
f 1035/2440 3009/2439 1023/2441
f 3009/2439 3018/2438 305/2372
f 305/2372 3018/2438 677/2371
f 1035/2440 1032/2442 3018/2438
f 3018/2438 1032/2442 3017/2443
f 3019/2444 3016/2436 1037/2445
f 1037/2445 3016/2436 1030/2437
f 3018/2438 3017/2443 677/2371
f 677/2371 3017/2443 669/2373
f 3019/2444 3009/2439 693/2378
f 693/2378 3009/2439 305/2372
f 1037/2445 1023/2441 3019/2444
f 3019/2444 1023/2441 3009/2439
f 3016/2436 3019/2444 653/2365
f 653/2365 3019/2444 693/2378
f 3024/2446 3021/2447 1104/1274
f 1104/1274 3021/2447 364/1275
f 3025/2448 1165/2383 3021/2447
f 3021/2447 1165/2383 364/1275
f 1620/2449 1839/1324 2247/1323
f 2247/1323 1839/1324 2254/1320
f 1687/2450 1024/2433 3027/2451
f 3027/2451 1024/2433 3010/2431
f 3027/2451 3010/2431 1662/2352
f 1662/2352 3010/2431 311/2351
f 3027/2451 3020/2452 1687/2450
f 1687/2450 3020/2452 1038/2453
f 3020/2452 3027/2451 698/2379
f 698/2379 3027/2451 1662/2352
f 3028/2454 3020/2452 1650/2354
f 1650/2354 3020/2452 698/2379
f 1686/2455 1027/2456 3029/2457
f 3029/2457 1027/2456 3014/2458
f 3014/2458 3028/2454 626/2353
f 626/2353 3028/2454 1650/2354
f 3029/2457 3014/2458 1638/2398
f 1638/2398 3014/2458 626/2353
f 3029/2457 3011/2459 1686/2455
f 1686/2455 3011/2459 1026/2460
f 3011/2459 3029/2457 323/2399
f 323/2399 3029/2457 1638/2398
f 3026/2461 3031/2462 1620/2449
f 1620/2449 3031/2462 1839/1324
f 1842/2463 1108/2464 3031/2462
f 3031/2462 1108/2464 3024/2446
f 3031/2462 3024/2446 1839/1324
f 1839/1324 3024/2446 1104/1274
f 3025/2448 3032/2465 1165/2383
f 1165/2383 3032/2465 2276/2419
f 2294/2466 1026/2460 3032/2465
f 3032/2465 1026/2460 3011/2459
f 3032/2465 3011/2459 2276/2419
f 2276/2419 3011/2459 323/2399
f 3034/2467 3017/2443 2943/2468
f 2943/2468 3017/2443 1032/2442
f 3017/2443 3034/2467 669/2373
f 669/2373 3034/2467 2937/2428
f 3007/2469 2953/2427 3001/2426
f 3001/2426 2953/2427 2956/2424
f 3002/2429 3007/2469 2971/2425
f 2971/2425 3007/2469 3001/2426
f 2934/2470 666/2321 2953/2427
f 2953/2427 666/2321 2962/2320
f 3035/2471 3036/2472 3002/2429
f 3002/2429 3036/2472 3007/2469
f 3034/2467 3035/2471 2937/2428
f 2937/2428 3035/2471 3002/2429
f 3036/2472 2934/2470 3007/2469
f 3007/2469 2934/2470 2953/2427
f 3035/2471 3034/2467 3003/2473
f 3003/2473 3034/2467 2943/2468
f 3036/2472 3035/2471 3037/2474
f 3037/2474 3035/2471 3003/2473
f 3037/2474 2944/2475 3036/2472
f 3036/2472 2944/2475 2934/2470
f 2939/2476 2929/2477 671/2298
f 671/2298 2929/2477 661/2299
f 2929/2477 2947/2478 661/2299
f 661/2299 2947/2478 1321/2300
f 2932/2479 664/2304 2949/2480
f 2949/2480 664/2304 1363/2303
f 2949/2480 1363/2303 2947/2478
f 2947/2478 1363/2303 1321/2300
f 2949/2480 3043/2481 2932/2479
f 2932/2479 3043/2481 3044/2482
f 3043/2481 2949/2480 2947/2478
f 2947/2478 2929/2477 3043/2481
f 3043/2481 2929/2477 2939/2476
f 1892/2483 277/818 1910/838
f 1910/838 277/818 278/750
f 1905/2484 800/817 1892/2483
f 1892/2483 800/817 277/818
f 800/817 1905/2484 280/819
f 280/819 1905/2484 1893/2485
f 3050/2486 1905/2484 3045/2487
f 3045/2487 1905/2484 1892/2483
f 3045/2487 270/2488 3050/2486
f 3050/2486 270/2488 797/2489
f 1906/2490 859/820 1893/2485
f 1893/2485 859/820 280/819
f 340/2491 1099/2492 338/802
f 338/802 1099/2492 1100/801
f 3059/2493 3049/2494 371/2495
f 371/2495 3049/2494 615/2496
f 1652/2497 628/2498 1653/660
f 1653/660 628/2498 629/663
f 640/2499 289/2500 3061/2501
f 3061/2501 289/2500 3052/2502
f 640/2499 313/2503 641/391
f 641/391 313/2503 314/655
f 3061/2501 3055/2504 640/2499
f 640/2499 3055/2504 313/2503
f 289/2500 640/2499 290/390
f 290/390 640/2499 641/391
f 659/2505 289/2500 648/388
f 648/388 289/2500 290/390
f 3062/2506 3052/2502 659/2505
f 659/2505 3052/2502 289/2500
f 2931/2507 663/2508 2932/2479
f 2932/2479 663/2508 664/2304
f 1908/2509 679/1763 1907/2510
f 1907/2510 679/1763 308/822
f 3065/2511 3053/2512 683/2513
f 683/2513 3053/2512 307/2514
f 679/1763 1908/2509 671/2298
f 671/2298 1908/2509 1903/2515
f 3064/2516 1908/2509 3054/2517
f 3054/2517 1908/2509 1907/2510
f 3054/2517 1063/2518 3064/2516
f 3064/2516 1063/2518 1082/2519
f 672/1760 664/2304 683/2513
f 683/2513 664/2304 663/2508
f 683/2513 663/2508 3065/2511
f 3065/2511 663/2508 3063/2520
f 683/2513 307/2514 672/1760
f 672/1760 307/2514 298/386
f 3067/2521 3062/2506 687/2522
f 687/2522 3062/2506 659/2505
f 695/821 1909/2523 308/822
f 308/822 1909/2523 1907/2510
f 1909/2523 3066/2524 1907/2510
f 1907/2510 3066/2524 3054/2517
f 1909/2523 695/821 1902/816
f 1902/816 695/821 655/368
f 3066/2524 1084/2525 3054/2517
f 3054/2517 1084/2525 1063/2518
f 688/385 298/386 687/2522
f 687/2522 298/386 307/2514
f 687/2522 307/2514 3067/2521
f 3067/2521 307/2514 3053/2512
f 687/2522 659/2505 688/385
f 688/385 659/2505 648/388
f 700/2526 1652/2497 701/659
f 701/659 1652/2497 1653/660
f 3051/2527 858/2528 3069/2529
f 3069/2529 858/2528 1088/2530
f 1911/2531 1097/916 1906/2490
f 1906/2490 1097/916 859/820
f 3069/2529 1911/2531 3051/2527
f 3051/2527 1911/2531 1906/2490
f 1098/823 1912/2532 1208/825
f 1208/825 1912/2532 1914/1581
f 1912/2532 1098/823 1920/2533
f 1920/2533 1098/823 1807/824
f 3057/2534 3071/2535 340/2491
f 340/2491 3071/2535 1099/2492
f 1162/2536 340/2491 1160/1357
f 1160/1357 340/2491 338/802
f 3073/2537 3057/2534 1162/2536
f 1162/2536 3057/2534 340/2491
f 1664/2538 313/2503 3075/2539
f 3075/2539 313/2503 3055/2504
f 1664/2538 700/2526 1665/656
f 1665/656 700/2526 701/659
f 3075/2539 3068/2540 1664/2538
f 1664/2538 3068/2540 700/2526
f 313/2503 1664/2538 314/655
f 314/655 1664/2538 1665/656
f 3068/2540 3076/2541 700/2526
f 700/2526 3076/2541 1652/2497
f 1640/2542 628/2498 3077/2543
f 3077/2543 628/2498 3060/2544
f 3076/2541 3060/2544 1652/2497
f 1652/2497 3060/2544 628/2498
f 1640/2542 325/2545 1641/664
f 1641/664 325/2545 326/1516
f 3077/2543 3056/2546 1640/2542
f 1640/2542 3056/2546 325/2545
f 628/2498 1640/2542 629/663
f 629/663 1640/2542 1641/664
f 1864/2547 1611/2548 1865/798
f 1865/798 1611/2548 1612/799
f 1922/2549 1916/836 1861/839
f 1861/839 1916/836 1608/745
f 3079/2550 3074/2551 1864/2547
f 1864/2547 3074/2551 1611/2548
f 1099/2492 1864/2547 1100/801
f 1100/801 1864/2547 1865/798
f 1864/2547 1099/2492 3079/2550
f 3079/2550 1099/2492 3071/2535
f 3051/2527 1906/2490 3081/2552
f 3081/2552 1906/2490 1893/2485
f 269/2553 3081/2552 797/2489
f 797/2489 3081/2552 3050/2486
f 3081/2552 269/2553 3051/2527
f 3051/2527 269/2553 858/2528
f 3081/2552 1893/2485 3050/2486
f 3050/2486 1893/2485 1905/2484
f 1077/2554 3088/2555 1065/2556
f 1065/2556 3088/2555 3083/2557
f 3088/2555 1901/814 3083/2557
f 3083/2557 1901/814 1895/815
f 1077/2554 1938/2558 1061/2559
f 1061/2559 1938/2558 1933/2560
f 3088/2555 1077/2554 3082/2561
f 3082/2561 1077/2554 1061/2559
f 1938/2558 1077/2554 1934/2562
f 1934/2562 1077/2554 1065/2556
f 3082/2561 1894/813 3088/2555
f 3088/2555 1894/813 1901/814
f 3066/2524 1909/2523 3089/2563
f 3089/2563 1909/2523 1902/816
f 1939/2564 1079/2565 1933/2560
f 1933/2560 1079/2565 1061/2559
f 1079/2565 3089/2563 1061/2559
f 1061/2559 3089/2563 3082/2561
f 3089/2563 1079/2565 3066/2524
f 3066/2524 1079/2565 1084/2525
f 3089/2563 1902/816 3082/2561
f 3082/2561 1902/816 1894/813
f 1081/2566 3090/2567 1082/2519
f 1082/2519 3090/2567 3064/2516
f 3090/2567 1903/2515 3064/2516
f 3064/2516 1903/2515 1908/2509
f 276/2568 1926/2569 270/2488
f 270/2488 1926/2569 1924/2570
f 3092/2571 276/2568 3045/2487
f 3045/2487 276/2568 270/2488
f 3045/2487 1892/2483 3092/2571
f 3092/2571 1892/2483 1910/838
f 1207/2572 3093/2573 284/2574
f 284/2574 3093/2573 3070/2575
f 1433/2576 3094/2577 1068/2578
f 1068/2578 3094/2577 3085/2579
f 3093/2573 1914/1581 3070/2575
f 3070/2575 1914/1581 1912/2532
f 3084/2580 1896/827 3094/2577
f 3094/2577 1896/827 1915/829
f 1433/2576 1947/2581 1067/2582
f 1067/2582 1947/2581 1935/2583
f 3094/2577 1433/2576 3084/2580
f 3084/2580 1433/2576 1067/2582
f 1068/2578 1936/2584 1433/2576
f 1433/2576 1936/2584 1947/2581
f 3094/2577 1915/829 3085/2579
f 3085/2579 1915/829 1897/1579
f 3096/2585 1690/2586 3087/2587
f 3087/2587 1690/2586 1074/2588
f 3096/2585 1917/832 3084/2580
f 3084/2580 1917/832 1896/827
f 1690/2586 3096/2585 1067/2582
f 1067/2582 3096/2585 3084/2580
f 3097/2589 1692/2590 3083/2557
f 3083/2557 1692/2590 1065/2556
f 3087/2587 1900/831 3096/2585
f 3096/2585 1900/831 1917/832
f 3097/2589 1918/833 3091/2591
f 3091/2591 1918/833 1904/834
f 3098/2592 1691/2593 3091/2591
f 3091/2591 1691/2593 1087/2594
f 1950/2595 1692/2590 1941/2596
f 1941/2596 1692/2590 1087/2594
f 1692/2590 3097/2589 1087/2594
f 1087/2594 3097/2589 3091/2591
f 1692/2590 1950/2595 1065/2556
f 1065/2556 1950/2595 1934/2562
f 3083/2557 1895/815 3097/2589
f 3097/2589 1895/815 1918/833
f 3098/2592 1919/835 3087/2587
f 3087/2587 1919/835 1900/831
f 1691/2593 3098/2592 1074/2588
f 1074/2588 3098/2592 3087/2587
f 3091/2591 1904/834 3098/2592
f 3098/2592 1904/834 1919/835
f 3099/2597 1812/2598 3070/2575
f 3070/2575 1812/2598 284/2574
f 3100/2599 3095/2600 1826/2601
f 1826/2601 3095/2600 1607/2602
f 3070/2575 1912/2532 3099/2597
f 3099/2597 1912/2532 1920/2533
f 3095/2600 3100/2599 1916/836
f 1916/836 3100/2599 1921/837
f 1954/2603 1926/2569 1826/2601
f 1826/2601 1926/2569 276/2568
f 1826/2601 276/2568 3100/2599
f 3100/2599 276/2568 3092/2571
f 1826/2601 1607/2602 1954/2603
f 1954/2603 1607/2602 1948/2604
f 3100/2599 3092/2571 1921/837
f 1921/837 3092/2571 1910/838
f 1974/864 2006/2605 1123/866
f 1123/866 2006/2605 1913/2606
f 2006/2605 3101/2607 1913/2606
f 1913/2606 3101/2607 3072/2608
f 2007/2609 3102/2610 1920/2533
f 1920/2533 3102/2610 3099/2597
f 3101/2607 1961/2611 3072/2608
f 3072/2608 1961/2611 1122/2612
f 3102/2610 1973/2613 3099/2597
f 3099/2597 1973/2613 1812/2598
f 2007/2609 1994/862 1913/2606
f 1913/2606 1994/862 1123/866
f 3102/2610 2007/2609 3072/2608
f 3072/2608 2007/2609 1913/2606
f 1920/2533 1807/824 2007/2609
f 2007/2609 1807/824 1994/862
f 3103/2614 2036/2615 3069/2529
f 3069/2529 2036/2615 1911/2531
f 3072/2608 1122/2612 3102/2610
f 3102/2610 1122/2612 1973/2613
f 3103/2614 2014/2616 3101/2607
f 3101/2607 2014/2616 1961/2611
f 2030/917 2036/2615 1974/864
f 1974/864 2036/2615 2006/2605
f 2036/2615 3103/2614 2006/2605
f 2006/2605 3103/2614 3101/2607
f 2036/2615 2030/917 1911/2531
f 1911/2531 2030/917 1097/916
f 2321/2617 325/2545 3104/2618
f 3104/2618 325/2545 3056/2546
f 3069/2529 1088/2530 3103/2614
f 3103/2614 1088/2530 2014/2616
f 2297/2619 3105/2620 1207/2572
f 1207/2572 3105/2620 3093/2573
f 2321/2617 1162/2536 2274/1517
f 2274/1517 1162/2536 1160/1357
f 3104/2618 3073/2537 2321/2617
f 2321/2617 3073/2537 1162/2536
f 325/2545 2321/2617 326/1516
f 326/1516 2321/2617 2274/1517
f 3085/2579 1897/1579 3105/2620
f 3105/2620 1897/1579 2372/1580
f 3105/2620 2297/2619 3085/2579
f 3085/2579 2297/2619 1068/2578
f 3105/2620 2372/1580 3093/2573
f 3093/2573 2372/1580 1914/1581
f 3049/2494 3106/2621 615/2496
f 615/2496 3106/2621 2610/2622
f 3106/2621 3049/2494 2656/2623
f 2656/2623 3049/2494 1073/2624
f 3106/2621 3058/2625 2610/2622
f 2610/2622 3058/2625 370/2626
f 3107/2627 3063/2520 2931/2507
f 2931/2507 3063/2520 663/2508
f 2954/2628 2939/2476 1903/2515
f 1903/2515 2939/2476 671/2298
f 3108/2629 2954/2628 3090/2567
f 3090/2567 2954/2628 1903/2515
f 3090/2567 1081/2566 3108/2629
f 3108/2629 1081/2566 2946/2630
f 3041/2631 2931/2507 3044/2482
f 3044/2482 2931/2507 2932/2479
f 3109/2632 3107/2627 3041/2631
f 3041/2631 3107/2627 2931/2507
f 3110/2633 3042/2634 3108/2629
f 3108/2629 3042/2634 2954/2628
f 3043/2481 3042/2634 3044/2482
f 3044/2482 3042/2634 3041/2631
f 3042/2634 3110/2633 3041/2631
f 3041/2631 3110/2633 3109/2632
f 3042/2634 3043/2481 2954/2628
f 2954/2628 3043/2481 2939/2476
f 1070/2635 3058/2625 2656/2623
f 2656/2623 3058/2625 3106/2621
f 1072/2636 1073/2624 3059/2493
f 3059/2493 1073/2624 3049/2494
f 1076/2637 1060/2638 3121/2639
f 3121/2639 1060/2638 3112/2640
f 1076/2637 1064/2641 3061/2501
f 3061/2501 1064/2641 3055/2504
f 3121/2639 3115/2642 1076/2637
f 1076/2637 3115/2642 1064/2641
f 3061/2501 3052/2502 1076/2637
f 1076/2637 3052/2502 1060/2638
f 1078/2643 1060/2638 3062/2506
f 3062/2506 1060/2638 3052/2502
f 3122/2644 3112/2640 1078/2643
f 1078/2643 3112/2640 1060/2638
f 1930/2645 1082/2519 1928/2646
f 1928/2646 1082/2519 1063/2518
f 1083/2647 3125/2648 1062/2649
f 1062/2649 3125/2648 3113/2650
f 1082/2519 1930/2645 1081/2566
f 1081/2566 1930/2645 1940/2651
f 3124/2652 1930/2645 3114/2653
f 3114/2653 1930/2645 1928/2646
f 3114/2653 300/2654 3124/2652
f 3124/2652 300/2654 673/2655
f 3065/2511 3063/2520 1083/2647
f 1083/2647 3063/2520 1080/2656
f 3125/2648 1083/2647 3123/2657
f 3123/2657 1083/2647 1080/2656
f 1083/2647 1062/2649 3065/2511
f 3065/2511 1062/2649 3053/2512
f 1085/2658 1062/2649 3127/2659
f 3127/2659 1062/2649 3113/2650
f 1084/2525 1931/2660 1063/2518
f 1063/2518 1931/2660 1928/2646
f 1931/2660 3126/2661 1928/2646
f 1928/2646 3126/2661 3114/2653
f 1931/2660 1084/2525 1939/2564
f 1939/2564 1084/2525 1079/2565
f 3126/2661 689/2662 3114/2653
f 3114/2653 689/2662 300/2654
f 1085/2658 1078/2643 3067/2521
f 3067/2521 1078/2643 3062/2506
f 3127/2659 3122/2644 1085/2658
f 1085/2658 3122/2644 1078/2643
f 3067/2521 3053/2512 1085/2658
f 1085/2658 3053/2512 1062/2649
f 797/2489 1943/2663 269/2553
f 269/2553 1943/2663 1925/2664
f 1943/2663 797/2489 1924/2570
f 1924/2570 797/2489 270/2488
f 858/2528 1944/2665 1088/2530
f 1088/2530 1944/2665 1927/2666
f 1944/2665 3134/2667 1927/2666
f 1927/2666 3134/2667 3111/2668
f 1944/2665 858/2528 1925/2664
f 1925/2664 858/2528 269/2553
f 3071/2535 3057/2534 1109/2669
f 1109/2669 3057/2534 1069/2670
f 1109/2669 1069/2670 3135/2671
f 3135/2671 1069/2670 3117/2672
f 1206/2673 1069/2670 3073/2537
f 3073/2537 1069/2670 3057/2534
f 3137/2674 3117/2672 1206/2673
f 1206/2673 3117/2672 1069/2670
f 3117/2672 3137/2674 363/2675
f 363/2675 3137/2674 1163/2676
f 1946/2677 1207/2572 1932/2678
f 1932/2678 1207/2572 284/2574
f 3138/2679 1946/2677 3129/2680
f 3129/2680 1946/2677 1932/2678
f 1690/2586 1949/2681 1074/2588
f 1074/2588 1949/2681 1937/2682
f 1693/2683 1075/2684 3141/2685
f 3141/2685 1075/2684 3120/2686
f 1949/2681 1690/2586 1935/2583
f 1935/2583 1690/2586 1067/2582
f 1693/2683 1066/2687 3077/2543
f 3077/2543 1066/2687 3056/2546
f 3141/2685 3116/2688 1693/2683
f 1693/2683 3116/2688 1066/2687
f 1075/2684 1693/2683 3060/2544
f 3060/2544 1693/2683 3077/2543
f 3142/2689 3128/2690 1695/2691
f 1695/2691 3128/2690 1086/2692
f 1694/2693 1086/2692 3143/2694
f 3143/2694 1086/2692 3128/2690
f 3075/2539 3055/2504 1695/2691
f 1695/2691 3055/2504 1064/2641
f 1695/2691 1064/2641 3142/2689
f 3142/2689 1064/2641 3115/2642
f 1695/2691 1086/2692 3075/2539
f 3075/2539 1086/2692 3068/2540
f 1694/2693 1075/2684 3076/2541
f 3076/2541 1075/2684 3060/2544
f 3143/2694 3120/2686 1694/2693
f 1694/2693 3120/2686 1075/2684
f 3076/2541 3068/2540 1694/2693
f 1694/2693 3068/2540 1086/2692
f 1691/2593 1951/2695 1087/2594
f 1087/2594 1951/2695 1941/2596
f 1951/2695 1691/2593 1937/2682
f 1937/2682 1691/2593 1074/2588
f 1812/2598 1952/2696 284/2574
f 284/2574 1952/2696 1932/2678
f 1952/2696 3145/2697 1932/2678
f 1932/2678 3145/2697 3129/2680
f 3147/2698 3139/2699 1843/2700
f 1843/2700 3139/2699 1624/2701
f 3080/2702 3074/2551 1876/2703
f 1876/2703 3074/2551 1624/2701
f 3079/2550 3071/2535 1843/2700
f 1843/2700 3071/2535 1109/2669
f 1843/2700 1109/2669 3147/2698
f 3147/2698 1109/2669 3135/2671
f 1843/2700 1624/2701 3079/2550
f 3079/2550 1624/2701 3074/2551
f 3133/2704 1943/2663 3149/2705
f 3149/2705 1943/2663 1924/2570
f 3150/2706 1925/2664 3133/2704
f 3133/2704 1925/2664 1943/2663
f 3134/2667 1944/2665 3150/2706
f 3150/2706 1944/2665 1925/2664
f 1093/2707 1091/2708 3151/2709
f 3151/2709 1091/2708 3149/2705
f 3151/2709 3149/2705 1926/2569
f 1926/2569 3149/2705 1924/2570
f 3154/2710 329/2711 3140/2712
f 3140/2712 329/2711 1644/2713
f 3140/2712 1949/2681 3154/2710
f 3154/2710 1949/2681 1935/2583
f 3156/2714 1937/2682 3140/2712
f 3140/2712 1937/2682 1949/2681
f 632/2715 3156/2714 1644/2713
f 1644/2713 3156/2714 3140/2712
f 3157/2716 644/2717 3152/2718
f 3152/2718 644/2717 293/2719
f 3144/2720 1951/2695 3156/2714
f 3156/2714 1951/2695 1937/2682
f 3157/2716 1938/2558 3153/2721
f 3153/2721 1938/2558 1934/2562
f 644/2717 3157/2716 317/2722
f 317/2722 3157/2716 3153/2721
f 3158/2723 649/2724 3126/2661
f 3126/2661 649/2724 689/2662
f 3152/2718 1933/2560 3157/2716
f 3157/2716 1933/2560 1938/2558
f 3126/2661 1931/2660 3158/2723
f 3158/2723 1931/2660 1939/2564
f 649/2724 3158/2723 293/2719
f 293/2719 3158/2723 3152/2718
f 3158/2723 1939/2564 3152/2718
f 3152/2718 1939/2564 1933/2560
f 665/2725 3159/2726 673/2655
f 673/2655 3159/2726 3124/2652
f 3159/2726 1940/2651 3124/2652
f 3124/2652 1940/2651 1930/2645
f 1421/2727 3161/2728 283/2729
f 283/2729 3161/2728 3155/2730
f 3160/2731 1941/2596 3144/2720
f 3144/2720 1941/2596 1951/2695
f 3161/2728 1947/2581 3155/2730
f 3155/2730 1947/2581 1936/2584
f 3161/2728 1421/2727 3154/2710
f 3154/2710 1421/2727 329/2711
f 3154/2710 1935/2583 3161/2728
f 3161/2728 1935/2583 1947/2581
f 3153/2721 1934/2562 3163/2732
f 3163/2732 1934/2562 1950/2595
f 3163/2732 1950/2595 3160/2731
f 3160/2731 1950/2595 1941/2596
f 3165/2733 3162/2734 1835/2735
f 1835/2735 3162/2734 1616/2736
f 3162/2734 3165/2733 1948/2604
f 1948/2604 3165/2733 1954/2603
f 1835/2735 1093/2707 3165/2733
f 3165/2733 1093/2707 3151/2709
f 3165/2733 3151/2709 1954/2603
f 1954/2603 3151/2709 1926/2569
f 1945/2737 1122/2612 2008/2738
f 2008/2738 1122/2612 1961/2611
f 2008/2738 3166/2739 1945/2737
f 1945/2737 3166/2739 3136/2740
f 2009/2741 3167/2742 1952/2696
f 1952/2696 3167/2742 3145/2697
f 2009/2741 1973/2613 1945/2737
f 1945/2737 1973/2613 1122/2612
f 3167/2742 2009/2741 3136/2740
f 3136/2740 2009/2741 1945/2737
f 1952/2696 1812/2598 2009/2741
f 2009/2741 1812/2598 1973/2613
f 2021/2743 3168/2744 2008/2738
f 2008/2738 3168/2744 3166/2739
f 2021/2743 2014/2616 1927/2666
f 1927/2666 2014/2616 1088/2530
f 3168/2744 2021/2743 3111/2668
f 3111/2668 2021/2743 1927/2666
f 2008/2738 1961/2611 2021/2743
f 2021/2743 1961/2611 2014/2616
f 3169/2745 3137/2674 2296/2746
f 2296/2746 3137/2674 1206/2673
f 3104/2618 3056/2546 2296/2746
f 2296/2746 3056/2546 1066/2687
f 2296/2746 1066/2687 3169/2745
f 3169/2745 1066/2687 3116/2688
f 2296/2746 1206/2673 3104/2618
f 3104/2618 1206/2673 3073/2537
f 3170/2747 2373/2748 3138/2679
f 3138/2679 2373/2748 1946/2677
f 2297/2619 2373/2748 1068/2578
f 1068/2578 2373/2748 1936/2584
f 2373/2748 3170/2747 1936/2584
f 1936/2584 3170/2747 3155/2730
f 2373/2748 2297/2619 1946/2677
f 1946/2677 2297/2619 1207/2572
f 2955/2749 2946/2630 1940/2651
f 1940/2651 2946/2630 1081/2566
f 3172/2750 2955/2749 3159/2726
f 3159/2726 2955/2749 1940/2651
f 3159/2726 665/2725 3172/2750
f 3172/2750 665/2725 2933/2751
f 2945/2752 1080/2656 3107/2627
f 3107/2627 1080/2656 3063/2520
f 2945/2752 3173/2753 1080/2656
f 1080/2656 3173/2753 3123/2657
f 3109/2632 3006/2754 3107/2627
f 3107/2627 3006/2754 2945/2752
f 3006/2754 3174/2755 2945/2752
f 2945/2752 3174/2755 3173/2753
f 3040/2756 2955/2749 3175/2757
f 3175/2757 2955/2749 3172/2750
f 3040/2756 3006/2754 3110/2633
f 3110/2633 3006/2754 3109/2632
f 3040/2756 3175/2757 3006/2754
f 3006/2754 3175/2757 3174/2755
f 3040/2756 2946/2630 2955/2749
f 3040/2756 3110/2633 2946/2630
f 2946/2630 3110/2633 3108/2629
f 3189/2758 2504/2759 3183/2760
f 3183/2760 2504/2759 2498/2761
f 3183/2760 293/2719 3189/2758
f 3189/2758 293/2719 644/2717
f 2504/2759 3189/2758 2500/2762
f 2500/2762 3189/2758 3185/2763
f 3189/2758 644/2717 3185/2763
f 3185/2763 644/2717 317/2722
f 2505/2764 3190/2765 2498/2761
f 2498/2761 3190/2765 3183/2760
f 3190/2765 649/2724 3183/2760
f 3183/2760 649/2724 293/2719
f 2507/2766 3192/2767 2499/2768
f 2499/2768 3192/2767 3184/2769
f 3192/2767 673/2655 3184/2769
f 3184/2769 673/2655 300/2654
f 3192/2767 2507/2766 3191/2770
f 3191/2770 2507/2766 2506/2771
f 2508/2772 3193/2773 2505/2764
f 2505/2764 3193/2773 3190/2765
f 3191/2770 665/2725 3192/2767
f 3192/2767 665/2725 673/2655
f 3184/2769 300/2654 3193/2773
f 3193/2773 300/2654 689/2662
f 3193/2773 2508/2772 3184/2769
f 3184/2769 2508/2772 2499/2768
f 3193/2773 689/2662 3190/2765
f 3190/2765 689/2662 649/2724
f 3177/2774 3195/2775 131/151
f 131/151 3195/2775 742/150
f 3195/2775 3177/2774 2515/2776
f 2515/2776 3177/2774 2484/2777
f 2516/2778 3196/2779 2481/2780
f 2481/2780 3196/2779 3176/2781
f 3196/2779 739/114 3176/2781
f 3176/2781 739/114 118/112
f 3176/2781 118/112 3198/2782
f 3198/2782 118/112 759/110
f 3198/2782 2518/2783 3176/2781
f 3176/2781 2518/2783 2481/2780
f 3204/2784 3187/2785 1163/2676
f 1163/2676 3187/2785 363/2675
f 2543/2786 2502/2787 3204/2784
f 3204/2784 2502/2787 3187/2785
f 2545/2788 3205/2789 2525/2790
f 2525/2790 3205/2789 3201/2791
f 3205/2789 1421/2727 3201/2791
f 3201/2791 1421/2727 283/2729
f 3205/2789 2545/2788 3186/2792
f 3186/2792 2545/2788 2501/2793
f 3206/2794 3202/2795 2549/2796
f 2549/2796 3202/2795 2538/2797
f 3186/2792 329/2711 3205/2789
f 3205/2789 329/2711 1421/2727
f 3202/2795 3206/2794 1050/503
f 1050/503 3206/2794 1541/504
f 2549/2796 2494/2798 3206/2794
f 3206/2794 2494/2798 3180/2799
f 3206/2794 3180/2799 1541/504
f 1541/504 3180/2799 222/534
f 3207/2800 2553/2801 3178/2802
f 3178/2802 2553/2801 2489/2803
f 3207/2800 3178/2802 1588/588
f 1588/588 3178/2802 158/587
f 3210/2804 2561/2805 3188/2806
f 3188/2806 2561/2805 2503/2807
f 3188/2806 632/2715 3210/2804
f 3210/2804 632/2715 1644/2713
f 2561/2805 3210/2804 2501/2793
f 2501/2793 3210/2804 3186/2792
f 3210/2804 1644/2713 3186/2792
f 3186/2792 1644/2713 329/2711
f 2565/2808 2497/2809 3211/2810
f 3211/2810 2497/2809 3182/2811
f 3211/2810 3182/2811 1825/2812
f 1825/2812 3182/2811 275/2813
f 115/2814 116/149 742/150
f 742/150 116/149 741/147
f 755/2815 752/153 115/2814
f 115/2814 752/153 116/149
f 3213/2816 115/2814 3195/2775
f 3195/2775 115/2814 742/150
f 115/2814 3213/2816 755/2815
f 755/2815 3213/2816 3197/2817
f 137/2818 138/117 739/114
f 739/114 138/117 740/113
f 3216/2819 137/2818 3196/2779
f 3196/2779 137/2818 739/114
f 146/2820 152/595 762/2821
f 762/2821 152/595 769/143
f 3218/2822 146/2820 3199/2823
f 3199/2823 146/2820 762/2821
f 778/2824 150/2825 774/162
f 774/162 150/2825 151/161
f 150/2825 778/2824 3219/2826
f 3219/2826 778/2824 3200/2827
f 167/2828 171/142 755/2815
f 755/2815 171/142 752/153
f 762/2821 769/143 167/2828
f 167/2828 769/143 171/142
f 3220/2829 167/2828 3197/2817
f 3197/2817 167/2828 755/2815
f 167/2828 3220/2829 762/2821
f 762/2821 3220/2829 3199/2823
f 759/110 754/109 175/2830
f 175/2830 754/109 176/121
f 175/2830 3221/2831 759/110
f 759/110 3221/2831 3198/2782
f 3225/2832 721/2833 3214/2834
f 3214/2834 721/2833 123/2835
f 3226/2836 3215/2837 715/2838
f 715/2838 3215/2837 127/2839
f 721/2833 724/128 123/2835
f 123/2835 724/128 129/132
f 711/2840 712/130 721/2833
f 721/2833 712/130 724/128
f 721/2833 3225/2832 711/2840
f 711/2840 3225/2832 3224/2841
f 720/127 156/133 715/2838
f 715/2838 156/133 142/2842
f 715/2838 142/2842 3226/2836
f 3226/2836 142/2842 3217/2843
f 715/2838 127/2839 720/127
f 720/127 127/2839 128/126
f 733/2844 3227/2845 123/2835
f 123/2835 3227/2845 3214/2834
f 3228/2846 3177/2774 727/2847
f 727/2847 3177/2774 131/151
f 733/2844 734/135 137/2818
f 137/2818 734/135 138/117
f 3227/2845 733/2844 3216/2819
f 3216/2819 733/2844 137/2818
f 123/2835 129/132 733/2844
f 733/2844 129/132 734/135
f 726/137 128/126 727/2847
f 727/2847 128/126 127/2839
f 727/2847 127/2839 3228/2846
f 3228/2846 127/2839 3215/2837
f 727/2847 131/151 726/137
f 726/137 131/151 130/145
f 766/2848 3229/2849 175/2830
f 175/2830 3229/2849 3221/2831
f 771/138 157/585 766/2848
f 766/2848 157/585 158/587
f 3229/2849 766/2848 3178/2802
f 3178/2802 766/2848 158/587
f 175/2830 176/121 766/2848
f 766/2848 176/121 771/138
f 783/2850 1588/588 779/540
f 779/540 1588/588 1592/586
f 163/2851 783/2850 162/539
f 162/539 783/2850 779/540
f 783/2850 163/2851 3230/2852
f 3230/2852 163/2851 3179/2853
f 3230/2852 3207/2800 783/2850
f 783/2850 3207/2800 1588/588
f 790/129 712/130 811/2854
f 811/2854 712/130 711/2840
f 811/2854 711/2840 3231/2855
f 3231/2855 711/2840 3224/2841
f 3232/2856 3217/2843 833/2857
f 833/2857 3217/2843 142/2842
f 821/131 790/129 833/2857
f 833/2857 790/129 811/2854
f 833/2857 811/2854 3232/2856
f 3232/2856 811/2854 3231/2855
f 142/2842 156/133 833/2857
f 833/2857 156/133 821/131
f 1651/2858 627/2859 3143/2694
f 3143/2694 627/2859 3120/2686
f 627/2859 1651/2858 3238/2860
f 3238/2860 1651/2858 3209/2861
f 639/2862 288/2863 3239/2864
f 3239/2864 288/2863 3234/2865
f 639/2862 312/2866 3121/2639
f 3121/2639 312/2866 3115/2642
f 3239/2864 3236/2867 639/2862
f 639/2862 3236/2867 312/2866
f 288/2863 639/2862 3112/2640
f 3112/2640 639/2862 3121/2639
f 654/2868 288/2863 3122/2644
f 3122/2644 288/2863 3112/2640
f 3240/2869 3234/2865 654/2868
f 654/2868 3234/2865 288/2863
f 670/2870 3123/2657 2938/2871
f 2938/2871 3123/2657 3173/2753
f 3242/2872 3235/2873 678/2874
f 678/2874 3235/2873 306/2875
f 3125/2648 678/2874 3113/2650
f 3113/2650 678/2874 306/2875
f 678/2874 3125/2648 670/2870
f 670/2870 3125/2648 3123/2657
f 678/2874 670/2870 3242/2872
f 3242/2872 670/2870 3241/2876
f 694/2877 306/2875 3243/2878
f 3243/2878 306/2875 3235/2873
f 694/2877 654/2868 3127/2659
f 3127/2659 654/2868 3122/2644
f 3243/2878 3240/2869 694/2877
f 694/2877 3240/2869 654/2868
f 306/2875 694/2877 3113/2650
f 3113/2650 694/2877 3127/2659
f 699/2879 1651/2858 3128/2690
f 3128/2690 1651/2858 3143/2694
f 3244/2880 3209/2861 699/2879
f 699/2879 3209/2861 1651/2858
f 3135/2671 3117/2672 1103/2881
f 1103/2881 3117/2672 363/2675
f 1103/2881 363/2675 3246/2882
f 3246/2882 363/2675 3187/2785
f 1121/2883 3136/2740 1960/2884
f 1960/2884 3136/2740 3166/2739
f 3247/2885 1121/2883 3212/2886
f 3212/2886 1121/2883 1960/2884
f 1201/2887 3138/2679 1017/2888
f 1017/2888 3138/2679 3129/2680
f 3248/2889 1201/2887 3233/2890
f 3233/2890 1201/2887 1017/2888
f 1508/2891 273/2892 1523/478
f 1523/478 273/2892 857/479
f 3250/2893 3181/2894 1508/2891
f 1508/2891 3181/2894 273/2892
f 1047/2895 1508/2891 1052/510
f 1052/510 1508/2891 1523/478
f 1508/2891 1047/2895 3250/2893
f 3250/2893 1047/2895 3203/2896
f 1522/2897 1050/503 1521/477
f 1521/477 1050/503 1049/498
f 3251/2898 3202/2795 1522/2897
f 1522/2897 3202/2795 1050/503
f 275/2813 1522/2897 271/476
f 271/476 1522/2897 1521/477
f 1522/2897 275/2813 3251/2898
f 3251/2898 275/2813 3182/2811
f 1551/2899 219/2900 3252/2901
f 3252/2901 219/2900 3222/2902
f 1551/2899 1047/2895 1544/526
f 1544/526 1047/2895 1052/510
f 3252/2901 3203/2896 1551/2899
f 1551/2899 3203/2896 1047/2895
f 219/2900 1551/2899 856/549
f 856/549 1551/2899 1544/526
f 3253/2903 3179/2853 1564/2904
f 1564/2904 3179/2853 163/2851
f 1562/2905 150/2825 3254/2906
f 3254/2906 150/2825 3219/2826
f 1565/542 221/533 1564/2904
f 1564/2904 221/533 222/534
f 1564/2904 222/534 3253/2903
f 3253/2903 222/534 3180/2799
f 1564/2904 163/2851 1565/542
f 1565/542 163/2851 162/539
f 1562/2905 219/2900 1575/548
f 1575/548 219/2900 856/549
f 3254/2906 3222/2902 1562/2905
f 1562/2905 3222/2902 219/2900
f 150/2825 1562/2905 151/161
f 151/161 1562/2905 1575/548
f 3255/2907 3200/2827 1587/2908
f 1587/2908 3200/2827 778/2824
f 1591/596 152/595 1587/2908
f 1587/2908 152/595 146/2820
f 1587/2908 146/2820 3255/2907
f 3255/2907 146/2820 3218/2822
f 1587/2908 778/2824 1591/596
f 1591/596 778/2824 774/162
f 3256/2909 3211/2810 1606/2910
f 1606/2910 3211/2810 1825/2812
f 1663/2911 312/2866 3257/2912
f 3257/2912 312/2866 3236/2867
f 1639/2913 627/2859 3258/2914
f 3258/2914 627/2859 3238/2860
f 1663/2911 699/2879 3142/2689
f 3142/2689 699/2879 3128/2690
f 3257/2912 3244/2880 1663/2911
f 1663/2911 3244/2880 699/2879
f 312/2866 1663/2911 3115/2642
f 3115/2642 1663/2911 3142/2689
f 1639/2913 324/2915 3141/2685
f 3141/2685 324/2915 3116/2688
f 3258/2914 3237/2916 1639/2913
f 1639/2913 3237/2916 324/2915
f 627/2859 1639/2913 3120/2686
f 3120/2686 1639/2913 3141/2685
f 1656/2917 3144/2720 632/2715
f 632/2715 3144/2720 3156/2714
f 3259/2918 1656/2917 3188/2806
f 3188/2806 1656/2917 632/2715
f 704/2919 3160/2731 1656/2917
f 1656/2917 3160/2731 3144/2720
f 1656/2917 3259/2918 704/2919
f 704/2919 3259/2918 3194/2920
f 1668/2921 3163/2732 704/2919
f 704/2919 3163/2732 3160/2731
f 3163/2732 1668/2921 3153/2721
f 3153/2721 1668/2921 317/2722
f 3260/2922 1668/2921 3194/2920
f 3194/2920 1668/2921 704/2919
f 1668/2921 3260/2922 317/2722
f 317/2722 3260/2922 3185/2763
f 1017/2888 3129/2680 1811/2923
f 1811/2923 3129/2680 3145/2697
f 1811/2923 3261/2924 1017/2888
f 1017/2888 3261/2924 3233/2890
f 3147/2698 3135/2671 1838/2925
f 1838/2925 3135/2671 1103/2881
f 1838/2925 1103/2881 3262/2926
f 3262/2926 1103/2881 3246/2882
f 1972/2927 3264/2928 1811/2923
f 1811/2923 3264/2928 3261/2924
f 1972/2927 3167/2742 1121/2883
f 1121/2883 3167/2742 3136/2740
f 3264/2928 1972/2927 3247/2885
f 3247/2885 1972/2927 1121/2883
f 1811/2923 3145/2697 1972/2927
f 1972/2927 3145/2697 3167/2742
f 2013/2929 3265/2930 1960/2884
f 1960/2884 3265/2930 3212/2886
f 2013/2929 3168/2744 268/2931
f 268/2931 3168/2744 3111/2668
f 3265/2930 2013/2929 3245/2932
f 3245/2932 2013/2929 268/2931
f 1960/2884 3166/2739 2013/2929
f 2013/2929 3166/2739 3168/2744
f 3266/2933 3204/2784 2275/2934
f 2275/2934 3204/2784 1163/2676
f 3169/2745 3116/2688 2275/2934
f 2275/2934 3116/2688 324/2915
f 2275/2934 324/2915 3266/2933
f 3266/2933 324/2915 3237/2916
f 2275/2934 1163/2676 3169/2745
f 3169/2745 1163/2676 3137/2674
f 3170/2747 2293/2935 3155/2730
f 3155/2730 2293/2935 283/2729
f 2293/2935 3267/2936 283/2729
f 283/2729 3267/2936 3201/2791
f 2293/2935 3170/2747 1201/2887
f 1201/2887 3170/2747 3138/2679
f 3267/2936 2293/2935 3248/2889
f 3248/2889 2293/2935 1201/2887
f 3268/2937 2933/2751 3191/2770
f 3191/2770 2933/2751 665/2725
f 2938/2871 3173/2753 3005/2938
f 3005/2938 3173/2753 3174/2755
f 3241/2876 670/2870 3269/2939
f 3269/2939 670/2870 2938/2871
f 3005/2938 3270/2940 2938/2871
f 2938/2871 3270/2940 3269/2939
f 2933/2751 3039/2941 3172/2750
f 3172/2750 3039/2941 3175/2757
f 3005/2938 3174/2755 3039/2941
f 3039/2941 3174/2755 3175/2757
f 3039/2941 3271/2942 3005/2938
f 3005/2938 3271/2942 3270/2940
f 3271/2942 3039/2941 3268/2937
f 3268/2937 3039/2941 2933/2751
f 2480/2943 3213/2816 2515/2776
f 2515/2776 3213/2816 3195/2775
f 3213/2816 2480/2943 3197/2817
f 3197/2817 2480/2943 2517/2944
f 2485/2945 3216/2819 2516/2778
f 2516/2778 3216/2819 3196/2779
f 2487/2946 3218/2822 2520/2947
f 2520/2947 3218/2822 3199/2823
f 3219/2826 3200/2827 2488/2948
f 2488/2948 3200/2827 2522/2949
f 3220/2829 2491/2950 3199/2823
f 3199/2823 2491/2950 2520/2947
f 2491/2950 3220/2829 2517/2944
f 2517/2944 3220/2829 3197/2817
f 3221/2831 2492/2951 3198/2782
f 3198/2782 2492/2951 2518/2783
f 1822/2952 1858/2953 1603/1567
f 1603/1567 1858/2953 1605/1566
f 1485/2954 844/483 1501/2955
f 1501/2955 844/483 1258/481
f 1486/2956 846/1549 2359/1536
f 2359/1536 846/1549 2336/1537
f 847/1135 1329/1131 1487/2957
f 1487/2957 1329/1131 1502/1132
f 1830/2958 1611/2548 3080/2702
f 3080/2702 1611/2548 3074/2551
f 3287/2959 345/2960 3288/2961
f 3288/2961 345/2960 344/2962
f 1831/2963 1612/799 1830/2958
f 1830/2958 1612/799 1611/2548
f 3288/2961 1831/2963 3287/2959
f 3287/2959 1831/2963 1830/2958
f 3290/2964 2511/2965 3273/2966
f 3273/2966 2511/2965 2482/2967
f 3273/2966 122/714 3290/2964
f 3290/2964 122/714 719/933
f 2511/2965 3225/2832 2482/2967
f 2482/2967 3225/2832 3214/2834
f 3225/2832 2511/2965 3224/2841
f 3224/2841 2511/2965 2510/2968
f 2511/2965 3290/2964 2510/2968
f 2510/2968 3290/2964 3289/2969
f 3291/2970 3274/2971 2512/2972
f 2512/2972 3274/2971 2483/2973
f 3290/2964 719/933 3289/2969
f 3289/2969 719/933 710/935
f 3274/2971 3291/2970 126/922
f 126/922 3291/2970 714/930
f 3226/2836 3217/2843 2512/2972
f 2512/2972 3217/2843 2486/2974
f 2512/2972 2486/2974 3291/2970
f 3291/2970 2486/2974 3276/2975
f 2512/2972 2483/2973 3226/2836
f 3226/2836 2483/2973 3215/2837
f 3292/2976 2513/2977 3275/2978
f 3275/2978 2513/2977 2485/2945
f 3276/2975 141/932 3291/2970
f 3291/2970 141/932 714/930
f 3275/2978 136/712 3292/2976
f 3292/2976 136/712 731/710
f 3227/2845 2513/2977 3214/2834
f 3214/2834 2513/2977 2482/2967
f 2513/2977 3292/2976 2482/2967
f 2482/2967 3292/2976 3273/2966
f 2513/2977 3227/2845 2485/2945
f 2485/2945 3227/2845 3216/2819
f 3228/2846 3215/2837 2514/2979
f 2514/2979 3215/2837 2483/2973
f 3292/2976 731/710 3273/2966
f 3273/2966 731/710 122/714
f 2514/2979 2484/2777 3228/2846
f 3228/2846 2484/2777 3177/2774
f 2514/2979 2483/2973 3293/2980
f 3293/2980 2483/2973 3274/2971
f 3293/2980 3274/2971 728/923
f 728/923 3274/2971 126/922
f 3229/2849 2519/2981 3221/2831
f 3221/2831 2519/2981 2492/2951
f 2519/2981 3294/2982 2492/2951
f 2492/2951 3294/2982 3280/2983
f 2519/2981 3229/2849 2489/2803
f 2489/2803 3229/2849 3178/2802
f 2521/2984 2553/2801 3230/2852
f 3230/2852 2553/2801 3207/2800
f 3294/2982 764/718 3280/2983
f 3280/2983 764/718 172/716
f 3230/2852 3179/2853 2521/2984
f 2521/2984 3179/2853 2490/2985
f 3296/2986 3289/2969 810/938
f 810/938 3289/2969 710/935
f 3231/2855 3224/2841 2523/2987
f 2523/2987 3224/2841 2510/2968
f 2523/2987 2510/2968 3296/2986
f 3296/2986 2510/2968 3289/2969
f 3297/2988 3276/2975 2524/2989
f 2524/2989 3276/2975 2486/2974
f 3297/2988 832/939 3276/2975
f 3276/2975 832/939 141/932
f 3232/2856 3231/2855 2524/2989
f 2524/2989 3231/2855 2523/2987
f 2524/2989 2523/2987 3297/2988
f 3297/2988 2523/2987 3296/2986
f 2524/2989 2486/2974 3232/2856
f 3232/2856 2486/2974 3217/2843
f 3297/2988 3296/2986 832/939
f 832/939 3296/2986 810/938
f 57/488 81/2990 1258/481
f 1258/481 81/2990 1501/2955
f 845/1301 1489/2991 1183/1303
f 1183/1303 1489/2991 1500/1538
f 1492/2992 961/1142 2166/2993
f 2166/2993 961/1142 2145/1139
f 2167/1130 2120/1129 1493/2994
f 1493/2994 2120/1129 962/1137
f 3238/2860 3209/2861 2531/2995
f 2531/2995 3209/2861 2557/2996
f 3308/2997 3305/2998 2532/2999
f 2532/2999 3305/2998 2529/3000
f 3305/2998 3308/2997 1024/2433
f 1024/2433 3308/2997 1028/2432
f 3239/2864 3234/2865 2532/2999
f 2532/2999 3234/2865 2527/3001
f 2532/2999 2527/3001 3308/2997
f 3308/2997 2527/3001 3303/3002
f 2532/2999 2529/3000 3239/2864
f 3239/2864 2529/3000 3236/2867
f 3308/2997 3303/3002 1028/2432
f 1028/2432 3303/3002 1020/2435
f 2533/3003 2527/3001 3240/2869
f 3240/2869 2527/3001 3234/2865
f 3309/3004 3303/3002 2533/3003
f 2533/3003 3303/3002 2527/3001
f 3303/3002 3309/3004 1020/2435
f 1020/2435 3309/3004 1030/2437
f 3311/3005 3304/3006 2535/3007
f 2535/3007 3304/3006 2528/3008
f 3304/3006 3311/3005 1023/2441
f 1023/2441 3311/3005 1035/2440
f 3242/2872 3241/2876 2535/3007
f 2535/3007 3241/2876 2534/3009
f 2535/3007 2534/3009 3311/3005
f 3311/3005 2534/3009 3310/3010
f 2535/3007 2528/3008 3242/2872
f 3242/2872 2528/3008 3235/2873
f 3312/3011 3309/3004 2536/3012
f 2536/3012 3309/3004 2533/3003
f 3311/3005 3310/3010 1035/2440
f 1035/2440 3310/3010 1032/2442
f 3309/3004 3312/3011 1030/2437
f 1030/2437 3312/3011 1037/2445
f 3243/2878 3235/2873 2536/3012
f 2536/3012 3235/2873 2528/3008
f 2536/3012 2528/3008 3312/3011
f 3312/3011 2528/3008 3304/3006
f 2536/3012 2533/3003 3243/2878
f 3243/2878 2533/3003 3240/2869
f 3312/3011 3304/3006 1037/2445
f 1037/2445 3304/3006 1023/2441
f 2537/3013 2557/2996 3244/2880
f 3244/2880 2557/2996 3209/2861
f 273/2892 1495/3014 857/479
f 857/479 1495/3014 1491/3015
f 1497/3016 271/476 1488/3017
f 1488/3017 271/476 798/473
f 1498/3018 272/471 1491/3015
f 1491/3015 272/471 857/479
f 272/471 1498/3018 798/473
f 798/473 1498/3018 1488/3017
f 3319/3019 3317/3020 1093/2707
f 1093/2707 3317/3020 1091/2708
f 275/2813 271/476 1499/3021
f 1499/3021 271/476 1497/3016
f 1499/3021 1497/3016 3319/3019
f 3319/3019 1497/3016 3317/3020
f 3246/2882 3187/2785 2541/3022
f 2541/3022 3187/2785 2502/2787
f 2542/3023 3247/2885 2566/3024
f 2566/3024 3247/2885 3212/2886
f 3302/3025 1015/849 3324/3026
f 3324/3026 1015/849 1200/1391
f 2544/3027 3248/2889 2526/3028
f 2526/3028 3248/2889 3233/2890
f 3324/3026 2544/3027 3302/3025
f 3302/3025 2544/3027 2526/3028
f 1849/3029 1630/787 1834/3030
f 1834/3030 1630/787 1615/793
f 3325/3031 1849/3029 3299/3032
f 3299/3032 1849/3029 1834/3030
f 1630/787 1849/3029 1617/789
f 1617/789 1849/3029 1870/3033
f 3299/3032 922/377 3325/3031
f 3325/3031 922/377 1293/376
f 1503/3034 1300/492 1485/2954
f 1485/2954 1300/492 844/483
f 3326/3035 1503/3034 3284/3036
f 3284/3036 1503/3034 1485/2954
f 2166/2993 2145/1139 1503/3034
f 1503/3034 2145/1139 1300/492
f 3284/3036 258/910 3326/3035
f 3326/3035 258/910 1285/912
f 1371/1293 1504/3037 962/1137
f 962/1137 1504/3037 1493/2994
f 1504/3037 3327/3038 1493/2994
f 1493/2994 3327/3038 3301/3039
f 1505/3040 1396/1144 1492/2992
f 1492/2992 1396/1144 961/1142
f 3328/3041 1505/3040 3300/3042
f 3300/3042 1505/3040 1492/2992
f 1851/3043 3329/3044 1834/3030
f 1834/3030 3329/3044 3299/3032
f 3300/3042 908/1194 3328/3041
f 3328/3041 908/1194 1382/1195
f 3288/2961 344/2962 3329/3044
f 3329/3044 344/2962 1390/393
f 1851/3043 1632/800 1831/2963
f 1831/2963 1632/800 1612/799
f 3329/3044 1851/3043 3288/2961
f 3288/2961 1851/3043 1831/2963
f 1632/800 1851/3043 1615/793
f 1615/793 1851/3043 1834/3030
f 1634/806 1853/3045 1618/754
f 1618/754 1853/3045 1871/767
f 3329/3044 1390/393 3299/3032
f 3299/3032 1390/393 922/377
f 1853/3045 1634/806 1870/3033
f 1870/3033 1634/806 1617/789
f 3133/2704 1095/3046 3150/2706
f 3150/2706 1095/3046 1092/3047
f 1095/3046 3133/2704 1091/2708
f 1091/2708 3133/2704 3149/2705
f 3334/3048 3317/3020 1488/3017
f 1488/3017 3317/3020 1497/3016
f 267/3049 1730/1718 2027/1002
f 2027/1002 1730/1718 2035/1003
f 1095/3046 3334/3048 1092/3047
f 1092/3047 3334/3048 3318/3050
f 1095/3046 1091/2708 3334/3048
f 3334/3048 1091/2708 3317/3020
f 3334/3048 1488/3017 3318/3050
f 3318/3050 1488/3017 1498/3018
f 1096/3051 3134/2667 1092/3047
f 1092/3047 3134/2667 3150/2706
f 3318/3050 1498/3018 3336/3052
f 3336/3052 1498/3018 1491/3015
f 3336/3052 1096/3051 3318/3050
f 3318/3050 1096/3051 1092/3047
f 268/2931 3111/2668 1096/3051
f 1096/3051 3111/2668 3134/2667
f 3336/3052 3315/3053 1096/3051
f 1096/3051 3315/3053 268/2931
f 3315/3053 3336/3052 1495/3014
f 1495/3014 3336/3052 1491/3015
f 1016/3054 267/3049 2012/3055
f 2012/3055 267/3049 2027/1002
f 2032/1587 1157/3056 2011/1343
f 2011/1343 1157/3056 259/1344
f 1157/3056 3338/3057 259/1344
f 259/1344 3338/3057 3298/3058
f 1236/3059 2033/918 258/910
f 258/910 2033/918 2024/911
f 3338/3057 1500/1538 3298/3058
f 3298/3058 1500/1538 1489/2991
f 3284/3036 1485/2954 3339/3060
f 3339/3060 1485/2954 1501/2955
f 2033/918 1236/3059 99/919
f 99/919 1236/3059 28/3061
f 1236/3059 3339/3060 28/3061
f 28/3061 3339/3060 106/3062
f 3339/3060 1236/3059 3284/3036
f 3284/3036 1236/3059 258/910
f 3339/3060 1501/2955 106/3062
f 106/3062 1501/2955 81/2990
f 1307/3063 2015/1189 265/2213
f 265/2213 2015/1189 2026/2214
f 3340/3064 1307/3063 3286/3065
f 3286/3065 1307/3063 265/2213
f 3250/2893 3203/2896 2547/3066
f 2547/3066 3203/2896 2539/3067
f 3286/3065 1487/2957 3340/3064
f 3340/3064 1487/2957 1502/1132
f 2547/3066 2496/3068 3250/2893
f 3250/2893 2496/3068 3181/2894
f 3251/2898 3182/2811 2548/3069
f 2548/3069 3182/2811 2497/2809
f 2548/3069 2538/2797 3251/2898
f 3251/2898 2538/2797 3202/2795
f 3252/2901 3222/2902 2550/3070
f 2550/3070 3222/2902 2493/3071
f 2550/3070 2539/3067 3252/2901
f 3252/2901 2539/3067 3203/2896
f 2550/3070 2493/3071 3343/3072
f 3343/3072 2493/3071 3281/3073
f 3253/2903 3180/2799 2551/3074
f 2551/3074 3180/2799 2494/2798
f 3343/3072 3281/3073 1550/726
f 1550/726 3281/3073 218/725
f 2551/3074 2490/2985 3253/2903
f 3253/2903 2490/2985 3179/2853
f 2552/3075 2488/2948 3345/3076
f 3345/3076 2488/2948 3278/3077
f 3345/3076 3278/3077 1561/728
f 1561/728 3278/3077 149/730
f 2552/3075 2493/3071 3254/2906
f 3254/2906 2493/3071 3222/2902
f 3345/3076 3281/3073 2552/3075
f 2552/3075 3281/3073 2493/3071
f 3254/2906 3219/2826 2552/3075
f 2552/3075 3219/2826 2488/2948
f 3281/3073 3345/3076 218/725
f 218/725 3345/3076 1561/728
f 2554/3078 3255/2907 2487/2946
f 2487/2946 3255/2907 3218/2822
f 3346/3079 2554/3078 3277/3080
f 3277/3080 2554/3078 2487/2946
f 2554/3078 2522/2949 3255/2907
f 3255/2907 2522/2949 3200/2827
f 3277/3080 145/956 3346/3079
f 3346/3079 145/956 1586/954
f 1635/3081 1854/3082 1606/2910
f 1606/2910 1854/3082 1859/3083
f 2555/3084 2565/2808 3256/2909
f 3256/2909 2565/2808 3211/2810
f 3349/3085 3313/3086 2556/3087
f 2556/3087 3313/3086 2537/3013
f 3349/3085 3305/2998 1687/2450
f 1687/2450 3305/2998 1024/2433
f 3257/2912 3236/2867 2556/3087
f 2556/3087 3236/2867 2529/3000
f 2556/3087 2529/3000 3349/3085
f 3349/3085 2529/3000 3305/2998
f 2556/3087 2537/3013 3257/2912
f 3257/2912 2537/3013 3244/2880
f 2558/3088 2531/2995 3350/3089
f 3350/3089 2531/2995 3307/3090
f 3313/3086 3349/3085 1038/2453
f 1038/2453 3349/3085 1687/2450
f 3350/3089 3307/3090 1686/2455
f 1686/2455 3307/3090 1027/2456
f 2558/3088 2530/3091 3258/2914
f 3258/2914 2530/3091 3237/2916
f 3350/3089 3306/3092 2558/3088
f 2558/3088 3306/3092 2530/3091
f 3258/2914 3238/2860 2558/3088
f 2558/3088 3238/2860 2531/2995
f 3259/2918 2559/3093 3194/2920
f 3194/2920 2559/3093 2509/3094
f 3306/3092 3350/3089 1026/2460
f 1026/2460 3350/3089 1686/2455
f 2559/3093 3259/2918 2503/2807
f 2503/2807 3259/2918 3188/2806
f 3260/2922 2560/3095 3185/2763
f 3185/2763 2560/3095 2500/2762
f 2560/3095 3260/2922 2509/3094
f 2509/3094 3260/2922 3194/2920
f 1770/948 1783/3096 848/949
f 848/949 1783/3096 1490/3097
f 3353/3098 3335/3099 1783/3096
f 1783/3096 3335/3099 1490/3097
f 3335/3099 3353/3098 267/3049
f 267/3049 3353/3098 1730/1718
f 1792/1714 1602/3100 1888/3101
f 1888/3101 1602/3100 1821/3102
f 3261/2924 2562/3103 3233/2890
f 3233/2890 2562/3103 2526/3028
f 2562/3103 3355/3104 2526/3028
f 2526/3028 3355/3104 3302/3025
f 3355/3104 1810/847 3302/3025
f 3302/3025 1810/847 1015/849
f 1891/3105 1819/809 1877/766
f 1877/766 1819/809 1625/752
f 3357/3106 3321/3107 1842/2463
f 1842/2463 3321/3107 1108/2464
f 1887/3108 1499/3021 3359/3109
f 3359/3109 1499/3021 3319/3019
f 3347/3110 3359/3109 1616/2736
f 1616/2736 3359/3109 1835/2735
f 1887/3108 1635/3081 1825/2812
f 1825/2812 1635/3081 1606/2910
f 3359/3109 3347/3110 1887/3108
f 1887/3108 3347/3110 1635/3081
f 1887/3108 1825/2812 1499/3021
f 1499/3021 1825/2812 275/2813
f 3359/3109 3319/3019 1835/2735
f 1835/2735 3319/3019 1093/2707
f 3046/3111 3086/3112 236/3113
f 236/3113 3086/3112 242/3114
f 236/3113 242/3114 1942/3115
f 1942/3115 242/3114 1923/3116
f 801/3117 352/3118 3368/3119
f 3368/3119 352/3118 3365/3120
f 3366/3121 3368/3119 1862/762
f 1862/762 3368/3119 1866/763
f 801/3117 351/3122 802/203
f 802/203 351/3122 237/204
f 3368/3119 3366/3121 801/3117
f 801/3117 3366/3121 351/3122
f 352/3118 801/3117 354/3123
f 354/3123 801/3117 802/203
f 861/3124 351/3122 3369/3125
f 3369/3125 351/3122 3366/3121
f 3368/3119 3365/3120 1866/763
f 1866/763 3365/3120 1861/839
f 3367/3126 3369/3125 1863/764
f 1863/764 3369/3125 1867/765
f 861/3124 350/3127 862/208
f 862/208 350/3127 238/908
f 3369/3125 3367/3126 861/3124
f 861/3124 3367/3126 350/3127
f 862/208 237/204 861/3124
f 861/3124 237/204 351/3122
f 3369/3125 3366/3121 1867/765
f 1867/765 3366/3121 1862/762
f 3371/3128 343/3129 3330/3130
f 3330/3130 343/3129 1426/3131
f 3330/3130 1853/3045 3371/3128
f 3371/3128 1853/3045 1870/3033
f 347/360 343/3129 1315/359
f 1315/359 343/3129 1293/376
f 343/3129 3371/3128 1293/376
f 1293/376 3371/3128 3325/3031
f 1426/3131 343/3129 1427/616
f 1427/616 343/3129 347/360
f 3371/3128 1870/3033 3325/3031
f 3325/3031 1870/3033 1849/3029
f 342/3132 3372/3133 1426/3131
f 1426/3131 3372/3133 3330/3130
f 348/619 342/3132 1427/616
f 1427/616 342/3132 1426/3131
f 3372/3133 1871/767 3330/3130
f 3330/3130 1871/767 1853/3045
f 3374/3134 341/3135 3356/3136
f 3356/3136 341/3135 1799/856
f 3356/3136 1891/3105 3374/3134
f 3374/3134 1891/3105 1877/766
f 349/841 341/3135 348/619
f 348/619 341/3135 342/3132
f 341/3135 3374/3134 342/3132
f 342/3132 3374/3134 3372/3133
f 341/3135 349/841 1799/856
f 1799/856 349/841 1800/845
f 3374/3134 1877/766 3372/3133
f 3372/3133 1877/766 1871/767
f 3375/3137 3361/3138 1879/1578
f 1879/1578 3361/3138 1857/768
f 3376/3139 107/3140 1880/769
f 1880/769 107/3140 95/774
f 3361/3138 3376/3139 1857/768
f 1857/768 3376/3139 1880/769
f 3377/3141 3365/3120 1898/3142
f 1898/3142 3365/3120 352/3118
f 3377/3141 1922/2549 3365/3120
f 3365/3120 1922/2549 1861/839
f 1953/3143 1948/2604 1860/3144
f 1860/3144 1948/2604 1607/2602
f 3378/3145 1953/3143 3364/3146
f 3364/3146 1953/3143 1860/3144
f 2567/3147 3379/3148 2562/3103
f 2562/3103 3379/3148 3355/3104
f 3364/3146 236/3113 3378/3145
f 3378/3145 236/3113 1942/3115
f 3379/3148 1965/858 3355/3104
f 3355/3104 1965/858 1810/847
f 2019/903 2018/904 2003/3149
f 2003/3149 2018/904 1983/906
f 2567/3147 3264/2928 2542/3023
f 2542/3023 3264/2928 3247/2885
f 3379/3148 2567/3147 3322/3150
f 3322/3150 2567/3147 2542/3023
f 3264/2928 2567/3147 3261/2924
f 3261/2924 2567/3147 2562/3103
f 3322/3150 1114/860 3379/3148
f 3379/3148 1114/860 1965/858
f 2003/3149 1983/906 1845/3151
f 1845/3151 1983/906 1626/878
f 3380/3152 2003/3149 3323/3153
f 3323/3153 2003/3149 1845/3151
f 3381/3154 2004/3155 3356/3136
f 3356/3136 2004/3155 1891/3105
f 3380/3152 3323/3153 1963/893
f 1963/893 3323/3153 1112/854
f 3381/3154 1986/855 3323/3153
f 3323/3153 1986/855 1112/854
f 2001/875 2004/3155 1626/878
f 1626/878 2004/3155 1845/3151
f 2004/3155 3381/3154 1845/3151
f 1845/3151 3381/3154 3323/3153
f 2004/3155 2001/875 1891/3105
f 1891/3105 2001/875 1819/809
f 3356/3136 1799/856 3381/3154
f 3381/3154 1799/856 1986/855
f 2022/3156 350/3127 3383/3157
f 3383/3157 350/3127 3367/3126
f 2568/3158 3265/2930 2540/3159
f 2540/3159 3265/2930 3245/2932
f 3265/2930 2568/3158 3212/2886
f 3212/2886 2568/3158 2566/3024
f 3380/3152 3383/3157 2003/3149
f 2003/3149 3383/3157 2019/903
f 2022/3156 1963/893 2023/909
f 2023/909 1963/893 1964/894
f 3383/3157 3380/3152 2022/3156
f 2022/3156 3380/3152 1963/893
f 2022/3156 2023/909 350/3127
f 350/3127 2023/909 238/908
f 2105/3160 2443/2109 2066/1713
f 2066/1713 2443/2109 2437/2040
f 3383/3157 3367/3126 2019/903
f 2019/903 3367/3126 1863/764
f 1888/3101 2105/3160 1792/1714
f 1792/1714 2105/3160 2066/1713
f 2055/1697 2100/3161 1770/948
f 1770/948 2100/3161 1783/3096
f 3385/3162 3353/3098 2100/3161
f 2100/3161 3353/3098 1783/3096
f 2184/1192 2133/3163 2016/913
f 2016/913 2133/3163 1285/912
f 3353/3098 3385/3162 1730/1718
f 1730/1718 3385/3162 2047/1717
f 3386/3164 2166/2993 3326/3035
f 3326/3035 2166/2993 1503/3034
f 2133/3163 3386/3164 1285/912
f 1285/912 3386/3164 3326/3035
f 2133/3163 2184/1192 908/1194
f 908/1194 2184/1192 2028/1193
f 3386/3164 2133/3163 3300/3042
f 3300/3042 2133/3163 908/1194
f 3300/3042 1492/2992 3386/3164
f 3386/3164 1492/2992 2166/2993
f 3387/3165 2167/1130 3301/3039
f 3301/3039 2167/1130 1493/2994
f 2110/3166 2183/1190 1307/3063
f 1307/3063 2183/1190 2015/1189
f 3387/3165 2110/3166 3340/3064
f 3340/3064 2110/3166 1307/3063
f 3388/3167 2244/3168 3328/3041
f 3328/3041 2244/3168 1505/3040
f 3340/3064 1502/1132 3387/3165
f 3387/3165 1502/1132 2167/1130
f 3388/3167 2214/1345 3298/3058
f 3298/3058 2214/1345 259/1344
f 2243/3169 3389/3170 1504/3037
f 1504/3037 3389/3170 3327/3038
f 2226/1298 2244/3168 845/1301
f 845/1301 2244/3168 1489/2991
f 2244/3168 3388/3167 1489/2991
f 1489/2991 3388/3167 3298/3058
f 2244/3168 2226/1298 1505/3040
f 1505/3040 2226/1298 1396/1144
f 3328/3041 1382/1195 3388/3167
f 3388/3167 1382/1195 2214/1345
f 3389/3170 2187/1341 3327/3038
f 3327/3038 2187/1341 1349/1339
f 2243/3169 2197/1295 1486/2956
f 1486/2956 2197/1295 846/1549
f 3389/3170 2243/3169 3285/3171
f 3285/3171 2243/3169 1486/2956
f 1504/3037 1371/1293 2243/3169
f 2243/3169 1371/1293 2197/1295
f 3285/3171 264/1417 3389/3170
f 3389/3170 264/1417 2187/1341
f 3266/2933 3237/2916 2569/3172
f 2569/3172 3237/2916 2530/3091
f 2569/3172 2530/3091 3390/3173
f 3390/3173 2530/3091 3306/3092
f 2569/3172 2543/2786 3266/2933
f 3266/2933 2543/2786 3204/2784
f 3390/3173 3306/3092 2294/2466
f 2294/2466 3306/3092 1026/2460
f 2366/1577 1605/1566 2370/3174
f 2370/3174 1605/1566 1858/2953
f 2370/3174 1879/1578 2366/1577
f 2366/1577 1879/1578 1627/1576
f 2570/3175 3267/2936 2544/3027
f 2544/3027 3267/2936 3248/2889
f 3393/3176 2317/3177 3285/3171
f 3285/3171 2317/3177 264/1417
f 3267/2936 2570/3175 3201/2791
f 3201/2791 2570/3175 2525/2790
f 3392/3178 2570/3175 3324/3026
f 3324/3026 2570/3175 2544/3027
f 3324/3026 1200/1391 3392/3178
f 3392/3178 1200/1391 2292/1393
f 3393/3176 2359/1536 3338/3057
f 3338/3057 2359/1536 1500/1538
f 2376/1588 2317/3177 2032/1587
f 2032/1587 2317/3177 1157/3056
f 2317/3177 3393/3176 1157/3056
f 1157/3056 3393/3176 3338/3057
f 2317/3177 2376/1588 264/1417
f 264/1417 2376/1588 2025/1418
f 3285/3171 1486/2956 3393/3176
f 3393/3176 1486/2956 2359/1536
f 2426/2026 2475/3179 2055/1697
f 2055/1697 2475/3179 2100/3161
f 3394/3180 3385/3162 2475/3179
f 2475/3179 3385/3162 2100/3161
f 3385/3162 3394/3180 2047/1717
f 2047/1717 3394/3180 2418/2043
f 3384/3181 3395/3182 2105/3160
f 2105/3160 3395/3182 2443/2109
f 132/3183 728/923 1717/975
f 1717/975 728/923 1758/921
f 3399/3184 3293/2980 132/3183
f 132/3183 3293/2980 728/923
f 159/3185 1723/990 764/718
f 764/718 1723/990 1765/717
f 3293/2980 3399/3184 2514/2979
f 2514/2979 3399/3184 2484/2777
f 3400/3186 159/3185 3294/2982
f 3294/2982 159/3185 764/718
f 1563/3187 1788/998 164/3188
f 164/3188 1788/998 1724/994
f 3294/2982 2519/2981 3400/3186
f 3400/3186 2519/2981 2489/2803
f 3295/3189 2521/2984 3401/3190
f 3401/3190 2521/2984 2490/2985
f 164/3188 1724/994 782/3191
f 782/3191 1724/994 1767/992
f 3401/3190 164/3188 3295/3189
f 3295/3189 164/3188 782/3191
f 164/3188 3401/3190 1563/3187
f 1563/3187 3401/3190 3344/3192
f 3401/3190 2490/2985 3344/3192
f 3344/3192 2490/2985 2551/3074
f 223/3193 1728/1671 1563/3187
f 1563/3187 1728/1671 1788/998
f 3402/3194 223/3193 3344/3192
f 3344/3192 223/3193 1563/3187
f 3344/3192 2551/3074 3402/3194
f 3402/3194 2551/3074 2494/2798
f 848/949 1490/3097 274/3195
f 274/3195 1490/3097 1494/3196
f 3341/3197 3403/3198 2547/3066
f 2547/3066 3403/3198 2496/3068
f 246/3199 1729/1695 1518/3200
f 1518/3200 1729/1695 1784/1692
f 274/3195 1507/3201 848/949
f 848/949 1507/3201 1514/944
f 3403/3198 3341/3197 274/3195
f 274/3195 3341/3197 1507/3201
f 246/3199 1518/3200 3404/3202
f 3404/3202 1518/3200 3342/3203
f 3404/3202 3342/3203 2497/2809
f 2497/2809 3342/3203 2548/3069
f 1689/3204 1669/965 1025/3205
f 1025/3205 1669/965 318/702
f 1025/3205 3407/3206 1689/3204
f 1689/3204 3407/3206 3352/3207
f 3407/3206 2500/2762 3352/3207
f 3352/3207 2500/2762 2560/3095
f 3021/2447 3024/2446 1018/3208
f 1018/3208 3024/2446 1108/2464
f 1018/3208 1108/2464 3409/3209
f 3409/3209 1108/2464 3321/3107
f 3409/3209 3321/3107 2502/2787
f 2502/2787 3321/3107 2541/3022
f 1013/3210 633/959 1685/3211
f 1685/3211 633/959 1657/961
f 3410/3212 1013/3210 3351/3213
f 3351/3213 1013/3210 1685/3211
f 1029/3214 3411/3215 1025/3205
f 1025/3205 3411/3215 3407/3206
f 3351/3213 2559/3093 3410/3212
f 3410/3212 2559/3093 2503/2807
f 3405/3216 2498/2761 3411/3215
f 3411/3215 2498/2761 2504/2759
f 1029/3214 645/700 1021/3217
f 1021/3217 645/700 294/698
f 3411/3215 1029/3214 3405/3216
f 3405/3216 1029/3214 1021/3217
f 645/700 1029/3214 318/702
f 318/702 1029/3214 1025/3205
f 3411/3215 2504/2759 3407/3206
f 3407/3206 2504/2759 2500/2762
f 650/704 1031/3218 294/698
f 294/698 1031/3218 1021/3217
f 1031/3218 3412/3219 1021/3217
f 1021/3217 3412/3219 3405/3216
f 1033/3220 666/2321 2944/2475
f 2944/2475 666/2321 2934/2470
f 3412/3219 2505/2764 3405/3216
f 3405/3216 2505/2764 2498/2761
f 1034/3221 3414/3222 1022/3223
f 1022/3223 3414/3222 3406/3224
f 3414/3222 2507/2766 3406/3224
f 3406/3224 2507/2766 2499/2768
f 1034/3221 674/2318 1033/3220
f 1033/3220 674/2318 666/2321
f 3414/3222 1034/3221 3413/3225
f 3413/3225 1034/3221 1033/3220
f 674/2318 1034/3221 301/706
f 301/706 1034/3221 1022/3223
f 3415/3226 1036/3227 3406/3224
f 3406/3224 1036/3227 1022/3223
f 3413/3225 2506/2771 3414/3222
f 3414/3222 2506/2771 2507/2766
f 3415/3226 2508/2772 3412/3219
f 3412/3219 2508/2772 2505/2764
f 1685/3211 1657/961 1014/3228
f 1014/3228 1657/961 705/963
f 690/708 1036/3227 650/704
f 650/704 1036/3227 1031/3218
f 1036/3227 3415/3226 1031/3218
f 1031/3218 3415/3226 3412/3219
f 1036/3227 690/708 1022/3223
f 1022/3223 690/708 301/706
f 3406/3224 2499/2768 3415/3226
f 3415/3226 2499/2768 2508/2772
f 3352/3207 2560/3095 3416/3229
f 3416/3229 2560/3095 2509/3094
f 743/3230 114/3231 3417/3232
f 3417/3232 114/3231 3272/3233
f 1014/3228 705/963 1689/3204
f 1689/3204 705/963 1669/965
f 3416/3229 1014/3228 3352/3207
f 3352/3207 1014/3228 1689/3204
f 1014/3228 3416/3229 1685/3211
f 1685/3211 3416/3229 3351/3213
f 3416/3229 2509/3094 3351/3213
f 3351/3213 2509/3094 2559/3093
f 3272/3233 2480/2943 3417/3232
f 3417/3232 2480/2943 2515/2776
f 743/3230 132/3183 1760/980
f 1760/980 132/3183 1717/975
f 3417/3232 3399/3184 743/3230
f 743/3230 3399/3184 132/3183
f 114/3231 743/3230 1714/1664
f 1714/1664 743/3230 1760/980
f 746/3234 1761/982 136/712
f 136/712 1761/982 1722/711
f 3399/3184 3417/3232 2484/2777
f 2484/2777 3417/3232 2515/2776
f 3418/3235 2516/2778 3398/3236
f 3398/3236 2516/2778 2481/2780
f 3418/3235 746/3234 3275/2978
f 3275/2978 746/3234 136/712
f 119/3237 1715/984 746/3234
f 746/3234 1715/984 1761/982
f 746/3234 3418/3235 119/3237
f 119/3237 3418/3235 3398/3236
f 751/3238 114/3231 1762/1665
f 1762/1665 114/3231 1714/1664
f 3275/2978 2485/2945 3418/3235
f 3418/3235 2485/2945 2516/2778
f 3279/3239 2491/2950 3419/3240
f 3419/3240 2491/2950 2517/2944
f 751/3238 3419/3240 114/3231
f 114/3231 3419/3240 3272/3233
f 751/3238 1762/1665 170/3241
f 170/3241 1762/1665 1725/1670
f 3419/3240 751/3238 3279/3239
f 3279/3239 751/3238 170/3241
f 3420/3242 757/3243 3398/3236
f 3398/3236 757/3243 119/3237
f 3419/3240 2517/2944 3272/3233
f 3272/3233 2517/2944 2480/2943
f 3420/3242 2518/2783 3280/2983
f 3280/2983 2518/2783 2492/2951
f 1763/986 757/3243 1726/715
f 1726/715 757/3243 172/716
f 757/3243 3420/3242 172/716
f 172/716 3420/3242 3280/2983
f 757/3243 1763/986 119/3237
f 119/3237 1763/986 1715/984
f 1764/1680 768/3244 1725/1670
f 1725/1670 768/3244 170/3241
f 768/3244 1764/1680 145/956
f 145/956 1764/1680 1719/955
f 3398/3236 2481/2780 3420/3242
f 3420/3242 2481/2780 2518/2783
f 3277/3080 2487/2946 3421/3245
f 3421/3245 2487/2946 2520/2947
f 768/3244 3421/3245 170/3241
f 170/3241 3421/3245 3279/3239
f 3421/3245 768/3244 3277/3080
f 3277/3080 768/3244 145/956
f 777/3246 852/924 149/730
f 149/730 852/924 851/729
f 3421/3245 2520/2947 3279/3239
f 3279/3239 2520/2947 2491/2950
f 3422/3247 2522/2949 3346/3079
f 3346/3079 2522/2949 2554/3078
f 777/3246 149/730 3422/3247
f 3422/3247 149/730 3278/3077
f 777/3246 1766/1683 852/924
f 852/924 1766/1683 1772/926
f 777/3246 3422/3247 1586/954
f 1586/954 3422/3247 3346/3079
f 1766/1683 777/3246 1791/953
f 1791/953 777/3246 1586/954
f 3422/3247 3278/3077 2522/2949
f 2522/2949 3278/3077 2488/2948
f 2292/1393 2273/1394 1011/3248
f 1011/3248 2273/1394 282/927
f 1011/3248 3423/3249 2292/1393
f 2292/1393 3423/3249 3392/3178
f 1774/1687 1043/3250 1784/1692
f 1784/1692 1043/3250 1518/3200
f 3423/3249 2525/2790 3392/3178
f 3392/3178 2525/2790 2570/3175
f 1043/3250 3424/3251 1518/3200
f 1518/3200 3424/3251 3342/3203
f 1046/3252 1550/726 849/945
f 849/945 1550/726 1543/724
f 3342/3203 3424/3251 2548/3069
f 2548/3069 3424/3251 2538/2797
f 3343/3072 3425/3253 2550/3070
f 2550/3070 3425/3253 2539/3067
f 3425/3253 3343/3072 1046/3252
f 1046/3252 3343/3072 1550/726
f 1507/3201 1046/3252 1514/944
f 1514/944 1046/3252 849/945
f 1046/3252 1507/3201 3425/3253
f 3425/3253 1507/3201 3341/3197
f 1202/3254 2294/2466 3025/2448
f 3025/2448 2294/2466 3032/2465
f 3425/3253 3341/3197 2539/3067
f 2539/3067 3341/3197 2547/3066
f 3390/3173 3426/3255 2569/3172
f 2569/3172 3426/3255 2543/2786
f 3025/2448 3021/2447 1202/3254
f 1202/3254 3021/2447 1018/3208
f 1202/3254 1018/3208 3426/3255
f 3426/3255 1018/3208 3409/3209
f 3426/3255 3390/3173 1202/3254
f 1202/3254 3390/3173 2294/2466
f 3427/3256 1432/3257 3408/3258
f 3408/3258 1432/3257 1012/3259
f 3426/3255 3409/3209 2543/2786
f 2543/2786 3409/3209 2502/2787
f 3427/3256 2545/2788 3423/3249
f 3423/3249 2545/2788 2525/2790
f 1420/722 1432/3257 282/927
f 282/927 1432/3257 1011/3248
f 1432/3257 3427/3256 1011/3248
f 1011/3248 3427/3256 3423/3249
f 1432/3257 1420/722 1012/3259
f 1012/3259 1420/722 330/720
f 1537/3260 3428/3261 1043/3250
f 1043/3250 3428/3261 3424/3251
f 3408/3258 2501/2793 3427/3256
f 3427/3256 2501/2793 2545/2788
f 3428/3261 2549/2796 3424/3251
f 3424/3251 2549/2796 2538/2797
f 1537/3260 1786/1674 223/3193
f 223/3193 1786/1674 1728/1671
f 3428/3261 1537/3260 3402/3194
f 3402/3194 1537/3260 223/3193
f 1043/3250 1774/1687 1537/3260
f 1537/3260 1774/1687 1786/1674
f 1790/1703 1595/3262 1767/992
f 1767/992 1595/3262 782/3191
f 3402/3194 2494/2798 3428/3261
f 3428/3261 2494/2798 2549/2796
f 3400/3186 2489/2803 3429/3263
f 3429/3263 2489/2803 2553/2801
f 1595/3262 3429/3263 782/3191
f 782/3191 3429/3263 3295/3189
f 1595/3262 1790/1703 159/3185
f 159/3185 1790/1703 1723/990
f 3429/3263 1595/3262 3400/3186
f 3400/3186 1595/3262 159/3185
f 3429/3263 2553/2801 3295/3189
f 3295/3189 2553/2801 2521/2984
f 1623/3264 1842/2463 3026/2461
f 3026/2461 1842/2463 3031/2462
f 3028/2454 3014/2458 1688/3265
f 1688/3265 3014/2458 1027/2456
f 1688/3265 1038/2453 3028/2454
f 3028/2454 1038/2453 3020/2452
f 3431/3266 3307/3090 2557/2996
f 2557/2996 3307/3090 2531/2995
f 3432/3267 1684/3268 3410/3212
f 3410/3212 1684/3268 1013/3210
f 1688/3265 1027/2456 3431/3266
f 3431/3266 1027/2456 3307/3090
f 3431/3266 3313/3086 1688/3265
f 1688/3265 3313/3086 1038/2453
f 3313/3086 3431/3266 2537/3013
f 2537/3013 3431/3266 2557/2996
f 3410/3212 2503/2807 3432/3267
f 3432/3267 2503/2807 2561/2805
f 1645/957 1684/3268 330/720
f 330/720 1684/3268 1012/3259
f 1684/3268 3432/3267 1012/3259
f 1012/3259 3432/3267 3408/3258
f 1684/3268 1645/957 1013/3210
f 1013/3210 1645/957 633/959
f 3432/3267 2561/2805 3408/3258
f 3408/3258 2561/2805 2501/2793
f 1889/1711 1855/3269 1792/1714
f 1792/1714 1855/3269 1602/3100
f 3348/3270 3433/3271 2555/3084
f 2555/3084 3433/3271 2565/2808
f 1855/3269 3433/3271 1602/3100
f 1602/3100 3433/3271 3348/3270
f 1855/3269 1889/1711 246/3199
f 246/3199 1889/1711 1729/1695
f 1855/3269 246/3199 3433/3271
f 3433/3271 246/3199 3404/3202
f 2012/3055 2027/1002 1959/3272
f 1959/3272 2027/1002 1969/943
f 3433/3271 3404/3202 2565/2808
f 2565/2808 3404/3202 2497/2809
f 3434/3273 2566/3024 3382/3274
f 3382/3274 2566/3024 2568/3158
f 1959/3272 1969/943 1114/860
f 1114/860 1969/943 1118/859
f 3434/3273 1959/3272 3322/3150
f 3322/3150 1959/3272 1114/860
f 1959/3272 3434/3273 2012/3055
f 2012/3055 3434/3273 3382/3274
f 3322/3150 2542/3023 3434/3273
f 3434/3273 2542/3023 2566/3024
f 3395/3182 3435/3275 2443/2109
f 2443/2109 3435/3275 2744/2110
f 2727/2094 2777/3276 2426/2026
f 2426/2026 2777/3276 2475/3179
f 3436/3277 3394/3180 2777/3276
f 2777/3276 3394/3180 2475/3179
f 3394/3180 3436/3277 2418/2043
f 2418/2043 3436/3277 2719/2113
f 3435/3275 3437/3278 2744/2110
f 2744/2110 3437/3278 2817/2205
f 2800/2181 2850/3279 2727/2094
f 2727/2094 2850/3279 2777/3276
f 2850/3279 3438/3280 2777/3276
f 2777/3276 3438/3280 3436/3277
f 3439/3281 2923/3282 3286/3065
f 3286/3065 2923/3282 1487/2957
f 3436/3277 3438/3280 2719/2113
f 2719/2113 3438/3280 2792/2210
f 3286/3065 265/2213 3439/3281
f 3439/3281 265/2213 2865/2212
f 2890/3283 2817/2205 3440/3284
f 3440/3284 2817/2205 3437/3278
f 2873/2180 2923/3282 2800/2181
f 2800/2181 2923/3282 2850/3279
f 2923/3282 3439/3281 2850/3279
f 2850/3279 3439/3281 3438/3280
f 1487/2957 2923/3282 847/1135
f 847/1135 2923/3282 2873/2180
f 3438/3280 3439/3281 2792/2210
f 2792/2210 3439/3281 2865/2212
f 2890/3283 1822/2952 2884/2203
f 2884/2203 1822/2952 1603/1567
f 2817/2205 2890/3283 2811/2204
f 2811/2204 2890/3283 2884/2203
f 2960/3285 3268/2937 2506/2771
f 2506/2771 3268/2937 3191/2770
f 2961/3286 2534/3009 3269/2939
f 3269/2939 2534/3009 3241/2876
f 3441/3287 3310/3010 2961/3286
f 2961/3286 3310/3010 2534/3009
f 3310/3010 3441/3287 1032/2442
f 1032/2442 3441/3287 2943/2468
f 3442/3288 2960/3285 3413/3225
f 3413/3225 2960/3285 2506/2771
f 3413/3225 1033/3220 3442/3288
f 3442/3288 1033/3220 2944/2475
f 3004/3289 2961/3286 3270/2940
f 3270/2940 2961/3286 3269/2939
f 3443/3290 3441/3287 3004/3289
f 3004/3289 3441/3287 2961/3286
f 3038/3291 3271/2942 2960/3285
f 2960/3285 3271/2942 3268/2937
f 3441/3287 3443/3290 2943/2468
f 2943/2468 3443/3290 3003/2473
f 3444/3292 3442/3288 3037/2474
f 3037/2474 3442/3288 2944/2475
f 3004/3289 3270/2940 3038/3291
f 3038/3291 3270/2940 3271/2942
f 3444/3292 3443/3290 3038/3291
f 3038/3291 3443/3290 3004/3289
f 3444/3292 3038/3291 3442/3288
f 3442/3288 3038/3291 2960/3285
f 3048/3293 3059/2493 345/2960
f 345/2960 3059/2493 371/2495
f 3443/3290 3444/3292 3003/2473
f 3003/2473 3444/3292 3037/2474
f 3445/3294 3080/2702 3373/3295
f 3373/3295 3080/2702 1876/2703
f 3445/3294 3048/3293 3287/2959
f 3287/2959 3048/3293 345/2960
f 1071/3296 1072/2636 3048/3293
f 3048/3293 1072/2636 3059/2493
f 3048/3293 3445/3294 1071/3296
f 1071/3296 3445/3294 3373/3295
f 3446/3297 3078/3298 3377/3141
f 3377/3141 3078/3298 1922/2549
f 3287/2959 1830/2958 3445/3294
f 3445/3294 1830/2958 3080/2702
f 3377/3141 1898/3142 3446/3297
f 3446/3297 1898/3142 3046/3111
f 3095/2600 3078/3298 1607/2602
f 1607/2602 3078/3298 1860/3144
f 3078/3298 3446/3297 1860/3144
f 1860/3144 3446/3297 3364/3146
f 3078/3298 3095/2600 1922/2549
f 1922/2549 3095/2600 1916/836
f 3446/3297 3046/3111 3364/3146
f 3364/3146 3046/3111 236/3113
f 3378/3145 1942/3115 3447/3299
f 3447/3299 1942/3115 3132/3300
f 3164/3301 3162/2734 1953/3143
f 1953/3143 3162/2734 1948/2604
f 3447/3299 3164/3301 3378/3145
f 3378/3145 3164/3301 1953/3143
f 1869/3302 1616/2736 3164/3301
f 3164/3301 1616/2736 3162/2734
f 3449/3303 3315/3053 3249/3304
f 3249/3304 3315/3053 1495/3014
f 3315/3053 3449/3303 268/2931
f 268/2931 3449/3303 3245/2932
f 3249/3304 3181/2894 2546/3305
f 2546/3305 3181/2894 2496/3068
f 1495/3014 273/2892 3249/3304
f 3249/3304 273/2892 3181/2894
f 3256/2909 3263/3306 2555/3084
f 2555/3084 3263/3306 2564/3307
f 3263/3306 3256/2909 1859/3083
f 1859/3083 3256/2909 1606/2910
f 3450/3308 3263/3306 3363/3309
f 3363/3309 3263/3306 1859/3083
f 3450/3308 3397/3310 3263/3306
f 3263/3306 3397/3310 2564/3307
f 3360/3311 1821/3102 3348/3270
f 3348/3270 1821/3102 1602/3100
f 2564/3307 3360/3311 2555/3084
f 2555/3084 3360/3311 3348/3270
f 3454/3312 3453/3313 358/3314
f 358/3314 3453/3313 251/3315
f 3453/3313 3454/3312 26/3316
f 26/3316 3454/3312 32/3317
f 34/3318 32/3317 3457/3319
f 3457/3319 32/3317 3454/3312
f 3457/3319 3455/3320 34/3318
f 34/3318 3455/3320 33/3321
f 3458/3322 3455/3320 905/3323
f 905/3323 3455/3320 499/3324
f 68/3325 33/3321 3458/3322
f 3458/3322 33/3321 3455/3320
f 68/3325 3458/3322 27/3326
f 27/3326 3458/3322 3452/3327
f 3452/3327 3458/3322 250/3328
f 250/3328 3458/3322 905/3323
f 521/3329 251/3315 3456/3330
f 3456/3330 251/3315 3453/3313
f 2571/3331 103/3332 1234/3333
f 1234/3333 103/3332 25/3334
f 2571/3331 3456/3330 103/3332
f 103/3332 3456/3330 35/3335
f 3456/3330 3453/3313 35/3335
f 35/3335 3453/3313 26/3316
f 3449/3303 3396/3336 3245/2932
f 3245/2932 3396/3336 2540/3159
f 3314/3337 1016/3054 3382/3274
f 3382/3274 1016/3054 2012/3055
f 2540/3159 3314/3337 2568/3158
f 2568/3158 3314/3337 3382/3274
f 3332/3338 2546/3305 3403/3198
f 3403/3198 2546/3305 2496/3068
f 3396/3336 3459/3339 2540/3159
f 2540/3159 3459/3339 3314/3337
f 3396/3336 3449/3303 2546/3305
f 2546/3305 3449/3303 3249/3304
f 3403/3198 274/3195 3332/3338
f 3332/3338 274/3195 1494/3196
f 3332/3338 1494/3196 3459/3339
f 3459/3339 1494/3196 3337/3340
f 3459/3339 3396/3336 3332/3338
f 3332/3338 3396/3336 2546/3305
f 3335/3099 3337/3340 1490/3097
f 1490/3097 3337/3340 1494/3196
f 3337/3340 3335/3099 1016/3054
f 1016/3054 3335/3099 267/3049
f 3459/3339 3337/3340 3314/3337
f 3314/3337 3337/3340 1016/3054
f 1357/394 1390/393 346/3341
f 346/3341 1390/393 344/2962
f 923/375 507/3342 937/348
f 346/3341 344/2962 371/2495
f 371/2495 344/2962 345/2960
f 1357/394 3460/3343 923/375
f 923/375 3460/3343 507/3342
f 346/3341 3460/3343 1357/394
f 940/349 937/348 613/3344
f 613/3344 937/348 507/3342
f 614/3345 346/3341 615/2496
f 615/2496 346/3341 371/2495
f 3460/3343 3461/3346 507/3342
f 507/3342 3461/3346 613/3344
f 3461/3346 3460/3343 614/3345
f 614/3345 3460/3343 346/3341
f 613/3344 2650/3347 940/349
f 940/349 2650/3347 2654/1919
f 2651/3348 614/3345 2610/2622
f 2610/2622 614/3345 615/2496
f 3462/3349 3461/3346 2651/3348
f 2651/3348 3461/3346 614/3345
f 2650/3347 613/3344 3462/3349
f 3462/3349 613/3344 3461/3346
f 508/3350 619/202 943/1884
f 943/1884 619/202 942/201
f 372/3351 2651/3348 370/2626
f 370/2626 2651/3348 2610/2622
f 2651/3348 372/3351 3462/3349
f 3462/3349 372/3351 3463/3352
f 943/1884 2654/1919 508/3350
f 508/3350 2654/1919 2650/3347
f 508/3350 2650/3347 3463/3352
f 3463/3352 2650/3347 3462/3349
f 1872/3353 3030/3354 1620/2449
f 1620/2449 3030/3354 3026/2461
f 2652/3355 3033/3356 617/3357
f 617/3357 3033/3356 3023/3358
f 367/3359 3012/3360 2652/3355
f 2652/3355 3012/3360 3033/3356
f 3013/3361 366/3362 3023/3358
f 3023/3358 366/3362 617/3357
f 2247/1323 2255/3363 1620/2449
f 1620/2449 2255/3363 1872/3353
f 3022/3364 3464/3365 3013/3361
f 3013/3361 3464/3365 366/3362
f 3464/3365 3022/3364 1872/3353
f 1872/3353 3022/3364 3030/3354
f 3464/3365 1872/3353 3470/3366
f 3470/3366 1872/3353 2255/3363
f 1852/3367 2255/3363 1633/1322
f 1633/1322 2255/3363 2247/1323
f 1629/776 90/786 1848/3368
f 1848/3368 90/786 94/3369
f 3475/3370 38/3371 3476/3372
f 3476/3372 38/3371 104/3373
f 39/3374 3477/3375 104/3373
f 104/3373 3477/3375 3476/3372
f 1848/3368 1873/3376 1629/776
f 1629/776 1873/3376 1621/775
f 1631/1170 1621/775 1850/3377
f 1850/3377 1621/775 1873/3376
f 3476/3372 2653/3378 3475/3370
f 3475/3370 2653/3378 622/3379
f 3477/3375 623/3380 3476/3372
f 3476/3372 623/3380 2653/3378
f 1850/3377 2178/3381 1631/1170
f 1631/1170 2178/3381 2170/1167
f 3484/3382 622/3379 3485/3383
f 3485/3383 622/3379 2653/3378
f 3485/3383 2653/3378 3486/3384
f 3486/3384 2653/3378 623/3380
f 1874/3385 1852/3367 1622/1168
f 1622/1168 1852/3367 1633/1322
f 2178/3381 1874/3385 2170/1167
f 2170/1167 1874/3385 1622/1168
f 3468/3386 2652/3355 3467/3387
f 3467/3387 2652/3355 617/3357
f 3485/3383 3491/3388 3484/3382
f 3484/3382 3491/3388 3490/3389
f 3497/3390 3468/3386 3496/3391
f 3496/3391 3468/3386 3467/3387
f 3491/3388 3497/3390 3490/3389
f 3490/3389 3497/3390 3496/3391
f 3469/3392 367/3359 3468/3386
f 3468/3386 367/3359 2652/3355
f 3498/3393 3469/3392 3497/3390
f 3497/3390 3469/3392 3468/3386
f 3486/3384 3492/3394 3485/3383
f 3485/3383 3492/3394 3491/3388
f 3492/3394 3498/3393 3491/3388
f 3491/3388 3498/3393 3497/3390
f 3471/3395 3470/3366 1852/3367
f 1852/3367 3470/3366 2255/3363
f 3493/3396 3471/3395 1874/3385
f 1874/3385 3471/3395 1852/3367
f 3487/3397 3493/3396 2178/3381
f 2178/3381 3493/3396 1874/3385
f 3481/3398 3487/3397 1850/3377
f 1850/3377 3487/3397 2178/3381
f 3480/3399 3481/3398 1873/3376
f 1873/3376 3481/3398 1850/3377
f 110/3400 3472/3401 94/3369
f 94/3369 3472/3401 1848/3368
f 3472/3401 3480/3399 1848/3368
f 1848/3368 3480/3399 1873/3376
f 3473/3402 3472/3401 109/3403
f 109/3403 3472/3401 110/3400
f 3473/3402 3479/3404 3472/3401
f 3472/3401 3479/3404 3480/3399
f 3479/3404 3482/3405 3480/3399
f 3480/3399 3482/3405 3481/3398
f 3482/3405 3488/3406 3481/3398
f 3481/3398 3488/3406 3487/3397
f 3471/3395 3465/3407 3470/3366
f 3470/3366 3465/3407 3464/3365
f 3494/3408 3465/3407 3493/3396
f 3493/3396 3465/3407 3471/3395
f 3488/3406 3494/3408 3487/3397
f 3487/3397 3494/3408 3493/3396
f 3466/3409 366/3362 3465/3407
f 3465/3407 366/3362 3464/3365
f 366/3362 3466/3409 617/3357
f 617/3357 3466/3409 3467/3387
f 3495/3410 3489/3411 3496/3391
f 3496/3391 3489/3411 3490/3389
f 3495/3410 3466/3409 3494/3408
f 3494/3408 3466/3409 3465/3407
f 3466/3409 3495/3410 3467/3387
f 3467/3387 3495/3410 3496/3391
f 3489/3411 3483/3412 3490/3389
f 3490/3389 3483/3412 3484/3382
f 3489/3411 3495/3410 3488/3406
f 3488/3406 3495/3410 3494/3408
f 3478/3413 3483/3412 3479/3404
f 3479/3404 3483/3412 3482/3405
f 3483/3412 3489/3411 3482/3405
f 3482/3405 3489/3411 3488/3406
f 3478/3413 3474/3414 622/3379
f 622/3379 3474/3414 3475/3370
f 3483/3412 3478/3413 3484/3382
f 3484/3382 3478/3413 622/3379
f 3474/3414 108/3415 3475/3370
f 3475/3370 108/3415 38/3371
f 3474/3414 3473/3402 108/3415
f 108/3415 3473/3402 109/3403
f 3474/3414 3478/3413 3473/3402
f 3473/3402 3478/3413 3479/3404
f 3262/2926 3246/2882 2563/3416
f 2563/3416 3246/2882 2541/3022
f 3030/3354 1875/3417 3026/2461
f 3026/2461 1875/3417 1623/3264
f 3023/3358 1040/3418 3013/3361
f 3013/3361 1040/3418 1039/3419
f 1040/3418 3502/3420 1039/3419
f 1039/3419 3502/3420 3501/3421
f 3033/3356 2655/3422 3023/3358
f 3023/3358 2655/3422 1040/3418
f 2655/3422 3503/3423 1040/3418
f 1040/3418 3503/3423 3502/3420
f 3012/3360 1041/3424 3033/3356
f 3033/3356 1041/3424 2655/3422
f 3504/3425 3503/3423 1041/3424
f 1041/3424 3503/3423 2655/3422
f 1019/3426 3022/3364 1039/3419
f 1039/3419 3022/3364 3013/3361
f 3022/3364 1019/3426 3030/3354
f 3030/3354 1019/3426 1875/3417
f 2563/3416 2541/3022 3357/3106
f 3357/3106 2541/3022 3321/3107
f 3430/3427 3357/3106 1623/3264
f 1623/3264 3357/3106 1842/2463
f 3505/3428 2563/3416 3430/3427
f 3430/3427 2563/3416 3357/3106
f 3499/3429 3430/3427 1875/3417
f 1875/3417 3430/3427 1623/3264
f 3500/3430 3499/3429 1019/3426
f 1019/3426 3499/3429 1875/3417
f 3500/3430 1019/3426 3501/3421
f 3501/3421 1019/3426 1039/3419
f 3208/3431 3262/2926 3505/3428
f 3505/3428 3262/2926 2563/3416
f 3506/3432 3505/3428 3499/3429
f 3499/3429 3505/3428 3430/3427
f 3502/3420 616/3433 3501/3421
f 3501/3421 616/3433 369/3434
f 616/3433 3502/3420 2609/3435
f 2609/3435 3502/3420 3503/3423
f 368/3436 2609/3435 3504/3425
f 3504/3425 2609/3435 3503/3423
f 1619/3437 1838/2925 3208/3431
f 3208/3431 1838/2925 3262/2926
f 1838/2925 1619/3437 3147/2698
f 3147/2698 1619/3437 3139/2699
f 3119/3438 3131/3439 1072/2636
f 1072/2636 3131/3439 1073/2624
f 616/3433 3511/3440 369/3434
f 369/3434 3511/3440 3510/3441
f 3517/3442 3518/3443 3119/3438
f 3119/3438 3518/3443 3131/3439
f 3511/3440 3518/3443 3510/3441
f 3510/3441 3518/3443 3517/3442
f 3171/3444 2656/2623 3131/3439
f 3131/3439 2656/2623 1073/2624
f 2609/3435 3512/3445 616/3433
f 616/3433 3512/3445 3511/3440
f 3519/3446 3171/3444 3518/3443
f 3518/3443 3171/3444 3131/3439
f 3512/3445 3519/3446 3511/3440
f 3511/3440 3519/3446 3518/3443
f 3118/3447 1070/2635 3171/3444
f 3171/3444 1070/2635 2656/2623
f 3520/3448 3118/3447 3519/3446
f 3519/3446 3118/3447 3171/3444
f 3512/3445 2609/3435 3513/3449
f 3513/3449 2609/3435 368/3436
f 3513/3449 3520/3448 3512/3445
f 3512/3445 3520/3448 3519/3446
f 3130/3450 3119/3438 1071/3296
f 1071/3296 3119/3438 1072/2636
f 3448/3451 3130/3450 3373/3295
f 3373/3295 3130/3450 1071/3296
f 3130/3450 3448/3451 3516/3452
f 3516/3452 3448/3451 3515/3453
f 3509/3454 3510/3441 3516/3452
f 3516/3452 3510/3441 3517/3442
f 3516/3452 3517/3442 3130/3450
f 3130/3450 3517/3442 3119/3438
f 3507/3455 3506/3432 3500/3430
f 3500/3430 3506/3432 3499/3429
f 3507/3455 369/3434 3509/3454
f 3509/3454 369/3434 3510/3441
f 3500/3430 3501/3421 3507/3455
f 3507/3455 3501/3421 369/3434
f 1876/2703 1624/2701 3146/3456
f 3146/3456 1624/2701 3139/2699
f 3146/3456 3448/3451 1876/2703
f 1876/2703 3448/3451 3373/3295
f 3514/3457 1619/3437 3508/3458
f 3508/3458 1619/3437 3208/3431
f 3508/3458 3208/3431 3506/3432
f 3506/3432 3208/3431 3505/3428
f 3509/3454 3508/3458 3507/3455
f 3507/3455 3508/3458 3506/3432
f 3508/3458 3509/3454 3515/3453
f 3515/3453 3509/3454 3516/3452
f 3514/3457 3508/3458 3515/3453
f 3146/3456 3139/2699 3514/3457
f 3514/3457 3139/2699 1619/3437
f 3514/3457 3515/3453 3146/3456
f 3146/3456 3515/3453 3448/3451
f 3347/3110 3358/3459 1635/3081
f 1635/3081 3358/3459 1854/3082
f 3370/3460 1869/3302 3447/3299
f 3447/3299 1869/3302 3164/3301
f 1854/3082 3331/3461 1859/3083
f 1859/3083 3331/3461 3363/3309
f 3333/3462 1089/3463 3316/3464
f 3316/3464 1089/3463 1090/3465
f 3333/3462 3521/3466 1089/3463
f 1089/3463 3521/3466 3370/3460
f 1089/3463 3370/3460 3132/3300
f 3132/3300 3370/3460 3447/3299
f 3363/3309 3331/3461 235/3467
f 235/3467 3331/3461 1484/3468
f 3521/3466 3333/3462 3331/3461
f 3331/3461 3333/3462 1484/3468
f 3331/3461 1854/3082 3521/3466
f 3521/3466 1854/3082 3358/3459
f 3358/3459 3347/3110 1869/3302
f 1869/3302 3347/3110 1616/2736
f 3521/3466 3358/3459 3370/3460
f 3370/3460 3358/3459 1869/3302
f 1822/2952 2890/3283 3283/3469
f 3283/3469 2890/3283 3440/3284
f 3397/3310 3451/3470 2564/3307
f 2564/3307 3451/3470 3360/3311
f 3283/3469 3362/3471 1822/2952
f 1822/2952 3362/3471 1858/2953
f 3451/3470 3282/3472 3360/3311
f 3360/3311 3282/3472 1821/3102
f 3435/3275 3395/3182 2717/3473
f 2717/3473 3395/3182 2416/3474
f 3437/3278 3435/3275 2790/3475
f 2790/3475 3435/3275 2717/3473
f 2790/3475 2863/3476 3437/3278
f 3437/3278 2863/3476 3440/3284
f 3528/3477 3527/3478 2790/3475
f 2790/3475 3527/3478 2863/3476
f 3529/3479 3528/3477 2717/3473
f 2717/3473 3528/3477 2790/3475
f 3530/3480 3529/3479 2416/3474
f 2416/3474 3529/3479 2717/3473
f 3223/3481 2495/3482 3450/3308
f 3450/3308 2495/3482 3397/3310
f 235/3467 3223/3481 3363/3309
f 3363/3309 3223/3481 3450/3308
f 3354/3483 3384/3181 1888/3101
f 1888/3101 3384/3181 2105/3160
f 2045/3484 2416/3474 3384/3181
f 3384/3181 2416/3474 3395/3182
f 1888/3101 1821/3102 3354/3483
f 3354/3483 1821/3102 3282/3472
f 1496/3485 243/3486 1484/3468
f 1484/3468 243/3486 235/3467
f 3316/3464 1496/3485 3333/3462
f 3333/3462 1496/3485 1484/3468
f 3533/3487 3529/3479 3534/3488
f 3534/3488 3529/3479 3530/3480
f 3528/3477 3529/3479 3532/3489
f 3532/3489 3529/3479 3533/3487
f 243/3486 3538/3490 235/3467
f 235/3467 3538/3490 3223/3481
f 2370/3174 1858/2953 3391/3491
f 3391/3491 1858/2953 3362/3471
f 3391/3491 3375/3137 2370/3174
f 2370/3174 3375/3137 1879/1578
f 3361/3138 3375/3137 234/3492
f 234/3492 3375/3137 1148/3493
f 3376/3139 3361/3138 1231/3494
f 1231/3494 3361/3138 234/3492
f 3554/3495 3555/3496 234/3492
f 234/3492 3555/3496 1231/3494
f 3555/3496 3554/3495 1232/3497
f 1232/3497 3554/3495 244/3498
f 23/3499 1231/3494 111/3500
f 111/3500 1231/3494 3555/3496
f 107/3140 3376/3139 23/3499
f 23/3499 3376/3139 1231/3494
f 24/3501 1232/3497 25/3334
f 25/3334 1232/3497 1234/3333
f 111/3500 3555/3496 24/3501
f 24/3501 3555/3496 1232/3497
f 3551/3502 1148/3493 3391/3491
f 3391/3491 1148/3493 3375/3137
f 3553/3503 3554/3495 1148/3493
f 1148/3493 3554/3495 234/3492
f 361/3504 521/3329 2571/3331
f 2571/3331 521/3329 3456/3330
f 3522/3505 2863/3476 3523/3506
f 3523/3506 2863/3476 3527/3478
f 2863/3476 3522/3505 3440/3284
f 3440/3284 3522/3505 3283/3469
f 3556/3507 3553/3503 3551/3502
f 3551/3502 3553/3503 1148/3493
f 249/3508 3551/3502 3362/3471
f 3362/3471 3551/3502 3391/3491
f 3522/3505 249/3508 3283/3469
f 3283/3469 249/3508 3362/3471
f 249/3508 3522/3505 3552/3509
f 3552/3509 3522/3505 3523/3506
f 3552/3509 3556/3507 249/3508
f 249/3508 3556/3507 3551/3502
f 2313/3510 3557/3511 3552/3509
f 3552/3509 3557/3511 3556/3507
f 1149/3512 244/3498 3553/3503
f 3553/3503 244/3498 3554/3495
f 1149/3512 3553/3503 3557/3511
f 3557/3511 3553/3503 3556/3507
f 252/3513 1234/3333 244/3498
f 244/3498 1234/3333 1232/3497
f 361/3504 2571/3331 252/3513
f 252/3513 2571/3331 1234/3333
f 3558/3514 252/3513 1149/3512
f 1149/3512 252/3513 244/3498
f 3524/3515 2313/3510 3523/3506
f 3523/3506 2313/3510 3552/3509
f 3531/3516 3524/3515 3527/3478
f 3527/3478 3524/3515 3523/3506
f 3527/3478 3528/3477 3531/3516
f 3531/3516 3528/3477 3532/3489
f 3558/3514 3535/3517 252/3513
f 252/3513 3535/3517 361/3504
f 3558/3514 1149/3512 2313/3510
f 2313/3510 1149/3512 3557/3511
f 2029/1191 906/3518 2034/1338
f 2034/1338 906/3518 1349/1339
f 906/3518 2029/1191 2110/3166
f 2110/3166 2029/1191 2183/1190
f 2110/3166 3387/3165 906/3518
f 906/3518 3387/3165 3301/3039
f 906/3518 3301/3039 1349/1339
f 1349/1339 3301/3039 3327/3038
f 3320/3519 3545/3520 3316/3464
f 3316/3464 3545/3520 1496/3485
f 3544/3521 3543/3522 243/3486
f 243/3486 3543/3522 3538/3490
f 3545/3520 3544/3521 1496/3485
f 1496/3485 3544/3521 243/3486
f 3559/3523 3558/3514 3524/3515
f 3524/3515 3558/3514 2313/3510
f 3531/3516 3560/3524 3524/3515
f 3524/3515 3560/3524 3559/3523
f 3560/3524 3531/3516 3547/3525
f 3547/3525 3531/3516 3532/3489
f 3546/3526 3547/3525 3533/3487
f 3533/3487 3547/3525 3532/3489
f 3546/3526 3533/3487 3540/3527
f 3540/3527 3533/3487 3534/3488
f 3564/3528 3535/3517 3559/3523
f 3559/3523 3535/3517 3558/3514
f 3535/3517 523/3529 361/3504
f 361/3504 523/3529 521/3329
f 3564/3528 3569/3530 3535/3517
f 3535/3517 3569/3530 523/3529
f 523/3529 253/3531 521/3329
f 521/3329 253/3531 251/3315
f 253/3531 523/3529 3570/3532
f 3570/3532 523/3529 3569/3530
f 362/154 806/3533 240/206
f 240/206 806/3533 796/205
f 1898/3142 352/3118 1899/3534
f 1899/3534 352/3118 354/3123
f 796/205 241/3535 802/203
f 802/203 241/3535 354/3123
f 1899/3534 3086/3112 1898/3142
f 1898/3142 3086/3112 3046/3111
f 241/3535 796/205 3574/3536
f 3574/3536 796/205 806/3533
f 3086/3112 3047/3537 242/3114
f 242/3114 3047/3537 355/3538
f 241/3535 3579/3539 354/3123
f 354/3123 3579/3539 1899/3534
f 3573/3540 3579/3539 3574/3536
f 3574/3536 3579/3539 241/3535
f 3579/3539 3047/3537 1899/3534
f 1899/3534 3047/3537 3086/3112
f 1923/3116 242/3114 1929/3541
f 1929/3541 242/3114 355/3538
f 3148/3542 1090/3465 3132/3300
f 3132/3300 1090/3465 1089/3463
f 3320/3519 3316/3464 1094/3543
f 1094/3543 3316/3464 1090/3465
f 3132/3300 1942/3115 3148/3542
f 3148/3542 1942/3115 1923/3116
f 3148/3542 1923/3116 3580/3544
f 3580/3544 1923/3116 1929/3541
f 3580/3544 1094/3543 3148/3542
f 3148/3542 1094/3543 1090/3465
f 3579/3539 3573/3540 3047/3537
f 3047/3537 3573/3540 355/3538
f 3563/3545 3320/3519 3580/3544
f 3580/3544 3320/3519 1094/3543
f 3562/3546 3561/3547 3545/3520
f 3545/3520 3561/3547 3544/3521
f 3563/3545 3562/3546 3320/3519
f 3320/3519 3562/3546 3545/3520
f 3550/3548 3543/3522 3561/3547
f 3561/3547 3543/3522 3544/3521
f 3564/3528 3559/3523 3565/3549
f 3565/3549 3559/3523 3560/3524
f 3565/3549 3560/3524 3546/3526
f 3546/3526 3560/3524 3547/3525
f 3569/3530 3564/3528 3566/3550
f 3566/3550 3564/3528 3565/3549
f 3573/3540 3572/3551 355/3538
f 355/3538 3572/3551 1929/3541
f 1929/3541 3572/3551 3580/3544
f 3580/3544 3572/3551 3563/3545
f 807/3552 522/155 803/3553
f 803/3553 522/155 356/156
f 522/155 807/3552 362/154
f 362/154 807/3552 806/3533
f 807/3552 3575/3554 806/3533
f 806/3533 3575/3554 3574/3536
f 3570/3532 3569/3530 3567/3555
f 3567/3555 3569/3530 3566/3550
f 803/3553 356/156 805/3556
f 805/3556 356/156 360/157
f 3585/3557 3565/3549 3548/3558
f 3548/3558 3565/3549 3546/3526
f 3584/3559 3550/3548 3562/3546
f 3562/3546 3550/3548 3561/3547
f 3563/3545 3572/3551 3583/3560
f 3583/3560 3572/3551 3582/3561
f 3584/3559 3562/3546 3583/3560
f 3583/3560 3562/3546 3563/3545
f 3581/3562 3582/3561 3573/3540
f 3573/3540 3582/3561 3572/3551
f 3575/3554 3581/3562 3574/3536
f 3574/3536 3581/3562 3573/3540
f 803/3553 3576/3563 807/3552
f 807/3552 3576/3563 3575/3554
f 3602/3564 3591/3565 3581/3562
f 3581/3562 3591/3565 3582/3561
f 3576/3563 3602/3564 3575/3554
f 3575/3554 3602/3564 3581/3562
f 805/3556 3577/3566 803/3553
f 803/3553 3577/3566 3576/3563
f 3577/3566 3603/3567 3576/3563
f 3576/3563 3603/3567 3602/3564
f 3587/3568 3566/3550 3585/3557
f 3585/3557 3566/3550 3565/3549
f 3592/3569 3567/3555 3587/3568
f 3587/3568 3567/3555 3566/3550
f 3591/3565 3602/3564 3596/3570
f 3596/3570 3602/3564 3603/3567
f 3583/3560 3582/3561 3590/3571
f 3590/3571 3582/3561 3591/3565
f 3590/3571 3591/3565 3595/3572
f 3595/3572 3591/3565 3596/3570
f 3584/3559 3583/3560 3589/3573
f 3589/3573 3583/3560 3590/3571
f 3594/3574 3589/3573 3595/3572
f 3595/3572 3589/3573 3590/3571
f 3540/3527 3534/3488 3536/3575
f 3536/3575 3534/3488 3530/3480
f 3536/3575 3530/3480 2045/3484
f 2045/3484 3530/3480 2416/3474
f 3539/3576 2045/3484 3354/3483
f 3354/3483 2045/3484 3384/3181
f 3451/3470 3397/3310 3526/3577
f 3526/3577 3397/3310 2495/3482
f 3542/3578 3543/3522 3549/3579
f 3549/3579 3543/3522 3550/3548
f 3549/3579 3550/3548 3586/3580
f 3586/3580 3550/3548 3584/3559
f 3588/3581 3586/3580 3589/3573
f 3589/3573 3586/3580 3584/3559
f 3593/3582 3588/3581 3594/3574
f 3594/3574 3588/3581 3589/3573
f 3615/3583 3587/3568 3614/3584
f 3614/3584 3587/3568 3585/3557
f 3588/3581 3610/3585 3586/3580
f 3586/3580 3610/3585 3609/3586
f 3610/3585 3615/3583 3609/3586
f 3609/3586 3615/3583 3614/3584
f 3616/3587 3592/3569 3615/3583
f 3615/3583 3592/3569 3587/3568
f 3611/3588 3610/3585 3593/3582
f 3593/3582 3610/3585 3588/3581
f 3616/3587 3615/3583 3611/3588
f 3611/3588 3615/3583 3610/3585
f 3614/3584 3585/3557 3613/3589
f 3613/3589 3585/3557 3548/3558
f 3548/3558 3546/3526 3541/3590
f 3541/3590 3546/3526 3540/3527
f 3613/3589 3548/3558 3618/3591
f 3618/3591 3548/3558 3541/3590
f 3525/3592 3539/3576 3282/3472
f 3282/3472 3539/3576 3354/3483
f 3282/3472 3451/3470 3525/3592
f 3525/3592 3451/3470 3526/3577
f 3605/3593 3536/3575 3539/3576
f 3539/3576 3536/3575 2045/3484
f 3541/3590 3540/3527 3605/3593
f 3605/3593 3540/3527 3536/3575
f 3605/3593 3619/3594 3541/3590
f 3541/3590 3619/3594 3618/3591
f 3619/3594 3605/3593 3525/3592
f 3525/3592 3605/3593 3539/3576
f 3538/3490 3537/3595 3223/3481
f 3223/3481 3537/3595 2495/3482
f 3537/3595 3606/3596 2495/3482
f 2495/3482 3606/3596 3526/3577
f 3537/3595 3538/3490 3542/3578
f 3542/3578 3538/3490 3543/3522
f 3606/3596 3619/3594 3526/3577
f 3526/3577 3619/3594 3525/3592
f 3607/3597 3618/3591 3606/3596
f 3606/3596 3618/3591 3619/3594
f 3542/3578 3607/3597 3537/3595
f 3537/3595 3607/3597 3606/3596
f 3607/3597 3542/3578 3608/3598
f 3608/3598 3542/3578 3549/3579
f 3608/3598 3613/3589 3607/3597
f 3607/3597 3613/3589 3618/3591
f 3608/3598 3549/3579 3609/3586
f 3609/3586 3549/3579 3586/3580
f 3613/3589 3608/3598 3614/3584
f 3614/3584 3608/3598 3609/3586
f 3571/3599 3570/3532 3568/3600
f 3568/3600 3570/3532 3567/3555
f 3597/3601 3596/3570 3604/3602
f 3604/3602 3596/3570 3603/3567
f 3598/3603 3595/3572 3597/3601
f 3597/3601 3595/3572 3596/3570
f 3599/3604 3594/3574 3598/3603
f 3598/3603 3594/3574 3595/3572
f 3600/3605 3593/3582 3599/3604
f 3599/3604 3593/3582 3594/3574
f 3592/3569 3601/3606 3567/3555
f 3567/3555 3601/3606 3568/3600
f 3604/3602 3603/3567 3578/3607
f 3578/3607 3603/3567 3577/3566
f 3612/3608 3611/3588 3600/3605
f 3600/3605 3611/3588 3593/3582
f 3617/3609 3616/3587 3612/3608
f 3612/3608 3616/3587 3611/3588
f 3601/3606 3592/3569 3617/3609
f 3617/3609 3592/3569 3616/3587
f 3621/3610 3568/3600 3628/3611
f 3628/3611 3568/3600 3601/3606
f 3624/3612 3597/3601 3629/3613
f 3629/3613 3597/3601 3604/3602
f 3625/3614 3598/3603 3624/3612
f 3624/3612 3598/3603 3597/3601
f 3626/3615 3599/3604 3625/3614
f 3625/3614 3599/3604 3598/3603
f 3627/3616 3600/3605 3626/3615
f 3626/3615 3600/3605 3599/3604
f 3629/3613 3604/3602 3623/3617
f 3623/3617 3604/3602 3578/3607
f 3630/3618 3612/3608 3627/3616
f 3627/3616 3612/3608 3600/3605
f 3631/3619 3617/3609 3630/3618
f 3630/3618 3617/3609 3612/3608
f 3628/3611 3601/3606 3631/3619
f 3631/3619 3601/3606 3617/3609
f 3633/3620 3621/3610 3640/3621
f 3640/3621 3621/3610 3628/3611
f 3636/3622 3624/3612 3641/3623
f 3641/3623 3624/3612 3629/3613
f 3637/3624 3625/3614 3636/3622
f 3636/3622 3625/3614 3624/3612
f 3638/3625 3626/3615 3637/3624
f 3637/3624 3626/3615 3625/3614
f 3639/3626 3627/3616 3638/3625
f 3638/3625 3627/3616 3626/3615
f 3641/3623 3629/3613 3635/3627
f 3635/3627 3629/3613 3623/3617
f 3642/3628 3630/3618 3639/3626
f 3639/3626 3630/3618 3627/3616
f 3640/3621 3628/3611 3643/3629
f 3643/3629 3628/3611 3631/3619
f 3643/3629 3631/3619 3642/3628
f 3642/3628 3631/3619 3630/3618
f 3652/3630 3645/3631 3640/3621
f 3640/3621 3645/3631 3633/3620
f 3648/3632 3636/3622 3653/3633
f 3653/3633 3636/3622 3641/3623
f 3649/3634 3637/3624 3648/3632
f 3648/3632 3637/3624 3636/3622
f 3650/3635 3638/3625 3649/3634
f 3649/3634 3638/3625 3637/3624
f 3651/3636 3639/3626 3650/3635
f 3650/3635 3639/3626 3638/3625
f 3653/3633 3641/3623 3647/3637
f 3647/3637 3641/3623 3635/3627
f 3654/3638 3642/3628 3651/3636
f 3651/3636 3642/3628 3639/3626
f 3655/3639 3652/3630 3643/3629
f 3643/3629 3652/3630 3640/3621
f 3655/3639 3643/3629 3654/3638
f 3654/3638 3643/3629 3642/3628
f 3659/3640 3648/3632 3664/3641
f 3664/3641 3648/3632 3653/3633
f 3660/3642 3649/3634 3659/3640
f 3659/3640 3649/3634 3648/3632
f 3661/3643 3650/3635 3660/3642
f 3660/3642 3650/3635 3649/3634
f 3662/3644 3651/3636 3661/3643
f 3661/3643 3651/3636 3650/3635
f 3663/3645 3656/3646 3652/3630
f 3652/3630 3656/3646 3645/3631
f 3665/3647 3654/3638 3662/3644
f 3662/3644 3654/3638 3651/3636
f 3666/3648 3655/3639 3665/3647
f 3665/3647 3655/3639 3654/3638
f 3666/3648 3663/3645 3655/3639
f 3655/3639 3663/3645 3652/3630
f 3645/3631 3646/3649 3633/3620
f 3633/3620 3646/3649 3634/3650
f 936/3651 254/3652 905/3323
f 905/3323 254/3652 250/3328
f 3657/3653 254/3652 3646/3649
f 3646/3649 254/3652 936/3651
f 3656/3646 3657/3653 3645/3631
f 3645/3631 3657/3653 3646/3649
f 358/3314 251/3315 359/3654
f 359/3654 251/3315 253/3531
f 358/3314 566/3655 3454/3312
f 3454/3312 566/3655 3457/3319
f 3622/3656 3571/3599 3621/3610
f 3621/3610 3571/3599 3568/3600
f 359/3654 253/3531 3571/3599
f 3571/3599 253/3531 3570/3532
f 500/3657 936/3651 499/3324
f 499/3324 936/3651 905/3323
f 500/3657 3634/3650 936/3651
f 936/3651 3634/3650 3646/3649
f 566/3655 499/3324 3457/3319
f 3457/3319 499/3324 3455/3320
f 3667/3658 359/3654 3622/3656
f 3622/3656 359/3654 3571/3599
f 3622/3656 3621/3610 3634/3650
f 3634/3650 3621/3610 3633/3620
f 3667/3658 3622/3656 500/3657
f 500/3657 3622/3656 3634/3650
f 566/3655 358/3314 3667/3658
f 3667/3658 358/3314 359/3654
f 3667/3658 500/3657 566/3655
f 566/3655 500/3657 499/3324
f 805/3556 360/157 808/3659
f 808/3659 360/157 565/158
f 808/3659 3578/3607 805/3556
f 805/3556 3578/3607 3577/3566
f 565/158 542/41 498/3660
f 498/3660 542/41 442/43
f 498/3660 3620/3661 565/158
f 565/158 3620/3661 808/3659
f 3623/3617 3578/3607 3620/3661
f 3620/3661 3578/3607 808/3659
f 498/3660 442/43 924/3662
f 924/3662 442/43 935/188
f 3632/3663 3620/3661 924/3662
f 924/3662 3620/3661 498/3660
f 3635/3627 3623/3617 3632/3663
f 3632/3663 3623/3617 3620/3661
f 443/189 357/3664 935/188
f 935/188 357/3664 924/3662
f 3647/3637 3635/3627 3644/3665
f 3644/3665 3635/3627 3632/3663
f 3644/3665 3632/3663 357/3664
f 357/3664 3632/3663 924/3662
f 3668/3666 3658/3667 3644/3665
f 3644/3665 3658/3667 3647/3637
f 3664/3641 3653/3633 3658/3667
f 3658/3667 3653/3633 3647/3637
f 3668/3666 3644/3665 804/3668
f 804/3668 3644/3665 357/3664
f 4033/3669 4030/3670 4040/3671
f 4040/3671 4030/3670 4041/3672
f 4039/3673 4037/3674 4040/3671
f 4040/3671 4037/3674 4036/3675
f 4040/3671 4041/3672 4039/3673
f 4039/3673 4041/3672 4042/3676
f 4039/3673 4042/3676 4047/3677
f 4047/3677 4042/3676 4046/3678
f 4037/3674 4039/3673 4038/3679
f 4038/3679 4039/3673 4047/3677
f 4030/3670 3931/3680 4041/3672
f 4041/3672 3931/3680 3930/3681
f 4043/3682 4042/3676 3930/3681
f 3930/3681 4042/3676 4041/3672
f 4027/3683 4028/3684 4034/3685
f 4034/3685 4028/3684 4032/3686
f 4028/3684 4029/3687 4032/3686
f 4032/3686 4029/3687 4031/3688
f 4032/3686 4031/3688 4075/3689
f 4075/3689 4031/3688 4074/3690
f 4035/3691 4033/3669 4036/3675
f 4036/3675 4033/3669 4040/3671
f 4030/3670 4033/3669 4074/3690
f 4074/3690 4033/3669 4075/3689
f 4076/3692 4075/3689 4035/3691
f 4035/3691 4075/3689 4033/3669
f 4034/3685 4032/3686 4076/3692
f 4076/3692 4032/3686 4075/3689
f 4085/3693 3972/3694 4086/3695
f 4086/3695 3972/3694 3973/3696
f 3994/3697 4085/3693 3995/3698
f 3995/3698 4085/3693 4086/3695
f 4089/3699 3982/3700 4092/3701
f 4092/3701 3982/3700 3986/3702
f 3972/3694 4085/3693 3971/3703
f 3971/3703 4085/3693 4096/3704
f 4084/3705 3970/3706 4096/3704
f 4096/3704 3970/3706 3971/3703
f 4086/3695 3973/3696 4097/3707
f 4097/3707 3973/3696 3974/3708
f 4099/3709 3999/3710 4087/3711
f 4087/3711 3999/3710 3996/3712
f 4014/3713 4015/3714 4054/3715
f 4054/3715 4015/3714 4052/3716
f 4047/3677 4046/3678 4018/3717
f 4018/3717 4046/3678 4052/3716
f 4107/3718 4015/3714 4106/3719
f 4106/3719 4015/3714 4014/3713
f 4018/3717 4019/3720 4047/3677
f 4047/3677 4019/3720 4038/3679
f 4052/3716 4015/3714 4018/3717
f 4038/3679 4019/3720 4037/3674
f 4037/3674 4019/3720 4021/3721
f 4037/3674 4021/3721 4036/3675
f 4036/3675 4021/3721 4023/3722
f 4024/3723 4035/3691 4023/3722
f 4023/3722 4035/3691 4036/3675
f 4045/3724 4043/3682 4119/3725
f 4119/3725 4043/3682 4118/3726
f 4043/3682 3930/3681 4118/3726
f 4118/3726 3930/3681 4082/3727
f 4042/3676 4043/3682 4046/3678
f 4046/3678 4043/3682 4045/3724
f 4052/3716 4046/3678 4051/3728
f 4051/3728 4046/3678 4045/3724
f 4051/3728 4045/3724 4120/3729
f 4120/3729 4045/3724 4119/3725
f 4121/3730 4120/3729 4050/3731
f 4050/3731 4120/3729 4049/3732
f 3930/3681 3931/3680 4061/3733
f 4061/3733 3931/3680 4125/3734
f 4125/3734 3931/3680 4081/3735
f 4125/3734 4082/3727 4061/3733
f 4061/3733 4082/3727 3930/3681
f 4035/3691 4024/3723 4076/3692
f 4076/3692 4024/3723 4072/3736
f 4027/3683 4034/3685 4072/3736
f 4072/3736 4034/3685 4076/3692
f 4073/3737 3931/3680 4074/3690
f 4074/3690 3931/3680 4030/3670
f 4130/3738 4081/3735 4073/3737
f 4073/3737 4081/3735 3931/3680
f 4074/3690 4031/3688 4073/3737
f 4073/3737 4031/3688 4029/3687
f 4073/3737 4029/3687 4130/3738
f 4130/3738 4029/3687 4117/3739
f 4092/3701 3985/3740 4089/3699
f 4089/3699 3985/3740 3980/3741
f 3987/3742 4099/3709 3976/3743
f 3976/3743 4099/3709 4087/3711
f 3985/3740 3987/3742 3980/3741
f 3980/3741 3987/3742 3976/3743
f 4128/3744 3959/3745 4095/3746
f 4095/3746 3959/3745 3969/3747
f 4070/3748 4131/3749 3969/3747
f 3969/3747 4131/3749 4095/3746
f 4115/3750 4027/3683 4129/3751
f 4129/3751 4027/3683 4072/3736
f 4129/3751 4072/3736 4112/3752
f 4112/3752 4072/3736 4024/3723
f 4112/3752 4024/3723 4111/3753
f 4111/3753 4024/3723 4023/3722
f 4111/3753 4023/3722 4110/3754
f 4110/3754 4023/3722 4021/3721
f 4145/3755 4111/3753 4146/3756
f 4146/3756 4111/3753 4110/3754
f 4110/3754 4021/3721 4109/3757
f 4109/3757 4021/3721 4019/3720
f 4109/3757 4019/3720 4108/3758
f 4108/3758 4019/3720 4018/3717
f 4147/3759 4109/3757 4108/3758
f 4015/3714 4107/3718 4018/3717
f 4018/3717 4107/3718 4108/3758
f 4146/3756 4110/3754 4147/3759
f 4147/3759 4110/3754 4109/3757
f 4029/3687 4028/3684 4117/3739
f 4117/3739 4028/3684 4116/3760
f 4028/3684 4027/3683 4116/3760
f 4116/3760 4027/3683 4115/3750
f 3970/3706 4084/3705 3968/3761
f 3968/3761 4084/3705 4094/3762
f 3968/3761 4094/3762 4151/3763
f 4151/3763 4094/3762 4093/3764
f 4131/3749 4070/3748 4083/3765
f 4083/3765 4070/3748 3967/3766
f 4083/3765 3967/3766 4159/3767
f 4159/3767 3967/3766 4158/3768
f 4159/3767 4158/3768 4093/3764
f 4093/3764 4158/3768 4151/3763
f 3992/3769 4083/3765 4160/3770
f 4160/3770 4083/3765 4159/3767
f 4142/3771 4115/3750 4143/3772
f 4143/3772 4115/3750 4129/3751
f 4116/3760 4115/3750 4141/3773
f 4141/3773 4115/3750 4142/3771
f 4117/3739 4116/3760 3934/3774
f 3934/3774 4116/3760 4141/3773
f 4130/3738 4117/3739 4067/3775
f 4067/3775 4117/3739 3934/3774
f 4081/3735 4130/3738 3932/3776
f 3932/3776 4130/3738 4067/3775
f 3675/3777 4316/3778 3674/3779
f 3674/3779 4316/3778 4311/3780
f 4296/3781 3675/3777 4297/3782
f 4297/3782 3675/3777 3674/3779
f 3695/3783 4297/3782 4345/3784
f 4345/3784 4297/3782 4371/3785
f 3674/3779 4311/3780 4343/3786
f 4343/3786 4311/3780 4372/3787
f 4343/3786 4371/3785 3674/3779
f 3674/3779 4371/3785 4297/3782
f 4350/3788 4372/3787 3733/3789
f 3733/3789 4372/3787 4311/3780
f 4369/3790 4344/3791 4383/3792
f 4383/3792 4344/3791 4376/3793
f 4376/3793 3685/3794 4383/3792
f 4383/3792 3685/3794 4277/3795
f 4369/3790 4347/3796 4281/3797
f 4281/3797 4347/3796 4269/3798
f 4383/3792 4378/3799 4369/3790
f 4369/3790 4378/3799 4347/3796
f 4281/3797 3686/3800 4369/3790
f 4369/3790 3686/3800 4344/3791
f 4383/3792 4277/3795 4378/3799
f 4378/3799 4277/3795 3713/3801
f 4370/3802 4344/3791 4291/3803
f 4291/3803 4344/3791 3686/3800
f 4384/3804 4376/3793 4370/3802
f 4370/3802 4376/3793 4344/3791
f 4291/3803 3695/3783 4370/3802
f 4370/3802 3695/3783 4345/3784
f 4384/3804 4283/3805 4376/3793
f 4376/3793 4283/3805 3685/3794
f 4350/3788 3733/3789 4373/3806
f 4373/3806 3733/3789 4328/3807
f 4381/3808 4350/3788 4385/3809
f 4385/3809 4350/3788 4373/3806
f 4326/3810 3728/3811 4385/3809
f 4385/3809 3728/3811 4381/3808
f 4283/3805 4384/3804 3687/3812
f 3687/3812 4384/3804 4387/3813
f 4370/3802 4345/3784 4384/3804
f 4384/3804 4345/3784 4387/3813
f 4391/3814 4375/3815 4298/3816
f 4298/3816 4375/3815 3673/3817
f 4345/3784 4371/3785 4387/3813
f 4387/3813 4371/3785 4391/3814
f 3688/3818 3687/3812 4299/3819
f 4299/3819 3687/3812 4298/3816
f 3687/3812 4387/3813 4298/3816
f 4298/3816 4387/3813 4391/3814
f 4392/3820 4381/3808 4309/3821
f 4309/3821 4381/3808 3728/3811
f 4371/3785 4343/3786 4391/3814
f 4391/3814 4343/3786 4375/3815
f 4392/3820 4372/3787 4381/3808
f 4381/3808 4372/3787 4350/3788
f 4309/3821 3673/3817 4392/3820
f 4392/3820 3673/3817 4375/3815
f 4343/3786 4372/3787 4375/3815
f 4375/3815 4372/3787 4392/3820
f 4092/3701 3986/3702 4079/3822
f 4079/3822 3986/3702 3919/3823
f 3985/3740 4092/3701 3913/3824
f 3913/3824 4092/3701 4079/3822
f 3987/3742 3985/3740 3917/3825
f 3917/3825 3985/3740 3913/3824
f 4099/3709 3987/3742 4122/3826
f 4122/3826 3987/3742 3917/3825
f 4331/3827 4386/3828 3708/3829
f 3708/3829 4386/3828 4380/3830
f 3988/3831 4160/3770 4093/3764
f 4093/3764 4160/3770 4159/3767
f 4483/3832 3962/3833 4482/3834
f 4482/3834 3962/3833 3961/3835
f 3988/3831 4093/3764 3989/3836
f 3989/3836 4093/3764 4094/3762
f 4482/3834 3988/3831 4483/3832
f 4483/3832 3988/3831 3989/3836
f 4084/3705 3993/3837 4094/3762
f 4094/3762 3993/3837 3989/3836
f 4085/3693 3994/3697 4096/3704
f 4096/3704 3994/3697 3991/3838
f 3993/3837 4084/3705 3991/3838
f 3991/3838 4084/3705 4096/3704
f 3995/3698 4086/3695 3997/3839
f 3997/3839 4086/3695 4097/3707
f 4486/3840 3978/3841 4485/3842
f 4485/3842 3978/3841 3979/3843
f 3997/3839 4097/3707 3998/3844
f 3998/3844 4097/3707 4098/3845
f 4485/3842 3997/3839 4486/3840
f 4486/3840 3997/3839 3998/3844
f 4087/3711 3996/3712 4098/3845
f 4098/3845 3996/3712 3998/3844
f 4483/3832 3989/3836 4488/3846
f 4488/3846 3989/3836 3993/3837
f 3962/3833 4483/3832 3963/3847
f 3963/3847 4483/3832 4488/3846
f 4484/3848 3964/3849 4488/3846
f 4488/3846 3964/3849 3963/3847
f 4488/3846 3993/3837 4484/3848
f 4484/3848 3993/3837 3991/3838
f 3964/3849 4484/3848 3965/3850
f 3965/3850 4484/3848 4489/3851
f 4484/3848 3991/3838 4489/3851
f 4489/3851 3991/3838 3994/3697
f 4490/3852 3995/3698 4485/3842
f 4485/3842 3995/3698 3997/3839
f 3965/3850 4489/3851 3966/3853
f 3966/3853 4489/3851 4490/3852
f 4485/3842 3979/3843 4490/3852
f 4490/3852 3979/3843 3966/3853
f 4489/3851 3994/3697 4490/3852
f 4490/3852 3994/3697 3995/3698
f 3978/3841 4486/3840 3977/3854
f 3977/3854 4486/3840 4491/3855
f 4486/3840 3998/3844 4491/3855
f 4491/3855 3998/3844 3996/3712
f 3977/3854 4491/3855 4000/3856
f 4000/3856 4491/3855 4492/3857
f 4491/3855 3996/3712 4492/3857
f 4492/3857 3996/3712 3999/3710
f 4083/3765 3992/3769 4131/3749
f 4131/3749 3992/3769 4071/3858
f 3992/3769 4487/3859 4071/3858
f 4071/3858 4487/3859 4495/3860
f 4487/3859 3960/3861 4495/3860
f 4495/3860 3960/3861 4069/3862
f 4487/3859 3992/3769 4496/3863
f 4496/3863 3992/3769 4160/3770
f 3960/3861 4487/3859 4161/3864
f 4161/3864 4487/3859 4496/3863
f 4482/3834 3961/3835 4496/3863
f 4496/3863 3961/3835 4161/3864
f 4160/3770 3988/3831 4496/3863
f 4496/3863 3988/3831 4482/3834
f 3990/3865 4095/3746 4071/3858
f 4071/3858 4095/3746 4131/3749
f 4071/3858 4495/3860 3990/3865
f 3990/3865 4495/3860 4498/3866
f 4495/3860 4069/3862 4498/3866
f 4498/3866 4069/3862 4175/3867
f 4095/3746 3990/3865 4128/3744
f 4128/3744 3990/3865 4066/3868
f 3990/3865 4498/3866 4066/3868
f 4066/3868 4498/3866 4499/3869
f 4498/3866 4175/3867 4499/3869
f 4499/3869 4175/3867 4176/3870
f 4359/3871 4353/3872 3794/3873
f 3794/3873 4353/3872 3797/3874
f 3794/3873 3797/3874 4419/3875
f 4419/3875 3797/3874 4007/3876
f 3797/3874 3919/3823 4007/3876
f 4007/3876 3919/3823 3986/3702
f 4007/3876 3986/3702 4006/3877
f 4006/3877 3986/3702 3982/3700
f 4289/3878 4727/3879 3678/3880
f 3678/3880 4727/3879 4683/3881
f 4685/3882 4727/3879 3692/3883
f 3692/3883 4727/3879 4289/3878
f 4732/3884 4687/3885 4320/3886
f 4320/3886 4687/3885 3700/3887
f 4690/3888 4732/3884 3725/3889
f 3725/3889 4732/3884 4320/3886
f 4739/3890 4698/3891 4396/3892
f 4396/3892 4698/3891 3760/3893
f 4273/3894 3681/3895 4799/3896
f 4799/3896 3681/3895 4770/3897
f 4799/3896 41/231 4773/3898
f 4773/3898 41/231 9/232
f 4773/3898 3696/3899 4799/3896
f 4799/3896 3696/3899 4273/3894
f 4265/3900 4798/3901 4275/3902
f 4275/3902 4798/3901 4800/3903
f 4770/3897 6/238 4799/3896
f 4799/3896 6/238 41/231
f 4800/3903 42/240 4769/3904
f 4769/3904 42/240 5/241
f 3678/3880 4683/3881 4275/3902
f 4275/3902 4683/3881 4725/3905
f 4769/3904 3678/3880 4800/3903
f 4800/3903 3678/3880 4275/3902
f 4275/3902 4725/3905 4265/3900
f 4265/3900 4725/3905 4723/3906
f 40/244 42/240 4798/3901
f 4798/3901 42/240 4800/3903
f 4801/3907 44/246 4770/3897
f 4770/3897 44/246 6/238
f 4770/3897 3681/3895 4801/3907
f 4801/3907 3681/3895 4287/3908
f 3691/3909 4771/3910 4287/3908
f 4287/3908 4771/3910 4801/3907
f 4771/3910 8/250 4801/3907
f 4801/3907 8/250 44/246
f 4802/3911 4289/3878 4769/3904
f 4769/3904 4289/3878 3678/3880
f 7/254 4772/3912 43/253
f 43/253 4772/3912 4802/3911
f 4769/3904 5/241 4802/3911
f 4802/3911 5/241 43/253
f 4295/3913 3677/3914 4729/3915
f 4729/3915 3677/3914 4689/3916
f 4772/3912 3692/3883 4802/3911
f 4802/3911 3692/3883 4289/3878
f 4772/3912 7/254 4803/3917
f 4803/3917 7/254 45/260
f 4768/3918 3677/3914 4803/3917
f 4803/3917 3677/3914 4295/3913
f 4729/3915 4685/3882 4295/3913
f 4295/3913 4685/3882 3692/3883
f 3692/3883 4772/3912 4295/3913
f 4295/3913 4772/3912 4803/3917
f 4803/3917 45/260 4768/3918
f 4768/3918 45/260 4/262
f 4804/3919 46/264 4771/3910
f 4771/3910 46/264 8/250
f 4804/3919 4771/3910 4302/3920
f 4302/3920 4771/3910 3691/3909
f 4302/3920 3669/3921 4804/3919
f 4804/3919 3669/3921 4767/3922
f 4315/3923 3677/3914 4805/3924
f 4805/3924 3677/3914 4768/3918
f 4767/3922 3/270 4804/3919
f 4804/3919 3/270 46/264
f 4/262 48/271 4768/3918
f 4768/3918 48/271 4805/3924
f 4806/3925 4767/3922 4313/3926
f 4313/3926 4767/3922 3669/3921
f 4315/3923 3730/3927 4731/3928
f 4731/3928 3730/3927 4691/3929
f 4805/3924 4779/3930 4315/3923
f 4315/3923 4779/3930 3730/3927
f 4731/3928 4689/3916 4315/3923
f 4315/3923 4689/3916 3677/3914
f 48/271 13/278 4805/3924
f 4805/3924 13/278 4779/3930
f 4806/3925 47/279 4767/3922
f 4767/3922 47/279 3/270
f 4730/3931 4690/3888 4313/3926
f 4313/3926 4690/3888 3725/3889
f 4313/3926 3725/3889 4806/3925
f 4806/3925 3725/3889 4778/3932
f 4682/3933 4730/3931 3669/3921
f 3669/3921 4730/3931 4313/3926
f 4778/3932 12/283 4806/3925
f 4806/3925 12/283 47/279
f 3725/3889 4320/3886 4778/3932
f 4778/3932 4320/3886 4807/3934
f 12/283 4778/3932 49/285
f 49/285 4778/3932 4807/3934
f 4320/3886 3700/3887 4807/3934
f 4807/3934 3700/3887 4774/3935
f 13/278 50/288 4779/3930
f 4779/3930 50/288 4808/3936
f 4733/3937 4691/3929 4322/3938
f 4322/3938 4691/3929 3730/3927
f 4322/3938 3730/3927 4808/3936
f 4808/3936 3730/3927 4779/3930
f 4265/3900 4723/3906 4366/3939
f 4366/3939 4723/3906 4736/3940
f 4811/3941 4798/3901 4366/3939
f 4366/3939 4798/3901 4265/3900
f 3696/3899 4773/3898 4388/3942
f 4388/3942 4773/3898 4812/3943
f 53/296 40/244 4811/3941
f 4811/3941 40/244 4798/3901
f 4773/3898 9/232 4812/3943
f 4812/3943 9/232 54/297
f 4812/3943 4811/3941 4388/3942
f 4388/3942 4811/3941 4366/3939
f 54/297 53/296 4812/3943
f 4812/3943 53/296 4811/3941
f 4784/3944 3759/3945 4813/3946
f 4813/3946 3759/3945 4393/3947
f 4813/3946 56/302 4784/3944
f 4784/3944 56/302 18/303
f 4814/3948 4783/3949 55/305
f 55/305 4783/3949 17/307
f 4396/3892 3760/3893 4814/3948
f 4814/3948 3760/3893 4783/3949
f 4819/3950 4785/3951 4433/3952
f 4433/3952 4785/3951 3772/3953
f 61/313 19/312 4819/3950
f 4819/3950 19/312 4785/3951
f 4433/3952 4420/3954 4819/3950
f 4819/3950 4420/3954 4818/3955
f 60/316 61/313 4818/3955
f 4818/3955 61/313 4819/3950
f 4423/3956 4428/3957 4817/3958
f 4817/3958 4428/3957 4820/3959
f 62/321 59/322 4820/3959
f 4820/3959 59/322 4817/3958
f 4820/3959 4786/3960 62/321
f 62/321 4786/3960 20/324
f 4428/3957 3767/3961 4820/3959
f 4820/3959 3767/3961 4786/3960
f 64/326 60/316 4821/3962
f 4821/3962 60/316 4818/3955
f 4784/3944 18/303 4821/3962
f 4821/3962 18/303 64/326
f 4822/3963 4783/3949 4439/3964
f 4439/3964 4783/3949 3760/3893
f 59/322 63/330 4817/3958
f 4817/3958 63/330 4822/3963
f 4747/3965 4742/3966 4439/3964
f 4439/3964 4742/3966 4423/3956
f 4439/3964 4423/3956 4822/3963
f 4822/3963 4423/3956 4817/3958
f 4698/3891 4747/3965 3760/3893
f 3760/3893 4747/3965 4439/3964
f 63/330 17/307 4822/3963
f 4822/3963 17/307 4783/3949
f 3767/3961 4444/3967 4786/3960
f 4786/3960 4444/3967 4823/3968
f 66/335 20/324 4823/3968
f 4823/3968 20/324 4786/3960
f 4823/3968 4781/3969 66/335
f 66/335 4781/3969 14/337
f 4824/3970 4782/3971 4449/3972
f 4449/3972 4782/3971 3735/3973
f 4444/3967 3736/3974 4823/3968
f 4823/3968 3736/3974 4781/3969
f 19/312 65/343 4785/3951
f 4785/3951 65/343 4824/3970
f 4449/3972 3772/3953 4824/3970
f 4824/3970 3772/3953 4785/3951
f 4531/3975 4396/3892 4826/3976
f 4826/3976 4396/3892 4814/3948
f 4827/3977 70/347 4813/3946
f 4813/3946 70/347 56/302
f 4062/3978 4497/3979 4851/3980
f 4851/3980 4497/3979 4494/3981
f 4855/3982 4393/3947 4838/3983
f 4838/3983 4393/3947 3759/3945
f 4433/3952 3772/3953 4860/3984
f 4860/3984 3772/3953 4840/3985
f 4420/3954 4433/3952 4859/3986
f 4859/3986 4433/3952 4860/3984
f 4449/3972 3735/3973 4862/3987
f 4862/3987 3735/3973 4835/3988
f 3772/3953 4449/3972 4840/3985
f 4840/3985 4449/3972 4862/3987
f 4062/3978 4851/3980 3904/3989
f 3904/3989 4851/3980 4872/3990
f 4875/3991 4845/3992 4199/3993
f 4199/3993 4845/3992 3848/3994
f 3849/3995 4200/3996 3848/3994
f 3848/3994 4200/3996 4199/3993
f 4212/3997 3849/3995 4214/3998
f 4214/3998 3849/3995 3848/3994
f 4214/3998 3848/3994 4876/3999
f 4876/3999 3848/3994 4845/3992
f 4242/4000 4214/3998 4882/4001
f 4882/4001 4214/3998 4876/3999
f 4882/4001 4866/4002 4242/4000
f 4242/4000 4866/4002 3856/4003
f 3759/3945 4784/3944 4436/4004
f 4436/4004 4784/3944 4821/3962
f 4821/3962 4818/3955 4436/4004
f 4436/4004 4818/3955 4420/3954
f 4851/3980 4494/3981 4872/3990
f 4872/3990 4494/3981 4480/4005
f 4479/4006 4850/4007 4480/4005
f 4480/4005 4850/4007 4872/3990
f 4468/4008 4845/3992 4505/4009
f 4505/4009 4845/3992 4875/3991
f 4845/3992 4468/4008 4876/3999
f 4876/3999 4468/4008 4507/4010
f 4908/4011 4470/4012 4924/4013
f 4924/4013 4470/4012 4512/4014
f 4924/4013 4245/4015 4908/4011
f 4908/4011 4245/4015 3855/4016
f 4876/3999 4507/4010 4882/4001
f 4882/4001 4507/4010 4512/4014
f 4507/4010 4918/4017 4512/4014
f 4512/4014 4918/4017 4924/4013
f 4470/4012 4866/4002 4512/4014
f 4512/4014 4866/4002 4882/4001
f 4918/4017 4205/4018 4924/4013
f 4924/4013 4205/4018 4245/4015
f 4918/4017 4507/4010 4942/4019
f 4942/4019 4507/4010 4468/4008
f 4205/4018 4918/4017 3847/4020
f 3847/4020 4918/4017 4942/4019
f 4917/4021 4198/4022 4942/4019
f 4942/4019 4198/4022 3847/4020
f 4942/4019 4468/4008 4917/4021
f 4917/4021 4468/4008 4505/4009
f 4947/4023 4479/4006 4914/4024
f 4914/4024 4479/4006 4480/4005
f 4478/4025 4913/4026 4750/4027
f 4750/4027 4913/4026 4971/4028
f 4126/4029 4062/3978 4124/4030
f 4124/4030 4062/3978 3904/3989
f 4795/4031 3813/4032 4994/4033
f 4994/4033 3813/4032 4973/4034
f 3813/4032 4844/4035 4973/4034
f 4973/4034 4844/4035 4996/4036
f 3861/4037 4249/4038 4544/4039
f 4544/4039 4249/4038 4561/4040
f 72/411 4829/4041 36/412
f 36/412 4829/4041 4796/4042
f 5009/4043 5001/4044 4554/4045
f 4554/4045 5001/4044 4541/4046
f 4554/4045 4541/4046 4194/4047
f 4194/4047 4541/4046 3843/4048
f 4209/4049 3843/4048 4556/4050
f 4556/4050 3843/4048 4541/4046
f 4556/4050 4561/4040 4209/4049
f 4209/4049 4561/4040 4249/4038
f 4556/4050 4541/4046 5010/4051
f 5010/4051 4541/4046 5001/4044
f 4994/4033 78/425 4795/4031
f 4795/4031 78/425 30/424
f 4973/4034 4996/4036 3812/4052
f 3812/4052 4996/4036 4849/4053
f 5020/4054 5002/4055 4204/4056
f 4204/4056 5002/4055 3853/4057
f 4846/4058 4854/4059 3853/4057
f 3853/4057 4854/4059 4204/4056
f 4555/4060 4542/4061 5020/4054
f 5020/4054 4542/4061 5002/4055
f 4215/4062 3853/4057 5021/4063
f 5021/4063 3853/4057 5002/4055
f 4542/4061 4557/4064 5002/4055
f 5002/4055 4557/4064 5021/4063
f 4544/4039 4561/4040 5003/4065
f 5003/4065 4561/4040 5026/4066
f 5026/4066 5010/4051 4241/4067
f 4241/4067 5010/4051 4213/4068
f 4215/4062 5021/4063 4243/4069
f 4243/4069 5021/4063 5027/4070
f 4561/4040 4556/4050 5026/4066
f 5026/4066 4556/4050 5010/4051
f 5021/4063 4557/4064 5027/4070
f 5027/4070 4557/4064 4562/4071
f 5015/4072 3860/4073 5027/4070
f 5027/4070 3860/4073 4243/4069
f 5027/4070 4562/4071 5015/4072
f 5015/4072 4562/4071 4543/4074
f 4828/4075 4538/4076 5032/4077
f 5032/4077 4538/4076 4999/4078
f 4795/4031 30/424 5032/4077
f 5032/4077 30/424 80/453
f 4792/4079 31/455 4994/4033
f 4994/4033 31/455 78/425
f 5032/4077 80/453 4828/4075
f 4828/4075 80/453 71/456
f 3813/4032 4795/4031 4999/4078
f 4999/4078 4795/4031 5032/4077
f 4550/4080 4829/4041 5018/4081
f 5018/4081 4829/4041 5033/4082
f 5033/4082 79/460 4792/4079
f 4792/4079 79/460 31/455
f 4994/4033 4973/4034 4792/4079
f 4792/4079 4973/4034 3812/4052
f 4792/4079 3812/4052 5033/4082
f 5033/4082 3812/4052 5018/4081
f 4829/4041 72/411 5033/4082
f 5033/4082 72/411 79/460
f 4549/4083 5006/4084 4893/4085
f 4893/4085 5006/4084 5034/4086
f 5006/4084 3890/4087 5034/4086
f 5034/4086 3890/4087 4848/4088
f 4975/4089 3890/4087 5040/4090
f 5040/4090 3890/4087 5006/4084
f 5040/4090 5006/4084 4988/4091
f 4988/4091 5006/4084 4549/4083
f 4355/4092 3829/4093 5067/4094
f 5067/4094 3829/4093 5066/4095
f 5067/4094 5066/4095 4608/4096
f 4608/4096 5066/4095 4605/4097
f 3828/4098 4355/4092 5078/4099
f 5078/4099 4355/4092 5067/4094
f 5080/4100 5066/4095 4414/4101
f 4414/4101 5066/4095 3829/4093
f 5083/4102 5068/4103 4815/4104
f 4815/4104 5068/4103 4401/4105
f 3804/4106 5076/4107 4790/4108
f 4790/4108 5076/4107 5084/4109
f 4815/4104 57/488 5083/4102
f 5083/4102 57/488 82/489
f 83/491 22/490 5084/4109
f 5084/4109 22/490 4790/4108
f 4857/4110 4401/4105 5086/4111
f 5086/4111 4401/4105 5068/4103
f 5074/4112 4599/4113 5077/4114
f 5077/4114 4599/4113 4602/4115
f 5078/4099 5067/4094 4606/4116
f 4606/4116 5067/4094 4608/4096
f 4837/4117 3764/4118 4856/4119
f 4856/4119 3764/4118 4400/4120
f 4607/4121 4606/4116 5098/4122
f 5098/4122 4606/4116 5097/4123
f 3764/4118 5090/4124 4400/4120
f 4400/4120 5090/4124 5099/4125
f 5090/4124 3763/4126 5099/4125
f 5099/4125 3763/4126 4399/4127
f 4609/4128 4605/4097 5080/4100
f 5080/4100 4605/4097 5066/4095
f 5103/4129 5091/4130 4431/4131
f 4431/4131 5091/4130 3770/4132
f 4432/4133 3771/4134 5103/4129
f 5103/4129 3771/4134 5091/4130
f 4427/4135 4432/4133 5102/4136
f 5102/4136 4432/4133 5103/4129
f 4443/4137 4427/4135 5104/4138
f 5104/4138 4427/4135 5102/4136
f 5090/4124 3764/4118 5104/4138
f 5104/4138 3764/4118 4443/4137
f 5099/4125 4399/4127 5106/4139
f 5106/4139 4399/4127 4534/4140
f 5106/4139 4535/4141 5099/4125
f 5099/4125 4535/4141 4400/4120
f 4608/4096 4605/4097 5110/4142
f 5110/4142 4605/4097 5109/4143
f 4605/4097 4609/4128 5109/4143
f 5109/4143 4609/4128 5101/4144
f 4606/4116 4608/4096 5097/4123
f 5097/4123 4608/4096 5110/4142
f 4601/4145 5095/4146 4830/4147
f 4830/4147 5095/4146 5112/4148
f 73/531 83/491 4830/4147
f 4830/4147 83/491 5084/4109
f 84/532 73/531 5112/4148
f 5112/4148 73/531 4830/4147
f 4830/4147 5084/4109 4601/4145
f 4601/4145 5084/4109 5076/4107
f 3778/4149 3779/4150 5097/4123
f 5097/4123 3779/4150 5098/4122
f 5097/4123 5110/4142 3778/4149
f 3778/4149 5110/4142 4352/4151
f 4386/3828 4374/4152 4380/3830
f 4380/3830 4374/4152 4349/4153
f 3777/4154 4352/4151 5109/4143
f 5109/4143 4352/4151 5110/4142
f 4374/4152 4336/4155 4349/4153
f 4349/4153 4336/4155 3719/4156
f 4349/4153 3719/4156 5128/4157
f 5128/4157 3719/4156 5122/4158
f 3778/4149 4352/4151 5122/4158
f 5122/4158 4352/4151 5128/4157
f 5129/4159 5128/4157 3777/4154
f 3777/4154 5128/4157 4352/4151
f 4380/3830 4349/4153 5129/4159
f 5129/4159 4349/4153 5128/4157
f 5130/4160 5116/4161 4398/4162
f 4398/4162 5116/4161 3762/4163
f 4399/4127 3763/4126 5130/4160
f 5130/4160 3763/4126 5116/4161
f 3708/3829 4380/3830 5132/4164
f 5132/4164 4380/3830 5129/4159
f 4413/4165 3777/4154 5101/4144
f 5101/4144 3777/4154 5109/4143
f 5132/4164 5129/4159 4413/4165
f 4413/4165 5129/4159 3777/4154
f 5102/4136 5103/4129 4426/4166
f 4426/4166 5103/4129 4431/4131
f 5134/4167 5117/4168 4430/4169
f 4430/4169 5117/4168 3769/4170
f 4431/4131 3770/4132 5134/4167
f 5134/4167 3770/4132 5117/4168
f 4430/4169 3769/4170 4429/4171
f 4429/4171 3769/4170 3768/4172
f 4430/4169 4425/4173 5134/4167
f 5134/4167 4425/4173 5133/4174
f 5135/4175 5116/4161 4442/4176
f 4442/4176 5116/4161 3763/4126
f 4426/4166 4431/4131 5133/4174
f 5133/4174 4431/4131 5134/4167
f 4441/4177 3762/4163 5135/4175
f 5135/4175 3762/4163 5116/4161
f 5104/4138 5102/4136 4442/4176
f 4442/4176 5102/4136 4426/4166
f 4442/4176 4426/4166 5135/4175
f 5135/4175 4426/4166 5133/4174
f 5090/4124 5104/4138 3763/4126
f 3763/4126 5104/4138 4442/4176
f 4446/4178 3769/4170 5136/4179
f 5136/4179 3769/4170 5117/4168
f 4425/4173 4441/4177 5133/4174
f 5133/4174 4441/4177 5135/4175
f 5136/4179 5114/4180 4446/4178
f 4446/4178 5114/4180 3740/4181
f 4782/3971 4824/3970 15/566
f 15/566 4824/3970 65/343
f 5137/4182 5130/4160 4533/4183
f 4533/4183 5130/4160 4398/4162
f 4534/4140 4399/4127 5137/4182
f 5137/4182 4399/4127 5130/4160
f 4452/4184 5113/4185 4825/4186
f 4825/4186 5113/4185 5139/4187
f 5139/4187 4782/3971 86/573
f 86/573 4782/3971 15/566
f 3788/4188 5125/4189 4787/4190
f 4787/4190 5125/4189 5140/4191
f 67/578 14/337 4825/4186
f 4825/4186 14/337 4781/3969
f 86/573 67/578 5139/4187
f 5139/4187 67/578 4825/4186
f 4825/4186 4781/3969 4452/4184
f 4452/4184 4781/3969 3736/3974
f 5113/4185 3735/3973 5139/4187
f 5139/4187 3735/3973 4782/3971
f 5140/4191 4777/4192 85/579
f 85/579 4777/4192 11/581
f 21/582 84/532 4787/4190
f 4787/4190 84/532 5112/4148
f 85/579 21/582 5140/4191
f 5140/4191 21/582 4787/4190
f 4787/4190 5112/4148 3788/4188
f 3788/4188 5112/4148 5095/4146
f 5125/4189 3723/4193 5140/4191
f 5140/4191 3723/4193 4777/4192
f 2/584 49/285 4774/3935
f 4774/3935 49/285 4807/3934
f 3714/4194 3715/4195 5149/4196
f 5149/4196 3715/4195 5145/4197
f 4776/4198 4808/3936 10/590
f 10/590 4808/3936 50/288
f 4808/3936 4776/4198 4322/3938
f 4322/3938 4776/4198 3718/4199
f 4373/3806 4328/3807 4348/4200
f 4348/4200 4328/3807 3714/4194
f 4348/4200 3714/4194 5153/4201
f 5153/4201 3714/4194 5149/4196
f 4379/4202 3709/4203 4385/3809
f 4385/3809 3709/4203 4326/3810
f 4336/4155 4374/4152 5149/4196
f 5149/4196 4374/4152 5153/4201
f 4386/3828 4331/3827 5154/4204
f 5154/4204 4331/3827 5148/4205
f 5154/4204 5148/4205 4379/4202
f 4379/4202 5148/4205 3709/4203
f 4385/3809 4373/3806 4379/4202
f 4379/4202 4373/3806 4348/4200
f 4379/4202 4348/4200 5154/4204
f 5154/4204 4348/4200 5153/4201
f 4374/4152 4386/3828 5153/4201
f 5153/4201 4386/3828 5154/4204
f 4332/4206 5141/4207 4734/4208
f 4734/4208 5141/4207 5156/4209
f 58/605 51/603 4816/4210
f 4816/4210 51/603 4809/4211
f 5141/4207 3700/3887 5156/4209
f 5156/4209 3700/3887 4687/3885
f 5157/4212 4774/3935 5141/4207
f 5141/4207 4774/3935 3700/3887
f 51/603 87/607 4809/4211
f 4809/4211 87/607 5157/4212
f 4332/4206 4412/4213 4809/4211
f 4809/4211 4412/4213 4816/4210
f 5141/4207 4332/4206 5157/4212
f 5157/4212 4332/4206 4809/4211
f 4337/4214 5150/4215 4810/4216
f 4810/4216 5150/4215 5158/4217
f 87/607 2/584 5157/4212
f 5157/4212 2/584 4774/3935
f 5158/4217 4776/4198 88/613
f 88/613 4776/4198 10/590
f 52/614 11/581 4810/4216
f 4810/4216 11/581 4777/4192
f 88/613 52/614 5158/4217
f 5158/4217 52/614 4810/4216
f 4810/4216 4777/4192 4337/4214
f 4337/4214 4777/4192 3723/4193
f 5150/4215 3718/4199 5158/4217
f 5158/4217 3718/4199 4776/4198
f 3904/3989 4984/4218 4124/4030
f 4124/4030 4984/4218 4985/4219
f 4058/4220 4124/4030 4985/4219
f 4114/4221 4985/4219 3905/4222
f 3905/4222 4985/4219 4984/4218
f 5199/4223 4187/4224 5200/4225
f 5200/4225 4187/4224 4188/4226
f 5212/4227 4188/4226 5211/4228
f 5211/4228 4188/4226 4187/4224
f 5211/4228 4259/4229 5212/4227
f 5212/4227 4259/4229 4260/4230
f 4868/4231 4875/3991 3872/4232
f 3872/4232 4875/3991 4199/3993
f 5224/4233 4260/4230 5223/4234
f 5223/4234 4260/4230 4259/4229
f 3872/4232 4199/3993 3873/4235
f 3873/4235 4199/3993 4200/3996
f 5223/4234 3872/4232 5224/4233
f 5224/4233 3872/4232 3873/4235
f 5016/4236 5020/4054 3877/4237
f 3877/4237 5020/4054 4204/4056
f 4505/4009 4875/3991 4473/4238
f 4473/4238 4875/3991 4868/4231
f 4545/4239 4554/4045 3867/4240
f 3867/4240 4554/4045 4194/4047
f 4182/4241 5194/4242 4553/4243
f 4553/4243 5194/4242 5237/4244
f 4546/4245 4555/4060 5016/4236
f 5016/4236 4555/4060 5020/4054
f 4868/4231 3872/4232 5253/4246
f 5253/4246 3872/4232 5223/4234
f 4884/4247 4259/4229 5254/4248
f 5254/4248 4259/4229 5211/4228
f 4473/4238 4868/4231 5231/4249
f 5231/4249 4868/4231 5253/4246
f 4187/4224 4874/4250 5211/4228
f 5211/4228 4874/4250 5254/4248
f 4884/4247 4514/4251 5253/4246
f 5253/4246 4514/4251 5231/4249
f 5254/4248 5232/4252 4884/4247
f 4884/4247 5232/4252 4514/4251
f 5253/4246 5223/4234 4884/4247
f 4884/4247 5223/4234 4259/4229
f 4874/4250 4504/4253 5254/4248
f 5254/4248 4504/4253 5232/4252
f 4874/4250 4187/4224 5258/4254
f 5258/4254 4187/4224 5199/4223
f 4910/4255 4473/4238 5259/4256
f 5259/4256 4473/4238 5231/4249
f 4504/4253 4874/4250 5229/4257
f 5229/4257 4874/4250 5258/4254
f 4910/4255 3871/4258 4917/4021
f 4917/4021 3871/4258 4198/4022
f 5259/4256 5222/4259 4910/4255
f 4910/4255 5222/4259 3871/4258
f 4917/4021 4505/4009 4910/4255
f 4910/4255 4505/4009 4473/4238
f 4926/4260 4514/4251 5260/4261
f 5260/4261 4514/4251 5232/4252
f 4926/4260 4258/4262 5259/4256
f 5259/4256 4258/4262 5222/4259
f 5260/4261 5210/4263 4926/4260
f 4926/4260 5210/4263 4258/4262
f 5259/4256 5231/4249 4926/4260
f 4926/4260 5231/4249 4514/4251
f 4916/4264 4504/4253 5262/4265
f 5262/4265 4504/4253 5229/4257
f 4916/4264 4186/4266 5260/4261
f 5260/4261 4186/4266 5210/4263
f 5262/4265 5198/4267 4916/4264
f 4916/4264 5198/4267 4186/4266
f 5260/4261 5232/4252 4916/4264
f 4916/4264 5232/4252 4504/4253
f 4545/4239 5235/4268 5004/4269
f 5004/4269 5235/4268 5265/4270
f 5235/4268 4563/4271 5265/4270
f 5265/4270 4563/4271 5011/4272
f 5217/4273 3866/4274 5265/4270
f 5265/4270 3866/4274 5004/4269
f 5004/4269 5009/4043 4545/4239
f 4545/4239 5009/4043 4554/4045
f 5265/4270 5011/4272 5217/4273
f 5217/4273 5011/4272 4253/4275
f 5216/4276 4192/4277 5266/4278
f 5266/4278 4192/4277 5019/4279
f 5239/4280 4564/4281 5266/4278
f 5266/4278 4564/4281 5028/4282
f 4264/4283 5216/4276 5028/4282
f 5028/4282 5216/4276 5266/4278
f 5266/4278 5019/4279 5239/4280
f 5239/4280 5019/4279 4552/4284
f 5267/4285 5016/4236 5228/4286
f 5228/4286 5016/4236 3877/4237
f 4564/4281 5240/4287 5028/4282
f 5028/4282 5240/4287 5267/4285
f 5228/4286 4264/4283 5267/4285
f 5267/4285 4264/4283 5028/4282
f 5240/4287 4546/4245 5267/4285
f 5267/4285 4546/4245 5016/4236
f 5237/4244 4547/4288 5268/4289
f 5268/4289 4547/4288 5005/4290
f 5269/4291 5011/4272 5238/4292
f 5238/4292 5011/4272 4563/4271
f 4553/4243 5237/4244 5008/4293
f 5008/4293 5237/4244 5268/4289
f 5238/4292 4553/4243 5269/4291
f 5269/4291 4553/4243 5008/4293
f 5204/4294 3889/4295 5270/4296
f 5270/4296 3889/4295 5017/4297
f 5270/4296 5019/4279 5204/4294
f 5204/4294 5019/4279 4192/4277
f 4988/4091 4548/4298 5040/4090
f 5040/4090 4548/4298 5017/4297
f 4548/4298 5236/4299 5017/4297
f 5017/4297 5236/4299 5270/4296
f 3889/4295 4975/4089 5017/4297
f 5017/4297 4975/4089 5040/4090
f 5236/4299 4552/4284 5270/4296
f 5270/4296 4552/4284 5019/4279
f 4202/4300 3851/4301 5302/4302
f 5302/4302 3851/4301 5290/4303
f 3875/4304 4202/4300 5294/4305
f 5294/4305 4202/4300 5302/4302
f 3851/4301 4207/4306 5290/4303
f 5290/4303 4207/4306 5304/4307
f 4247/4308 3858/4309 5308/4310
f 5308/4310 3858/4309 5291/4311
f 4207/4306 4247/4308 5304/4307
f 5304/4307 4247/4308 5308/4310
f 3693/4312 4288/4313 5279/4314
f 5279/4314 4288/4313 5316/4315
f 4288/4313 3679/4316 5316/4315
f 5316/4315 3679/4316 5278/4317
f 4321/4318 3729/4319 5322/4320
f 5322/4320 3729/4319 5283/4321
f 4977/4322 3887/4323 5339/4324
f 5339/4324 3887/4323 5296/4325
f 4407/4326 3775/4327 5100/4328
f 5100/4328 3775/4327 5107/4329
f 3775/4327 4407/4326 5118/4330
f 5118/4330 4407/4326 5131/4331
f 4408/4332 3706/4333 5131/4331
f 5131/4331 3706/4333 5118/4330
f 74/731 4831/4334 77/732
f 77/732 4831/4334 4834/4335
f 4610/4336 4831/4334 5358/4337
f 5358/4337 4831/4334 5371/4338
f 5170/4339 5166/4340 5389/4341
f 5389/4341 5166/4340 5385/4342
f 3836/4343 4356/4344 5385/4342
f 5385/4342 4356/4344 5389/4341
f 5389/4341 5384/4345 5170/4339
f 5170/4339 5384/4345 5165/4346
f 5171/4347 5167/4348 5390/4349
f 5390/4349 5167/4348 5386/4350
f 4356/4344 3835/4351 5389/4341
f 5389/4341 3835/4351 5384/4345
f 5390/4349 5385/4342 5171/4347
f 5171/4347 5385/4342 5166/4340
f 4417/4352 3836/4343 5390/4349
f 5390/4349 3836/4343 5385/4342
f 5182/4353 5175/4354 5401/4355
f 5401/4355 5175/4354 5394/4356
f 5161/4357 5380/4358 5185/4359
f 5185/4359 5380/4358 5404/4360
f 5380/4358 3804/4106 5404/4360
f 5404/4360 3804/4106 4790/4108
f 93/761 89/760 5404/4360
f 5404/4360 89/760 5185/4359
f 5404/4360 4790/4108 93/761
f 93/761 4790/4108 22/490
f 5419/4361 5166/4340 5423/4362
f 5423/4362 5166/4340 5170/4339
f 5420/4363 5167/4348 5424/4364
f 5424/4364 5167/4348 5171/4347
f 5424/4364 5171/4347 5419/4361
f 5419/4361 5171/4347 5166/4340
f 5175/4354 5182/4353 5428/4365
f 5428/4365 5182/4353 5434/4366
f 5414/4367 5161/4357 5437/4368
f 5437/4368 5161/4357 5185/4359
f 4662/4369 5397/4370 4832/4371
f 4832/4371 5397/4370 5438/4372
f 5437/4368 5185/4359 95/774
f 95/774 5185/4359 89/760
f 5397/4370 5178/4373 5438/4372
f 5438/4372 5178/4373 5186/4374
f 75/779 37/778 4832/4371
f 4832/4371 37/778 4797/4375
f 96/780 75/779 5438/4372
f 5438/4372 75/779 4832/4371
f 4832/4371 4797/4375 4662/4369
f 4662/4369 4797/4375 4178/4376
f 5439/4377 5425/4378 4897/4379
f 4897/4379 5425/4378 4663/4380
f 5438/4372 5186/4374 96/780
f 96/780 5186/4374 90/786
f 5174/4381 5187/4382 5393/4383
f 5393/4383 5187/4382 5439/4377
f 4871/4384 3896/4385 4897/4379
f 4897/4379 3896/4385 4658/4386
f 4897/4379 4658/4386 5439/4377
f 5439/4377 4658/4386 5393/4383
f 4478/4025 4871/4384 4663/4380
f 4663/4380 4871/4384 4897/4379
f 5187/4382 5172/4387 5439/4377
f 5439/4377 5172/4387 5425/4378
f 4662/4369 4178/4376 4898/4388
f 4898/4388 4178/4376 4852/4389
f 4966/4390 4663/4380 5441/4391
f 5441/4391 4663/4380 5425/4378
f 5189/4392 5169/4393 5441/4391
f 5441/4391 5169/4393 5422/4394
f 4966/4390 4657/4395 4913/4026
f 4913/4026 4657/4395 3895/4396
f 5441/4391 5422/4394 4966/4390
f 4966/4390 5422/4394 4657/4395
f 4913/4026 4478/4025 4966/4390
f 4966/4390 4478/4025 4663/4380
f 5172/4387 5189/4392 5425/4378
f 5425/4378 5189/4392 5441/4391
f 4991/4397 4659/4398 5443/4399
f 5443/4399 4659/4398 5394/4356
f 5191/4400 5174/4381 5443/4399
f 5443/4399 5174/4381 5393/4383
f 4991/4397 4658/4386 4982/4401
f 4982/4401 4658/4386 3896/4385
f 5443/4399 5393/4383 4991/4397
f 4991/4397 5393/4383 4658/4386
f 4982/4401 3894/4402 4991/4397
f 4991/4397 3894/4402 4659/4398
f 5175/4354 5191/4400 5394/4356
f 5394/4356 5191/4400 5443/4399
f 5376/4403 5182/4353 5447/4404
f 5447/4404 5182/4353 5401/4355
f 5401/4355 5394/4356 4667/4405
f 4667/4405 5394/4356 4659/4398
f 5447/4404 5401/4355 5365/4406
f 5365/4406 5401/4355 4667/4405
f 4200/3996 3849/3995 5458/4407
f 5458/4407 3849/3995 5451/4408
f 3873/4235 4200/3996 5452/4409
f 5452/4409 4200/3996 5458/4407
f 3849/3995 4212/3997 5451/4408
f 5451/4408 4212/3997 5459/4410
f 4357/4411 3834/4412 4356/4344
f 4356/4344 3834/4412 3835/4351
f 4356/4344 3836/4343 4357/4411
f 4357/4411 3836/4343 3837/4413
f 4416/4414 3837/4413 4417/4352
f 4417/4352 3837/4413 3836/4343
f 4252/4415 4212/3997 4242/4000
f 4242/4000 4212/3997 4214/3998
f 4242/4000 3856/4003 4252/4415
f 4252/4415 3856/4003 3865/4416
f 4655/4417 5364/4418 4667/4405
f 4667/4405 5364/4418 5365/4406
f 4716/4419 4765/4420 3894/4402
f 3894/4402 4765/4420 4655/4417
f 4659/4398 3894/4402 4667/4405
f 4667/4405 3894/4402 4655/4417
f 4980/4421 3885/4422 5472/4423
f 5472/4423 3885/4422 5453/4424
f 5200/4225 4188/4226 5474/4425
f 5474/4425 4188/4226 5457/4426
f 3885/4422 5200/4225 5453/4424
f 5453/4424 5200/4225 5474/4425
f 5224/4233 3873/4235 5475/4427
f 5475/4427 3873/4235 5452/4409
f 4260/4230 5224/4233 5461/4428
f 5461/4428 5224/4233 5475/4427
f 5212/4227 4260/4230 5476/4429
f 5476/4429 4260/4230 5461/4428
f 4188/4226 5212/4227 5457/4426
f 5457/4426 5212/4227 5476/4429
f 5473/4430 5165/4346 5478/4431
f 5478/4431 5165/4346 5384/4345
f 5478/4431 5384/4345 5467/4432
f 5467/4432 5384/4345 3835/4351
f 5170/4339 5165/4346 5423/4362
f 5423/4362 5165/4346 5418/4433
f 3905/4222 3906/4434 4114/4221
f 4114/4221 3906/4434 4113/4435
f 4025/4436 4113/4435 5513/4437
f 5513/4437 4113/4435 5512/4438
f 5512/4438 4113/4435 3906/4434
f 3906/4434 5357/4439 5512/4438
f 92/846 5371/4338 74/731
f 74/731 5371/4338 4831/4334
f 4614/4440 5361/4441 4572/4442
f 4572/4442 5361/4441 5367/4443
f 5515/4444 5512/4438 5544/4445
f 5544/4445 5512/4438 5357/4439
f 5543/4446 4669/4447 5544/4445
f 5544/4445 4669/4447 4670/4448
f 5544/4445 5357/4439 5543/4446
f 5543/4446 5357/4439 5356/4449
f 4671/4450 5522/4451 4675/4452
f 4675/4452 5522/4451 5548/4453
f 5522/4451 5367/4443 5548/4453
f 5548/4453 5367/4443 5361/4441
f 5552/4454 5365/4406 5551/4455
f 5551/4455 5365/4406 5364/4418
f 4680/4456 5531/4457 4681/4458
f 4681/4458 5531/4457 5532/4459
f 5551/4455 4680/4456 5552/4454
f 5552/4454 4680/4456 4681/4458
f 5358/4337 5371/4338 5545/4460
f 5545/4460 5371/4338 5554/4461
f 5554/4461 98/870 4833/4462
f 4833/4462 98/870 76/871
f 5534/4463 5523/4464 4833/4462
f 4833/4462 5523/4464 4672/4465
f 4833/4462 4672/4465 5554/4461
f 5554/4461 4672/4465 5545/4460
f 5371/4338 92/846 5554/4461
f 5554/4461 92/846 98/870
f 5558/4466 5376/4403 5559/4467
f 5559/4467 5376/4403 5447/4404
f 5559/4467 5447/4404 5552/4454
f 5552/4454 5447/4404 5365/4406
f 5183/4468 5558/4466 5435/4469
f 5435/4469 5558/4466 5559/4467
f 5552/4454 4681/4458 5559/4467
f 5559/4467 4681/4458 5435/4469
f 4101/4470 5513/4437 5512/4438
f 4101/4470 5512/4438 5515/4444
f 4104/4471 4004/4472 4105/4473
f 4105/4473 4004/4472 4003/4474
f 4106/3719 4105/4473 4002/4475
f 4002/4475 4105/4473 4003/4474
f 3984/4476 4009/4477 3983/4478
f 3983/4478 4009/4477 4008/4479
f 4089/3699 3980/3741 4088/4480
f 4088/4480 3980/3741 3949/4481
f 4152/4482 4151/3763 4157/4483
f 4157/4483 4151/3763 4158/3768
f 4670/4448 4669/4447 5521/4484
f 5521/4484 4669/4447 5520/4485
f 5567/4486 4670/4448 5521/4484
f 97/896 5534/4463 76/871
f 76/871 5534/4463 4833/4462
f 5514/4487 5533/4488 4668/4489
f 4668/4489 5533/4488 4766/4490
f 4900/4491 4672/4465 5537/4492
f 5537/4492 4672/4465 5523/4464
f 5167/4348 5420/4363 5575/4493
f 5575/4493 5420/4363 5576/4494
f 5540/4495 5183/4468 5562/4496
f 5562/4496 5183/4468 5435/4469
f 4681/4458 5532/4459 5435/4469
f 5435/4469 5532/4459 5562/4496
f 5575/4493 5540/4495 5577/4497
f 5577/4497 5540/4495 5562/4496
f 5577/4497 5386/4350 5575/4493
f 5575/4493 5386/4350 5167/4348
f 3795/4498 5567/4486 5580/4499
f 5580/4499 5567/4486 5521/4484
f 4419/3875 4007/3876 3795/4498
f 3795/4498 4007/3876 4006/3877
f 3815/4500 4842/4501 5581/4502
f 5581/4502 4842/4501 5573/4503
f 5537/4492 5523/4464 5573/4503
f 5573/4503 5523/4464 5581/4502
f 5386/4350 5577/4497 3838/4504
f 3838/4504 5577/4497 5588/4505
f 5577/4497 5562/4496 5588/4505
f 5588/4505 5562/4496 5532/4459
f 4654/4506 4416/4414 3838/4504
f 3838/4504 4416/4414 4417/4352
f 5587/4507 4654/4506 5588/4505
f 5588/4505 4654/4506 3838/4504
f 5390/4349 5386/4350 4417/4352
f 4417/4352 5386/4350 3838/4504
f 5588/4505 5532/4459 5587/4507
f 5587/4507 5532/4459 5531/4457
f 5523/4464 5534/4463 5581/4502
f 5581/4502 5534/4463 5590/4508
f 5534/4463 97/896 5590/4508
f 5590/4508 97/896 99/919
f 4285/4509 5315/4510 3683/4511
f 3683/4511 5315/4510 5273/4512
f 5329/4513 4409/4514 5277/4515
f 5277/4515 4409/4514 4408/4332
f 3839/4516 4977/4322 5288/4517
f 5288/4517 4977/4322 5339/4324
f 3683/4511 5273/4512 4271/4518
f 4271/4518 5273/4512 5313/4519
f 5313/4519 5275/4520 4271/4518
f 4271/4518 5275/4520 3698/4521
f 4276/4522 4267/4523 5314/4524
f 5314/4524 4267/4523 5312/4525
f 5314/4524 5278/4317 4276/4522
f 4276/4522 5278/4317 3679/4316
f 5325/4526 5312/4525 4367/4527
f 4367/4527 5312/4525 4267/4523
f 4389/4528 3698/4521 5326/4529
f 5326/4529 3698/4521 5275/4520
f 5326/4529 5325/4526 4389/4528
f 4389/4528 5325/4526 4367/4527
f 5333/4530 5542/4531 4675/4452
f 4675/4452 5542/4531 5526/4532
f 5328/4533 4406/4534 5342/4535
f 5342/4535 4406/4534 5071/4536
f 4405/4537 5327/4538 5071/4536
f 5071/4536 5327/4538 5342/4535
f 5284/4539 4407/4326 5344/4540
f 5344/4540 4407/4326 5100/4328
f 4406/4534 5328/4533 5100/4328
f 5100/4328 5328/4533 5344/4540
f 5277/4515 4408/4332 5346/4541
f 5346/4541 4408/4332 5131/4331
f 4407/4326 5284/4539 5131/4331
f 5131/4331 5284/4539 5346/4541
f 5348/4542 5276/4543 5143/4544
f 5143/4544 5276/4543 3702/4545
f 5202/4546 4190/4547 5352/4548
f 5352/4548 4190/4547 5299/4549
f 5352/4548 5296/4325 5202/4546
f 5202/4546 5296/4325 3887/4323
f 5214/4550 4262/4551 5353/4552
f 5353/4552 4262/4551 5311/4553
f 5353/4552 5299/4549 5214/4550
f 5214/4550 5299/4549 4190/4547
f 5226/4554 3875/4304 5354/4555
f 5354/4555 3875/4304 5294/4305
f 5354/4555 5311/4553 5226/4554
f 5226/4554 5311/4553 4262/4551
f 5294/4305 5302/4302 5636/4556
f 5636/4556 5302/4302 5639/4557
f 5302/4302 5290/4303 5639/4557
f 5639/4557 5290/4303 5634/4558
f 5290/4303 5304/4307 5634/4558
f 5634/4558 5304/4307 5640/4559
f 5308/4310 5291/4311 5643/4560
f 5643/4560 5291/4311 5635/4561
f 5304/4307 5308/4310 5640/4559
f 5640/4559 5308/4310 5643/4560
f 5646/4562 5315/4510 5628/4563
f 5628/4563 5315/4510 5274/4564
f 5316/4315 5278/4317 5647/4565
f 5647/4565 5278/4317 5629/4566
f 5279/4314 5316/4315 5630/4567
f 5630/4567 5316/4315 5647/4565
f 5628/4563 5274/4564 5648/4568
f 5648/4568 5274/4564 5317/4569
f 5272/4570 5318/4571 5627/4572
f 5627/4572 5318/4571 5649/4573
f 5318/4571 5279/4314 5649/4573
f 5649/4573 5279/4314 5630/4567
f 5283/4321 5320/4574 5633/4575
f 5633/4575 5320/4574 5651/4576
f 5320/4574 5272/4570 5651/4576
f 5651/4576 5272/4570 5627/4572
f 5280/4577 5322/4320 5631/4578
f 5631/4578 5322/4320 5652/4579
f 5322/4320 5283/4321 5652/4579
f 5652/4579 5283/4321 5633/4575
f 5281/4580 5324/4581 5632/4582
f 5632/4582 5324/4581 5653/4583
f 5339/4324 5296/4325 5656/4584
f 5656/4584 5296/4325 5637/4585
f 5345/4586 5281/4580 5659/4587
f 5659/4587 5281/4580 5632/4582
f 5361/4441 4614/4440 5377/4588
f 5377/4588 4614/4440 5332/4589
f 5541/4590 5333/4530 5548/4453
f 5548/4453 5333/4530 4675/4452
f 5548/4453 5361/4441 5541/4590
f 5541/4590 5361/4441 5377/4588
f 5584/4591 5526/4532 5592/4592
f 5592/4592 5526/4532 5542/4531
f 5086/4111 5068/4103 4863/4593
f 4863/4593 5068/4103 3734/4594
f 3823/4595 4549/4083 4865/4596
f 4865/4596 4549/4083 4893/4085
f 4867/4597 5257/4598 3877/4237
f 3877/4237 5257/4598 5228/4286
f 3877/4237 4204/4056 4867/4597
f 4867/4597 4204/4056 4854/4059
f 4877/4599 4846/4058 4215/4062
f 4215/4062 4846/4058 3853/4057
f 4877/4599 4215/4062 4883/4600
f 4883/4600 4215/4062 4243/4069
f 3860/4073 4847/4601 4243/4069
f 4243/4069 4847/4601 4883/4600
f 5672/4602 4877/4599 5675/4603
f 5675/4603 4877/4599 4883/4600
f 4513/4604 4508/4605 5675/4603
f 5675/4603 4508/4605 5672/4602
f 4264/4283 5228/4286 4885/4606
f 4885/4606 5228/4286 5257/4598
f 4887/4607 4839/4608 4432/4133
f 4432/4133 4839/4608 3771/4134
f 4432/4133 4427/4135 4887/4607
f 4887/4607 4427/4135 4858/4609
f 4436/4004 4420/3954 4888/4610
f 4888/4610 4420/3954 4859/3986
f 4838/3983 3759/3945 4888/4610
f 4888/4610 3759/3945 4436/4004
f 4889/4611 4858/4609 4443/4137
f 4443/4137 4858/4609 4427/4135
f 3764/4118 4837/4117 4443/4137
f 4443/4137 4837/4117 4889/4611
f 5360/4612 4613/4613 5372/4614
f 5372/4614 4613/4613 4896/4615
f 5680/4616 4889/4611 5685/4617
f 5685/4617 4889/4611 4837/4117
f 4525/4618 5680/4616 4457/4619
f 4457/4619 5680/4616 5685/4617
f 5686/4620 4838/3983 5679/4621
f 5679/4621 4838/3983 4888/4610
f 5679/4621 4524/4622 5686/4620
f 5686/4620 4524/4622 4458/4623
f 5687/4624 5678/4625 4459/4626
f 4459/4626 5678/4625 4523/4627
f 4839/4608 4887/4607 5687/4624
f 5687/4624 4887/4607 5678/4625
f 5693/4628 5672/4602 4469/4629
f 4469/4629 5672/4602 4508/4605
f 4846/4058 4877/4599 5693/4628
f 5693/4628 4877/4599 5672/4602
f 5675/4603 4883/4600 5694/4630
f 5694/4630 4883/4600 4847/4601
f 4513/4604 5675/4603 4471/4631
f 4471/4631 5675/4603 5694/4630
f 4476/4632 4986/4633 4945/4634
f 4945/4634 4986/4633 4997/4635
f 4503/4636 5234/4637 4949/4638
f 4949/4638 5234/4637 5263/4639
f 4854/4059 4846/4058 5699/4640
f 5699/4640 4846/4058 5693/4628
f 4506/4641 4469/4629 4950/4642
f 4950/4642 4469/4629 4943/4643
f 5699/4640 5693/4628 4506/4641
f 4506/4641 5693/4628 4469/4629
f 4506/4641 4472/4644 5699/4640
f 5699/4640 4472/4644 5669/4645
f 4867/4597 4854/4059 5669/4645
f 5669/4645 4854/4059 5699/4640
f 4458/4623 4935/4646 4516/4647
f 4516/4647 4935/4646 4951/4648
f 5686/4620 4458/4623 5700/4649
f 5700/4649 4458/4623 4516/4647
f 5700/4649 4855/3982 5686/4620
f 5686/4620 4855/3982 4838/3983
f 4934/4650 4457/4619 4952/4651
f 4952/4651 4457/4619 4517/4652
f 4457/4619 5685/4617 4517/4652
f 4517/4652 5685/4617 5701/4653
f 5685/4617 4837/4117 5701/4653
f 5701/4653 4837/4117 4856/4119
f 5703/4654 4858/4609 5680/4616
f 5680/4616 4858/4609 4889/4611
f 4523/4627 5678/4625 4520/4655
f 4520/4655 5678/4625 5703/4654
f 5680/4616 4525/4618 5703/4654
f 5703/4654 4525/4618 4520/4655
f 4887/4607 4858/4609 5678/4625
f 5678/4625 4858/4609 5703/4654
f 4524/4622 5679/4621 4521/4656
f 4521/4656 5679/4621 5704/4657
f 5705/4658 5688/4659 4522/4660
f 4522/4660 5688/4659 4460/4661
f 4888/4610 4859/3986 5679/4621
f 5679/4621 4859/3986 5704/4657
f 4860/3984 4840/3985 5705/4658
f 5705/4658 4840/3985 5688/4659
f 4522/4660 4460/4661 4956/4662
f 4956/4662 4460/4661 4937/4663
f 4955/4664 4521/4656 4956/4662
f 4956/4662 4521/4656 4522/4660
f 4522/4660 4521/4656 5705/4658
f 5705/4658 4521/4656 5704/4657
f 4859/3986 4860/3984 5704/4657
f 5704/4657 4860/3984 5705/4658
f 5707/4665 5683/4666 4527/4667
f 4527/4667 5683/4666 4454/4668
f 4862/3987 4835/3988 5707/4665
f 5707/4665 4835/3988 5683/4666
f 4958/4669 4937/4663 4527/4667
f 4527/4667 4937/4663 4460/4661
f 4527/4667 4460/4661 5707/4665
f 5707/4665 4460/4661 5688/4659
f 4527/4667 4454/4668 4958/4669
f 4958/4669 4454/4668 4932/4670
f 4840/3985 4862/3987 5688/4659
f 5688/4659 4862/3987 5707/4665
f 4466/4671 4940/4672 4566/4673
f 4566/4673 4940/4672 4961/4674
f 4501/4675 5671/4676 4567/4677
f 4567/4677 5671/4676 5712/4678
f 5671/4676 4873/4679 5712/4678
f 5712/4678 4873/4679 4894/4680
f 5682/4681 4901/4682 5713/4683
f 5713/4683 4901/4682 4895/4684
f 4502/4685 4948/4686 4664/4687
f 4664/4687 4948/4686 4967/4688
f 5697/4689 4502/4685 5714/4690
f 5714/4690 4502/4685 4664/4687
f 5714/4690 4898/4388 5697/4689
f 5697/4689 4898/4388 4852/4389
f 4477/4691 5696/4692 4987/4693
f 4987/4693 5696/4692 5718/4694
f 5696/4692 4849/4053 5718/4694
f 5718/4694 4849/4053 4996/4036
f 4467/4695 4941/4696 4987/4693
f 4987/4693 4941/4696 4998/4697
f 5692/4698 4467/4695 5718/4694
f 5718/4694 4467/4695 4987/4693
f 4987/4693 4998/4697 4477/4691
f 4477/4691 4998/4697 4946/4699
f 4995/4700 4869/4701 5719/4702
f 5719/4702 4869/4701 5670/4703
f 5718/4694 4996/4036 5692/4698
f 5692/4698 4996/4036 4844/4035
f 4474/4704 4986/4633 5670/4703
f 5670/4703 4986/4633 5719/4702
f 4995/4700 4848/4088 4975/4089
f 4975/4089 4848/4088 3890/4087
f 5719/4702 5695/4705 4995/4700
f 4995/4700 5695/4705 4848/4088
f 4975/4089 3889/4295 4995/4700
f 4995/4700 3889/4295 4869/4701
f 4892/4706 5710/4707 5035/4708
f 5035/4708 5710/4707 5720/4709
f 4986/4633 4476/4632 5719/4702
f 5719/4702 4476/4632 5695/4705
f 5720/4709 5029/4710 5692/4698
f 5692/4698 5029/4710 4467/4695
f 4844/4035 3813/4032 5035/4708
f 5035/4708 3813/4032 4999/4078
f 5692/4698 4844/4035 5720/4709
f 5720/4709 4844/4035 5035/4708
f 5035/4708 4999/4078 4892/4706
f 4892/4706 4999/4078 4538/4076
f 5710/4707 4566/4673 5720/4709
f 5720/4709 4566/4673 5029/4710
f 5012/4711 4565/4712 5721/4713
f 5721/4713 4565/4712 5711/4714
f 4893/4085 5034/4086 5711/4714
f 5711/4714 5034/4086 5721/4713
f 5721/4713 5695/4705 5012/4711
f 5012/4711 5695/4705 4476/4632
f 5712/4678 4894/4680 5722/4715
f 5722/4715 4894/4680 5036/4716
f 5034/4086 4848/4088 5721/4713
f 5721/4713 4848/4088 5695/4705
f 5722/4715 5013/4717 5712/4678
f 5712/4678 5013/4717 4567/4677
f 3812/4052 4849/4053 5018/4081
f 5018/4081 4849/4053 5036/4716
f 4849/4053 5696/4692 5036/4716
f 5036/4716 5696/4692 5722/4715
f 4894/4680 4550/4080 5036/4716
f 5036/4716 4550/4080 5018/4081
f 5696/4692 4477/4691 5722/4715
f 5722/4715 4477/4691 5013/4717
f 5677/4718 4886/4719 5724/4720
f 5724/4720 4886/4719 5059/4721
f 4404/4722 4886/4719 5070/4723
f 5070/4723 4886/4719 5085/4724
f 4886/4719 5677/4718 5085/4724
f 5085/4724 5677/4718 5725/4725
f 5677/4718 4519/4726 5725/4725
f 5725/4725 4519/4726 5073/4727
f 5702/4728 4857/4110 5726/4729
f 5726/4729 4857/4110 5086/4111
f 5072/4730 5088/4731 4518/4732
f 4518/4732 5088/4731 4953/4733
f 4518/4732 5702/4728 5072/4730
f 5072/4730 5702/4728 5726/4729
f 5726/4729 5086/4111 5666/4734
f 5666/4734 5086/4111 4863/4593
f 5257/4598 4867/4597 5728/4735
f 5728/4735 4867/4597 5669/4645
f 5728/4735 5669/4645 5233/4736
f 5233/4736 5669/4645 4472/4644
f 5233/4736 4515/4737 5728/4735
f 5728/4735 4515/4737 5676/4738
f 5256/4739 4885/4606 5729/4740
f 5729/4740 4885/4606 5676/4738
f 4885/4606 5257/4598 5676/4738
f 5676/4738 5257/4598 5728/4735
f 4515/4737 5234/4637 5676/4738
f 5676/4738 5234/4637 5729/4740
f 5255/4741 4853/4742 5730/4743
f 5730/4743 4853/4742 5698/4744
f 5256/4739 4853/4742 5216/4276
f 5216/4276 4853/4742 4192/4277
f 5729/4740 5698/4744 5256/4739
f 5256/4739 5698/4744 4853/4742
f 5216/4276 4264/4283 5256/4739
f 5256/4739 4264/4283 4885/4606
f 5234/4637 4503/4636 5729/4740
f 5729/4740 4503/4636 5698/4744
f 4503/4636 5230/4745 5698/4744
f 5698/4744 5230/4745 5730/4743
f 5255/4741 4869/4701 5204/4294
f 5204/4294 4869/4701 3889/4295
f 5730/4743 5670/4703 5255/4741
f 5255/4741 5670/4703 4869/4701
f 5204/4294 4192/4277 5255/4741
f 5255/4741 4192/4277 4853/4742
f 5230/4745 4474/4704 5730/4743
f 5730/4743 4474/4704 5670/4703
f 4895/4684 4610/4336 5373/4746
f 5373/4746 4610/4336 5358/4337
f 5713/4683 4895/4684 5732/4747
f 5732/4747 4895/4684 5373/4746
f 5732/4747 5362/4748 5713/4683
f 5713/4683 5362/4748 4615/4749
f 5733/4750 5681/4751 5363/4752
f 5363/4752 5681/4751 4616/4753
f 5440/4754 4898/4388 5734/4755
f 5734/4755 4898/4388 5714/4690
f 5372/4614 4896/4615 5733/4750
f 5733/4750 4896/4615 5681/4751
f 5398/4756 5179/4757 5734/4755
f 5734/4755 5179/4757 5727/4758
f 5440/4754 5188/4759 5397/4370
f 5397/4370 5188/4759 5178/4373
f 5734/4755 5727/4758 5440/4754
f 5440/4754 5727/4758 5188/4759
f 5397/4370 4662/4369 5440/4754
f 5440/4754 4662/4369 4898/4388
f 5714/4690 4664/4687 5734/4755
f 5734/4755 4664/4687 5398/4756
f 5535/4760 4899/4761 5736/4762
f 5736/4762 4899/4761 5715/4763
f 5536/4764 5372/4614 5737/4765
f 5737/4765 5372/4614 5733/4750
f 4677/4766 5528/4767 5715/4763
f 5715/4763 5528/4767 5736/4762
f 5550/4768 4677/4766 5737/4765
f 5737/4765 4677/4766 5715/4763
f 5536/4764 4899/4761 5547/4769
f 5547/4769 4899/4761 4674/4770
f 5737/4765 5715/4763 5536/4764
f 5536/4764 5715/4763 4899/4761
f 5547/4769 5360/4612 5536/4764
f 5536/4764 5360/4612 5372/4614
f 4900/4491 5716/4771 5555/4772
f 5555/4772 5716/4771 5738/4773
f 5363/4752 5550/4768 5733/4750
f 5733/4750 5550/4768 5737/4765
f 5716/4771 4676/4774 5738/4773
f 5738/4773 4676/4774 5549/4775
f 5373/4746 5358/4337 5555/4772
f 5555/4772 5358/4337 5545/4460
f 5732/4747 5373/4746 5738/4773
f 5738/4773 5373/4746 5555/4772
f 5555/4772 5545/4460 4900/4491
f 4900/4491 5545/4460 4672/4465
f 5738/4773 5549/4775 5732/4747
f 5732/4747 5549/4775 5362/4748
f 4676/4774 5716/4771 5527/4776
f 5527/4776 5716/4771 5739/4777
f 5572/4778 5535/4760 5740/4779
f 5740/4779 5535/4760 5736/4762
f 5716/4771 4900/4491 5739/4777
f 5739/4777 4900/4491 5537/4492
f 5528/4767 5586/4780 5736/4762
f 5736/4762 5586/4780 5740/4779
f 5739/4777 5537/4492 5741/4781
f 5741/4781 5537/4492 5573/4503
f 5527/4776 5739/4777 5585/4782
f 5585/4782 5739/4777 5741/4781
f 4465/4783 4939/4784 5585/4782
f 5585/4782 4939/4784 5574/4785
f 4472/4644 4506/4641 4909/4786
f 4909/4786 4506/4641 4950/4642
f 4911/4787 4997/4635 4474/4704
f 4474/4704 4997/4635 4986/4633
f 4919/4788 4943/4643 4508/4605
f 4508/4605 4943/4643 4469/4629
f 4241/4067 4213/4068 5752/4789
f 5752/4789 4213/4068 5749/4790
f 4925/4791 4919/4788 4513/4604
f 4513/4604 4919/4788 4508/4605
f 5752/4789 5749/4790 4925/4791
f 4925/4791 5749/4790 4919/4788
f 4513/4604 4471/4631 4925/4791
f 4925/4791 4471/4631 4944/4792
f 4927/4793 5263/4639 4515/4737
f 4515/4737 5263/4639 5234/4637
f 4520/4655 4954/4794 4523/4627
f 4523/4627 4954/4794 4929/4795
f 4936/4796 4459/4626 4929/4795
f 4929/4795 4459/4626 4523/4627
f 4521/4656 4955/4664 4524/4622
f 4524/4622 4955/4664 4930/4797
f 4935/4646 4458/4623 4930/4797
f 4930/4797 4458/4623 4524/4622
f 4954/4794 4520/4655 4931/4798
f 4931/4798 4520/4655 4525/4618
f 4457/4619 4934/4650 4525/4618
f 4525/4618 4934/4650 4931/4798
f 4516/4647 4951/4648 4536/4799
f 4536/4799 4951/4648 4959/4800
f 4962/4801 4907/4802 4565/4712
f 4565/4712 4907/4802 4464/4803
f 5759/4804 5745/4805 4962/4801
f 4962/4801 5745/4805 4907/4802
f 4915/4806 4501/4675 4963/4807
f 4963/4807 4501/4675 4567/4677
f 5748/4808 4915/4806 5760/4809
f 5760/4809 4915/4806 4963/4807
f 4437/4810 5757/4811 3765/4812
f 3765/4812 5757/4811 5766/4813
f 5757/4811 4931/4798 5766/4813
f 5766/4813 4931/4798 4934/4650
f 5756/4814 4438/4815 5767/4816
f 5767/4816 4438/4815 3766/4817
f 5767/4816 4935/4646 5756/4814
f 5756/4814 4935/4646 4930/4797
f 5755/4818 4434/4819 5768/4820
f 5768/4820 4434/4819 3773/4821
f 5768/4820 4936/4796 5755/4818
f 5755/4818 4936/4796 4929/4795
f 5014/4822 5030/4823 3818/4824
f 3818/4824 5030/4823 4709/4825
f 5010/4051 5001/4044 4213/4068
f 4213/4068 5001/4044 3842/4826
f 5774/4827 5749/4790 3842/4826
f 3842/4826 5749/4790 4213/4068
f 5003/4065 5026/4066 3854/4828
f 3854/4828 5026/4066 4241/4067
f 4943/4643 4919/4788 5774/4827
f 5774/4827 4919/4788 5749/4790
f 3854/4828 4241/4067 5775/4829
f 5775/4829 4241/4067 5752/4789
f 4925/4791 4944/4792 5752/4789
f 5752/4789 4944/4792 5775/4829
f 5008/4293 5268/4289 4181/4830
f 4181/4830 5268/4289 5193/4831
f 5780/4832 5774/4827 4193/4833
f 4193/4833 5774/4827 3842/4826
f 4909/4786 4950/4642 5746/4834
f 5746/4834 4950/4642 5780/4832
f 5009/4043 5004/4269 4193/4833
f 4193/4833 5004/4269 3866/4274
f 4193/4833 3866/4274 5780/4832
f 5780/4832 3866/4274 5746/4834
f 5001/4044 5009/4043 3842/4826
f 3842/4826 5009/4043 4193/4833
f 4950/4642 4943/4643 5780/4832
f 5780/4832 4943/4643 5774/4827
f 5758/4835 4959/4800 5781/4836
f 5781/4836 4959/4800 4951/4648
f 5767/4816 3766/4817 5781/4836
f 5781/4836 3766/4817 4395/4837
f 5781/4836 4951/4648 5767/4816
f 5767/4816 4951/4648 4935/4646
f 5766/4813 4934/4650 5782/4838
f 5782/4838 4934/4650 4952/4651
f 5784/4839 4954/4794 5757/4811
f 5757/4811 4954/4794 4931/4798
f 4434/4819 5755/4818 4421/4840
f 4421/4840 5755/4818 5784/4839
f 5757/4811 4437/4810 5784/4839
f 5784/4839 4437/4810 4421/4840
f 5755/4818 4929/4795 5784/4839
f 5784/4839 4929/4795 4954/4794
f 4438/4815 5756/4814 4422/4841
f 4422/4841 5756/4814 5785/4842
f 5756/4814 4930/4797 5785/4842
f 5785/4842 4930/4797 4955/4664
f 5786/4843 4956/4662 5769/4844
f 5769/4844 4956/4662 4937/4663
f 4422/4841 5785/4842 4435/4845
f 4435/4845 5785/4842 5786/4843
f 5769/4844 3774/4846 5786/4843
f 5786/4843 3774/4846 4435/4845
f 5785/4842 4955/4664 5786/4843
f 5786/4843 4955/4664 4956/4662
f 5768/4820 3773/4821 5787/4847
f 5787/4847 3773/4821 4450/4848
f 5788/4849 5764/4850 4451/4851
f 4451/4851 5764/4850 3737/4852
f 4958/4669 4932/4670 5788/4849
f 5788/4849 4932/4670 5764/4850
f 3774/4846 5769/4844 4451/4851
f 4451/4851 5769/4844 5788/4849
f 4937/4663 4958/4669 5769/4844
f 5769/4844 4958/4669 5788/4849
f 4539/4853 4755/4854 5014/4822
f 5014/4822 4755/4854 5030/4823
f 5790/4855 4961/4674 5772/4856
f 5772/4856 4961/4674 4940/4672
f 5366/4857 5370/4858 4611/4859
f 4611/4859 5370/4858 4761/4860
f 5792/4861 4967/4688 5778/4862
f 5778/4862 4967/4688 4948/4686
f 5778/4862 3921/4863 5792/4861
f 5792/4861 3921/4863 4661/4864
f 4945/4634 4997/4635 5776/4865
f 5776/4865 4997/4635 5795/4866
f 3891/4867 5777/4868 4979/4869
f 4979/4869 5777/4868 5796/4870
f 4997/4635 4911/4787 5795/4866
f 5795/4866 4911/4787 5747/4871
f 5777/4868 4946/4699 5796/4870
f 5796/4870 4946/4699 4998/4697
f 5773/4872 3818/4824 5796/4870
f 5796/4870 3818/4824 4979/4869
f 5773/4872 4941/4696 5797/4873
f 5797/4873 4941/4696 5037/4874
f 5796/4870 4998/4697 5773/4872
f 5773/4872 4998/4697 4941/4696
f 5797/4873 5014/4822 5773/4872
f 5773/4872 5014/4822 3818/4824
f 4566/4673 4961/4674 5029/4710
f 5029/4710 4961/4674 5037/4874
f 4961/4674 5790/4855 5037/4874
f 5037/4874 5790/4855 5797/4873
f 4941/4696 4467/4695 5037/4874
f 5037/4874 4467/4695 5029/4710
f 5790/4855 4539/4853 5797/4873
f 5797/4873 4539/4853 5014/4822
f 5798/4875 5759/4804 5038/4876
f 5038/4876 5759/4804 4962/4801
f 5012/4711 4476/4632 5038/4876
f 5038/4876 4476/4632 4945/4634
f 5038/4876 4945/4634 5798/4875
f 5798/4875 4945/4634 5776/4865
f 4565/4712 5012/4711 4962/4801
f 4962/4801 5012/4711 5038/4876
f 5760/4809 4963/4807 5799/4877
f 5799/4877 4963/4807 5039/4878
f 5799/4877 5007/4879 5760/4809
f 5760/4809 5007/4879 4551/4880
f 4477/4691 4946/4699 5013/4717
f 5013/4717 4946/4699 5039/4878
f 4946/4699 5777/4868 5039/4878
f 5039/4878 5777/4868 5799/4877
f 4963/4807 4567/4677 5039/4878
f 5039/4878 4567/4677 5013/4717
f 5777/4868 3891/4867 5799/4877
f 5799/4877 3891/4867 5007/4879
f 4519/4726 4928/4881 5073/4727
f 5073/4727 4928/4881 5087/4882
f 4928/4881 5754/4883 5087/4882
f 5087/4882 5754/4883 5802/4884
f 4933/4885 4455/4886 5087/4882
f 5087/4882 4455/4886 5073/4727
f 5783/4887 4953/4733 5803/4888
f 5803/4888 4953/4733 5088/4731
f 5063/4889 5081/4890 4402/4891
f 4402/4891 5081/4890 4740/4892
f 4402/4891 5783/4887 5063/4889
f 5063/4889 5783/4887 5803/4888
f 5805/4893 5753/4894 5261/4895
f 5261/4895 5753/4894 4927/4793
f 3866/4274 5217/4273 5746/4834
f 5746/4834 5217/4273 5805/4893
f 5806/4896 5753/4894 5205/4897
f 5205/4897 5753/4894 4253/4275
f 5233/4736 4472/4644 5261/4895
f 5261/4895 4472/4644 4909/4786
f 5261/4895 4909/4786 5805/4893
f 5805/4893 4909/4786 5746/4834
f 4515/4737 5233/4736 4927/4793
f 4927/4793 5233/4736 5261/4895
f 5217/4273 4253/4275 5805/4893
f 5805/4893 4253/4275 5753/4894
f 4949/4638 5263/4639 5779/4898
f 5779/4898 5263/4639 5806/4896
f 5269/4291 5008/4293 5205/4897
f 5205/4897 5008/4293 4181/4830
f 5205/4897 4181/4830 5806/4896
f 5806/4896 4181/4830 5779/4898
f 5011/4272 5269/4291 4253/4275
f 4253/4275 5269/4291 5205/4897
f 5264/4899 4949/4638 5807/4900
f 5807/4900 4949/4638 5779/4898
f 5263/4639 4927/4793 5806/4896
f 5806/4896 4927/4793 5753/4894
f 4181/4830 5193/4831 5779/4898
f 5779/4898 5193/4831 5807/4900
f 5264/4899 4911/4787 5230/4745
f 5230/4745 4911/4787 4474/4704
f 5807/4900 5747/4871 5264/4899
f 5264/4899 5747/4871 4911/4787
f 5230/4745 4503/4636 5264/4899
f 5264/4899 4503/4636 4949/4638
f 4964/4901 4615/4749 5375/4902
f 5375/4902 4615/4749 5362/4748
f 5791/4903 4964/4901 5809/4904
f 5809/4904 4964/4901 5375/4902
f 5809/4904 5366/4857 5791/4903
f 5791/4903 5366/4857 4611/4859
f 5363/4752 4616/4753 5374/4905
f 5374/4905 4616/4753 4965/4906
f 5374/4905 4965/4906 5810/4907
f 5810/4907 4965/4906 5761/4908
f 4967/4688 5792/4861 5442/4909
f 5442/4909 5792/4861 5811/4910
f 5442/4909 5190/4911 5398/4756
f 5398/4756 5190/4911 5179/4757
f 5804/4912 5190/4911 5811/4910
f 5811/4910 5190/4911 5442/4909
f 5442/4909 5398/4756 4967/4688
f 4967/4688 5398/4756 4664/4687
f 5792/4861 4661/4864 5811/4910
f 5811/4910 4661/4864 5396/4913
f 5528/4767 4677/4766 5538/4914
f 5538/4914 4677/4766 4969/4915
f 5538/4914 4969/4915 5813/4916
f 5813/4916 4969/4915 5763/4917
f 5814/4918 5763/4917 5556/4919
f 5556/4919 5763/4917 4969/4915
f 5539/4920 5527/4776 5574/4785
f 5574/4785 5527/4776 5585/4782
f 5550/4768 5363/4752 5556/4919
f 5556/4919 5363/4752 5374/4905
f 5556/4919 5374/4905 5814/4918
f 5814/4918 5374/4905 5810/4907
f 4677/4766 5550/4768 4969/4915
f 4969/4915 5550/4768 5556/4919
f 4968/4921 4676/4774 5539/4920
f 5539/4920 4676/4774 5527/4776
f 5762/4922 4968/4921 5815/4923
f 5815/4923 4968/4921 5539/4920
f 4968/4921 5762/4922 5557/4924
f 5557/4924 5762/4922 5816/4925
f 5815/4923 5514/4487 5762/4922
f 5762/4922 5514/4487 4668/4489
f 5816/4925 5519/4926 5809/4904
f 5809/4904 5519/4926 5366/4857
f 5375/4902 5362/4748 5557/4924
f 5557/4924 5362/4748 5549/4775
f 5809/4904 5375/4902 5816/4925
f 5816/4925 5375/4902 5557/4924
f 5557/4924 5549/4775 4968/4921
f 4968/4921 5549/4775 4676/4774
f 5744/4927 4906/4928 5817/4929
f 5817/4929 4906/4928 5591/4930
f 5762/4922 4668/4489 5816/4925
f 5816/4925 4668/4489 5519/4926
f 5514/4487 5815/4923 5568/4931
f 5568/4931 5815/4923 5818/4932
f 5528/4767 5538/4914 5586/4780
f 5586/4780 5538/4914 5591/4930
f 5538/4914 5813/4916 5591/4930
f 5591/4930 5813/4916 5817/4929
f 5815/4923 5539/4920 5818/4932
f 5818/4932 5539/4920 5574/4785
f 5771/4933 3816/4934 5818/4932
f 5818/4932 3816/4934 5568/4931
f 5818/4932 5574/4785 5771/4933
f 5771/4933 5574/4785 4939/4784
f 3736/3974 4444/3967 4693/4935
f 4693/4935 4444/3967 4748/4936
f 4695/4937 4733/3937 3718/4199
f 3718/4199 4733/3937 4322/3938
f 4696/4938 4735/4939 3723/4193
f 3723/4193 4735/4939 4337/4214
f 5081/4890 5063/4889 4697/4940
f 4697/4940 5063/4889 3758/4941
f 4738/4942 4395/4837 4699/4943
f 4699/4943 4395/4837 3766/4817
f 4700/4944 4748/4936 3767/3961
f 3767/3961 4748/4936 4444/3967
f 4610/4336 4895/4684 4708/4945
f 4708/4945 4895/4684 4901/4682
f 4708/4945 4834/4335 4610/4336
f 4610/4336 4834/4335 4831/4334
f 4717/4946 4971/4028 3895/4396
f 3895/4396 4971/4028 4913/4026
f 3696/3899 4686/4947 4273/3894
f 4273/3894 4686/4947 4724/4948
f 4724/4948 4684/4949 4273/3894
f 4273/3894 4684/4949 3681/3895
f 4293/4950 3745/4951 5835/4952
f 5835/4952 3745/4951 5820/4953
f 4726/4954 4694/4955 4287/3908
f 4287/3908 4694/4955 3691/3909
f 5835/4952 5820/4953 4726/4954
f 4726/4954 5820/4953 4694/4955
f 4287/3908 3681/3895 4726/4954
f 4726/4954 3681/3895 4684/4949
f 3745/4951 4305/4956 5820/4953
f 5820/4953 4305/4956 5836/4957
f 4302/3920 3691/3909 4728/4958
f 4728/4958 3691/3909 4694/4955
f 4728/4958 4694/4955 5836/4957
f 5836/4957 4694/4955 5820/4953
f 4728/4958 4682/3933 4302/3920
f 4302/3920 4682/3933 3669/3921
f 4686/4947 3696/3899 4737/4959
f 4737/4959 3696/3899 4388/3942
f 4388/3942 4366/3939 4737/4959
f 4737/4959 4366/3939 4736/3940
f 4412/4213 4332/4206 4741/4960
f 4741/4960 4332/4206 4734/4208
f 4701/4961 5826/4962 4744/4963
f 4744/4963 5826/4962 5840/4964
f 5826/4962 3773/4821 5840/4964
f 5840/4964 3773/4821 4434/4819
f 4743/4965 4422/4841 4744/4963
f 4744/4963 4422/4841 4435/4845
f 5839/4966 4743/4965 5840/4964
f 5840/4964 4743/4965 4744/4963
f 3774/4846 4701/4961 4435/4845
f 4435/4845 4701/4961 4744/4963
f 4745/4967 4700/4944 4428/3957
f 4428/3957 4700/4944 3767/3961
f 5840/4964 4434/4819 5839/4966
f 5839/4966 4434/4819 4421/4840
f 4428/3957 4423/3956 4745/4967
f 4745/4967 4423/3956 4742/3966
f 5841/4968 5825/4969 4745/4967
f 4745/4967 5825/4969 4700/4944
f 4743/4965 5839/4966 4746/4970
f 4746/4970 5839/4966 5842/4971
f 4429/4171 3768/4172 5841/4968
f 5841/4968 3768/4172 5825/4969
f 5839/4966 4421/4840 5842/4971
f 5842/4971 4421/4840 4437/4810
f 4699/4943 3766/4817 4746/4970
f 4746/4970 3766/4817 4438/4815
f 5824/4972 4699/4943 5842/4971
f 5842/4971 4699/4943 4746/4970
f 4422/4841 4743/4965 4438/4815
f 4438/4815 4743/4965 4746/4970
f 5842/4971 4437/4810 5824/4972
f 5824/4972 4437/4810 3765/4812
f 4701/4961 3774/4846 4749/4973
f 4749/4973 3774/4846 4451/4851
f 5826/4962 4701/4961 5843/4974
f 5843/4974 4701/4961 4749/4973
f 3737/4852 4692/4975 4451/4851
f 4451/4851 4692/4975 4749/4973
f 5843/4974 4450/4848 5826/4962
f 5826/4962 4450/4848 3773/4821
f 4751/4976 5682/4681 4615/4749
f 4615/4749 5682/4681 5713/4683
f 4752/4977 4616/4753 5717/4978
f 5717/4978 4616/4753 5681/4751
f 4753/4979 4739/3890 4531/3975
f 4531/3975 4739/3890 4396/3892
f 4712/4980 4614/4440 4757/4981
f 4757/4981 4614/4440 4572/4442
f 5830/4982 4712/4980 5849/4983
f 5849/4983 4712/4980 4757/4981
f 5855/4984 5836/4957 3742/4985
f 3742/4985 5836/4957 4305/4956
f 4682/3933 4728/4958 5855/4984
f 5855/4984 4728/4958 5836/4957
f 3744/4986 4293/4950 5857/4987
f 5857/4987 4293/4950 5835/4952
f 4726/4954 4684/4949 5835/4952
f 5835/4952 4684/4949 5857/4987
f 3744/4986 4279/4988 3682/4989
f 3682/4989 4279/4988 4274/4990
f 5857/4987 5834/4991 3744/4986
f 3744/4986 5834/4991 4279/4988
f 4684/4949 4724/4948 5857/4987
f 5857/4987 4724/4948 5834/4991
f 3747/4992 4279/4988 5859/4993
f 5859/4993 4279/4988 5834/4991
f 5859/4993 4686/4947 5837/4994
f 5837/4994 4686/4947 4737/4959
f 3747/4992 4382/4995 3697/4996
f 3697/4996 4382/4995 4377/4997
f 5859/4993 5837/4994 3747/4992
f 3747/4992 5837/4994 4382/4995
f 3697/4996 4274/4990 3747/4992
f 3747/4992 4274/4990 4279/4988
f 5834/4991 4724/4948 5859/4993
f 5859/4993 4724/4948 4686/4947
f 3738/4998 4450/4848 5865/4999
f 5865/4999 4450/4848 5843/4974
f 5843/4974 4749/4973 5865/4999
f 5865/4999 4749/4973 4692/4975
f 5413/5000 3802/5001 5381/5002
f 5381/5002 3802/5001 3805/5003
f 3802/5001 5074/4112 3805/5003
f 3805/5003 5074/4112 5077/4114
f 5776/4865 5795/4866 3819/5004
f 3819/5004 5795/4866 4974/5005
f 3821/5006 5744/4927 5582/5007
f 5582/5007 5744/4927 5817/4929
f 3878/5008 5193/4831 5005/4290
f 5005/4290 5193/4831 5268/4289
f 5747/4871 5807/4900 3878/5008
f 3878/5008 5807/4900 5193/4831
f 5795/4866 5747/4871 4974/5005
f 4974/5005 5747/4871 3878/5008
f 3884/5009 5199/4223 3885/4422
f 3885/4422 5199/4223 5200/4225
f 5258/4254 5199/4223 4870/5010
f 4870/5010 5199/4223 3884/5009
f 3884/5009 3885/4422 4981/5011
f 4981/5011 3885/4422 4980/4421
f 4547/4288 5237/4244 3879/5012
f 3879/5012 5237/4244 5194/4242
f 5848/5013 4547/4288 5879/5014
f 5879/5014 4547/4288 3879/5012
f 5879/5014 4721/5015 5848/5013
f 5848/5013 4721/5015 4756/5016
f 5881/5017 5856/5018 4282/5019
f 4282/5019 5856/5018 3743/5020
f 4725/3905 4683/3881 5881/5017
f 5881/5017 4683/3881 5856/5018
f 4282/5019 4270/5021 5881/5017
f 5881/5017 4270/5021 5880/5022
f 5882/5023 5858/5024 4294/5025
f 4294/5025 5858/5024 3746/5026
f 4723/3906 4725/3905 5880/5022
f 5880/5022 4725/3905 5881/5017
f 4727/3879 4685/3882 5882/5023
f 5882/5023 4685/3882 5858/5024
f 4294/5025 3743/5020 5882/5023
f 5882/5023 3743/5020 5856/5018
f 5883/5027 5862/5028 4306/5029
f 4306/5029 5862/5028 3750/5030
f 4683/3881 4727/3879 5856/5018
f 5856/5018 4727/3879 5882/5023
f 4729/3915 4689/3916 5883/5027
f 5883/5027 4689/3916 5862/5028
f 4306/5029 3746/5026 5883/5027
f 5883/5027 3746/5026 5858/5024
f 4317/5031 3753/5032 5884/5033
f 5884/5033 3753/5032 5863/5034
f 4685/3882 4729/3915 5858/5024
f 5858/5024 4729/3915 5883/5027
f 4690/3888 4730/3931 5863/5034
f 5863/5034 4730/3931 5884/5033
f 5884/5033 5855/4984 4317/5031
f 4317/5031 5855/4984 3742/4985
f 5885/5035 5864/5036 4318/5037
f 4318/5037 5864/5036 3754/5038
f 4730/3931 4682/3933 5884/5033
f 5884/5033 4682/3933 5855/4984
f 4731/3928 4691/3929 5885/5035
f 5885/5035 4691/3929 5864/5036
f 4318/5037 3750/5030 5885/5035
f 5885/5035 3750/5030 5862/5028
f 5886/5039 5863/5034 4329/5040
f 4329/5040 5863/5034 3753/5032
f 4689/3916 4731/3928 5862/5028
f 5862/5028 4731/3928 5885/5035
f 4687/3885 4732/3884 5860/5041
f 5860/5041 4732/3884 5886/5039
f 4324/5042 3701/5043 4329/5040
f 4329/5040 3701/5043 3748/5044
f 4329/5040 3748/5044 5886/5039
f 5886/5039 3748/5044 5860/5041
f 3726/5045 4324/5042 3753/5032
f 3753/5032 4324/5042 4329/5040
f 5887/5046 5821/5047 4330/5048
f 4330/5048 5821/5047 3751/5049
f 4732/3884 4690/3888 5886/5039
f 5886/5039 4690/3888 5863/5034
f 4733/3937 4695/4937 5887/5046
f 5887/5046 4695/4937 5821/5047
f 4330/5048 3754/5038 5887/5046
f 5887/5046 3754/5038 5864/5036
f 4691/3929 4733/3937 5864/5036
f 5864/5036 4733/3937 5887/5046
f 4411/5050 5838/5051 4342/5052
f 4342/5052 5838/5051 5888/5053
f 4741/4960 4734/4208 5838/5051
f 5838/5051 4734/4208 5888/5053
f 5889/5054 5822/5055 4341/5056
f 4341/5056 5822/5055 3752/5057
f 4346/5058 4377/4997 4351/5059
f 4351/5059 4377/4997 4382/4995
f 4735/4939 4696/4938 5889/5054
f 5889/5054 4696/4938 5822/5055
f 4737/4959 4736/3940 5837/4994
f 5837/4994 4736/3940 5890/5060
f 5890/5060 5880/5022 4351/5059
f 4351/5059 5880/5022 4270/5021
f 4351/5059 4382/4995 5890/5060
f 5890/5060 4382/4995 5837/4994
f 3765/4812 5766/4813 4394/5061
f 4394/5061 5766/4813 5782/4838
f 4736/3940 4723/3906 5890/5060
f 5890/5060 4723/3906 5880/5022
f 5824/4972 3765/4812 5891/5062
f 5891/5062 3765/4812 4394/5061
f 5891/5062 4738/4942 5824/4972
f 5824/4972 4738/4942 4699/4943
f 4398/4162 3762/4163 4397/5063
f 4397/5063 3762/4163 3761/5064
f 4397/5063 3761/5064 5892/5065
f 5892/5065 3761/5064 5866/5066
f 4533/4183 4398/4162 4532/5067
f 4532/5067 4398/4162 4397/5063
f 4698/3891 4739/3890 5866/5066
f 5866/5066 4739/3890 5892/5065
f 4425/4173 4430/4169 4424/5068
f 4424/5068 4430/4169 4429/4171
f 4424/5068 4429/4171 5894/5069
f 5894/5069 4429/4171 5841/4968
f 4745/4967 4742/3966 5841/4968
f 5841/4968 4742/3966 5894/5069
f 4747/3965 4698/3891 5895/5070
f 5895/5070 4698/3891 5866/5066
f 4441/4177 4425/4173 4440/5071
f 4440/5071 4425/4173 4424/5068
f 4440/5071 4424/5068 5895/5070
f 5895/5070 4424/5068 5894/5069
f 3762/4163 4441/4177 3761/5064
f 3761/5064 4441/4177 4440/5071
f 5895/5070 5866/5066 4440/5071
f 4440/5071 5866/5066 3761/5064
f 5896/5072 5825/4969 4445/5073
f 4445/5073 5825/4969 3768/4172
f 4742/3966 4747/3965 5894/5069
f 5894/5069 4747/3965 5895/5070
f 5819/5074 4693/4935 5896/5072
f 5896/5072 4693/4935 4748/4936
f 4446/4178 3740/4181 4445/5073
f 4445/5073 3740/4181 3741/5075
f 3741/5075 5819/5074 4445/5073
f 4445/5073 5819/5074 5896/5072
f 3769/4170 4446/4178 3768/4172
f 3768/4172 4446/4178 4445/5073
f 4748/4936 4700/4944 5896/5072
f 5896/5072 4700/4944 5825/4969
f 5229/4257 5258/4254 4475/5076
f 4475/5076 5258/4254 4870/5010
f 5745/4805 5759/4804 3820/5077
f 3820/5077 5759/4804 4540/5078
f 4539/4853 5790/4855 3817/5079
f 3817/5079 5790/4855 5772/4856
f 4713/5080 4755/4854 3817/5079
f 3817/5079 4755/4854 4539/4853
f 3892/5081 3893/5082 4980/4421
f 4980/4421 3893/5082 4981/5011
f 5876/5083 3893/5082 5901/5084
f 5901/5084 3893/5082 3892/5081
f 5763/4917 5814/4918 4673/5085
f 4673/5085 5814/4918 5546/5086
f 5901/5084 4765/4420 5876/5083
f 5876/5083 4765/4420 4716/4419
f 5903/5087 5827/5088 4794/5089
f 4794/5089 5827/5088 3814/5090
f 77/732 4834/4335 100/1502
f 100/1502 4834/4335 5903/5087
f 4828/4075 71/456 4794/5089
f 4794/5089 71/456 29/1503
f 4794/5089 29/1503 5903/5087
f 5903/5087 29/1503 100/1502
f 4538/4076 4828/4075 3814/5090
f 3814/5090 4828/4075 4794/5089
f 4834/4335 4708/4945 5903/5087
f 5903/5087 4708/4945 5827/5088
f 5904/5091 5877/5092 4903/5093
f 4903/5093 5877/5092 4718/5094
f 4870/5010 3884/5009 5904/5091
f 5904/5091 3884/5009 5877/5092
f 4871/4384 4478/4025 4903/5093
f 4903/5093 4478/4025 4750/4027
f 4903/5093 4750/4027 5904/5091
f 5904/5091 4750/4027 5897/5095
f 3896/4385 4871/4384 4718/5094
f 4718/5094 4871/4384 4903/5093
f 4475/5076 4870/5010 5897/5095
f 5897/5095 4870/5010 5904/5091
f 4892/4706 4538/4076 4843/5096
f 4843/5096 4538/4076 3814/5090
f 5717/4978 5681/4751 4902/5097
f 4902/5097 5681/4751 4896/4615
f 4843/5096 3814/5090 5906/5098
f 5906/5098 3814/5090 5827/5088
f 4708/4945 4901/4682 5827/5088
f 5827/5088 4901/4682 5906/5098
f 4904/5099 4762/5100 4761/4860
f 4761/4860 4762/5100 4611/4859
f 4912/5101 4475/5076 5909/5102
f 5909/5102 4475/5076 5897/5095
f 4750/4027 4971/4028 5897/5095
f 5897/5095 4971/4028 5909/5102
f 4912/5101 3883/5103 5262/4265
f 5262/4265 3883/5103 5198/4267
f 5909/5102 5831/5104 4912/5101
f 4912/5101 5831/5104 3883/5103
f 5262/4265 5229/4257 4912/5101
f 4912/5101 5229/4257 4475/5076
f 4971/4028 4717/4946 5909/5102
f 5909/5102 4717/4946 5831/5104
f 4972/5105 4751/4976 4964/4901
f 4964/4901 4751/4976 4615/4749
f 5910/5106 5844/5107 4972/5105
f 4972/5105 5844/5107 4751/4976
f 4940/4672 4466/4671 5910/5106
f 5910/5106 4466/4671 5844/5107
f 4616/4753 4752/4977 4965/4906
f 4965/4906 4752/4977 4970/5108
f 4752/4977 5845/5109 4970/5108
f 4970/5108 5845/5109 5911/5110
f 5912/5111 5876/5083 4993/5112
f 4993/5112 5876/5083 4716/4419
f 5845/5109 4464/4803 5911/5110
f 5911/5110 4464/4803 4907/4802
f 3884/5009 4981/5011 5877/5092
f 5877/5092 4981/5011 5912/5111
f 5913/5113 5875/5114 4992/5115
f 4992/5115 5875/5114 4715/5116
f 4982/4401 3896/4385 4993/5112
f 4993/5112 3896/4385 4718/5094
f 4993/5112 4718/5094 5912/5111
f 5912/5111 4718/5094 5877/5092
f 3894/4402 4982/4401 4716/4419
f 4716/4419 4982/4401 4993/5112
f 4981/5011 3893/5082 5912/5111
f 5912/5111 3893/5082 5876/5083
f 3819/5004 4974/5005 5872/5117
f 5872/5117 4974/5005 5913/5113
f 3818/4824 4709/4825 4979/4869
f 4979/4869 4709/4825 4992/5115
f 4992/5115 4709/4825 5913/5113
f 5913/5113 4709/4825 5872/5117
f 4715/5116 3891/4867 4992/5115
f 4992/5115 3891/4867 4979/4869
f 5914/5118 5898/5119 5000/5120
f 5000/5120 5898/5119 4540/5078
f 4974/5005 3878/5008 5913/5113
f 5913/5113 3878/5008 5875/5114
f 5030/4823 4755/4854 5914/5118
f 5914/5118 4755/4854 5898/5119
f 5798/4875 5776/4865 5000/5120
f 5000/5120 5776/4865 3819/5004
f 5000/5120 3819/5004 5914/5118
f 5914/5118 3819/5004 5872/5117
f 5759/4804 5798/4875 4540/5078
f 4540/5078 5798/4875 5000/5120
f 5848/5013 4756/5016 5915/5121
f 5915/5121 4756/5016 5031/5122
f 4709/4825 5030/4823 5872/5117
f 5872/5117 5030/4823 5914/5118
f 5915/5121 5005/4290 5848/5013
f 5848/5013 5005/4290 4547/4288
f 3891/4867 4715/5116 5007/4879
f 5007/4879 4715/5116 5031/5122
f 5031/5122 4715/5116 5915/5121
f 5915/5121 4715/5116 5875/5114
f 4756/5016 4551/4880 5031/5122
f 5031/5122 4551/4880 5007/4879
f 3878/5008 5005/4290 5875/5114
f 5875/5114 5005/4290 5915/5121
f 4740/4892 5893/5123 5057/5124
f 5057/5124 5893/5123 5916/5125
f 5082/5126 4707/5127 5917/5128
f 5917/5128 4707/5127 5871/5129
f 3805/5003 5077/4114 5871/5129
f 5871/5129 5077/4114 5917/5128
f 5082/5126 4760/5130 5076/4107
f 5076/4107 4760/5130 4601/4145
f 5917/5128 5852/5131 5082/5126
f 5082/5126 5852/5131 4760/5130
f 5076/4107 3804/4106 5082/5126
f 5082/5126 3804/4106 4707/5127
f 5077/4114 4602/4115 5917/5128
f 5917/5128 4602/4115 5852/5131
f 5893/5123 4740/4892 5918/5132
f 5918/5132 4740/4892 5081/4890
f 5823/5133 3757/5134 5918/5132
f 5918/5132 3757/5134 5069/5135
f 5069/5135 5802/4884 4403/5136
f 4403/5136 5802/4884 5754/4883
f 4403/5136 5893/5123 5069/5135
f 5069/5135 5893/5123 5918/5132
f 5111/5137 4760/5130 5919/5138
f 5919/5138 4760/5130 5852/5131
f 5918/5132 5081/4890 5823/5133
f 5823/5133 5081/4890 4697/4940
f 4602/4115 5096/5139 5852/5131
f 5852/5131 5096/5139 5919/5138
f 5111/5137 4704/5140 5095/4146
f 5095/4146 4704/5140 3788/4188
f 5919/5138 5869/5141 5111/5137
f 5111/5137 5869/5141 4704/5140
f 5095/4146 4601/4145 5111/5137
f 5111/5137 4601/4145 4760/5130
f 5138/5142 4704/5140 5920/5143
f 5920/5143 4704/5140 5869/5141
f 5096/5139 3789/5144 5919/5138
f 5919/5138 3789/5144 5869/5141
f 3789/5144 5126/5145 5869/5141
f 5869/5141 5126/5145 5920/5143
f 5138/5142 4696/4938 5125/4189
f 5125/4189 4696/4938 3723/4193
f 5920/5143 5822/5055 5138/5142
f 5138/5142 5822/5055 4696/4938
f 5125/4189 3788/4188 5138/5142
f 5138/5142 3788/4188 4704/5140
f 5126/5145 3752/5057 5920/5143
f 5920/5143 3752/5057 5822/5055
f 4342/5052 5888/5053 5147/5146
f 5147/5146 5888/5053 5921/5147
f 4734/4208 5156/4209 5888/5053
f 5888/5053 5156/4209 5921/5147
f 3748/5044 3701/5043 5147/5146
f 5147/5146 3701/5043 5142/5148
f 5921/5147 5860/5041 5147/5146
f 5147/5146 5860/5041 3748/5044
f 5147/5146 5142/5148 4342/5052
f 4342/5052 5142/5148 4333/5149
f 5155/5150 4735/4939 5922/5151
f 5922/5151 4735/4939 5889/5054
f 5156/4209 4687/3885 5921/5147
f 5921/5147 4687/3885 5860/5041
f 4341/5056 5146/5152 5889/5054
f 5889/5054 5146/5152 5922/5151
f 5155/5150 4695/4937 5150/4215
f 5150/4215 4695/4937 3718/4199
f 5922/5151 5821/5047 5155/5150
f 5155/5150 5821/5047 4695/4937
f 5150/4215 4337/4214 5155/5150
f 5155/5150 4337/4214 4735/4939
f 5146/5152 3751/5049 5922/5151
f 5922/5151 3751/5049 5821/5047
f 5160/5153 5413/5000 5162/5154
f 5162/5154 5413/5000 5381/5002
f 4614/4440 4712/4980 5332/4589
f 5332/4589 4712/4980 5335/5155
f 4712/4980 5830/4982 5335/5155
f 5335/5155 5830/4982 5925/5156
f 5830/4982 3839/4516 5925/5156
f 5925/5156 3839/4516 5288/4517
f 5810/4907 5761/4908 5359/5157
f 5359/5157 5761/4908 4612/5158
f 5359/5157 4612/5158 5926/5159
f 5926/5159 4612/5158 5899/5160
f 5814/4918 5810/4907 5546/5086
f 5546/5086 5810/4907 5359/5157
f 4761/4860 5370/4858 5899/5160
f 5899/5160 5370/4858 5926/5159
f 5403/5161 5184/5162 5928/5163
f 5928/5163 5184/5162 5923/5164
f 5436/5165 5184/5162 5414/4367
f 5414/4367 5184/5162 5161/4357
f 5162/5154 5381/5002 5923/5164
f 5923/5164 5381/5002 5928/5163
f 5403/5161 4707/5127 5380/4358
f 5380/4358 4707/5127 3804/4106
f 5928/5163 5871/5129 5403/5161
f 5403/5161 5871/5129 4707/5127
f 5380/4358 5161/4357 5403/5161
f 5403/5161 5161/4357 5184/5162
f 5381/5002 3805/5003 5928/5163
f 5928/5163 3805/5003 5871/5129
f 3892/5081 4980/4421 5454/5166
f 5454/5166 4980/4421 5472/4423
f 5901/5084 3892/5081 5929/5167
f 5929/5167 3892/5081 5454/5166
f 5929/5167 5471/5168 5901/5084
f 5901/5084 5471/5168 4765/4420
f 5370/4858 5366/4857 5553/5169
f 5553/5169 5366/4857 5519/4926
f 4673/5085 5546/5086 5902/5170
f 5902/5170 5546/5086 5931/5171
f 5931/5171 5926/5159 5553/5169
f 5553/5169 5926/5159 5370/4858
f 5553/5169 5519/4926 4766/4490
f 4766/4490 5519/4926 4668/4489
f 4766/4490 5902/5170 5553/5169
f 5553/5169 5902/5170 5931/5171
f 5546/5086 5359/5157 5931/5171
f 5931/5171 5359/5157 5926/5159
f 5763/4917 4673/5085 5813/4916
f 5813/4916 4673/5085 5524/5172
f 4673/5085 5902/5170 5524/5172
f 5524/5172 5902/5170 5932/5173
f 5582/5007 5817/4929 5524/5172
f 5524/5172 5817/4929 5813/4916
f 5932/5173 5533/4488 5933/5174
f 5933/5174 5533/4488 5589/5175
f 5902/5170 4766/4490 5932/5173
f 5932/5173 4766/4490 5533/4488
f 5533/4488 5514/4487 5589/5175
f 5589/5175 5514/4487 5568/4931
f 5933/5174 5582/5007 5932/5173
f 5932/5173 5582/5007 5524/5172
f 5335/5155 5925/5156 5655/5176
f 5655/5176 5925/5156 5934/5177
f 5935/5178 5844/5107 5691/5179
f 5691/5179 5844/5107 4466/4671
f 4901/4682 5682/4681 5906/5098
f 5906/5098 5682/4681 5935/5178
f 4565/4712 4464/4803 5711/4714
f 5711/4714 4464/4803 5668/5180
f 5710/4707 4892/4706 5691/5179
f 5691/5179 4892/4706 4843/5096
f 5691/5179 4843/5096 5935/5178
f 5935/5178 4843/5096 5906/5098
f 4566/4673 5710/4707 4466/4671
f 4466/4671 5710/4707 5691/5179
f 5682/4681 4751/4976 5935/5178
f 5935/5178 4751/4976 5844/5107
f 5845/5109 4752/4977 5936/5181
f 5936/5181 4752/4977 5717/4978
f 4464/4803 5845/5109 5668/5180
f 5668/5180 5845/5109 5936/5181
f 4865/4596 4893/4085 5668/5180
f 5668/5180 4893/4085 5711/4714
f 5905/5182 4865/4596 5936/5181
f 5936/5181 4865/4596 5668/5180
f 5936/5181 5717/4978 5905/5182
f 5905/5182 5717/4978 4902/5097
f 5911/5110 4907/4802 5937/5183
f 5937/5183 4907/4802 5745/4805
f 4965/4906 4970/5108 5761/4908
f 5761/4908 4970/5108 5793/5184
f 4970/5108 5911/5110 5793/5184
f 5793/5184 5911/5110 5937/5183
f 4710/5185 4612/5158 5793/5184
f 5793/5184 4612/5158 5761/4908
f 5794/5186 4762/5100 5938/5187
f 5938/5187 4762/5100 5900/5188
f 3817/5079 5772/4856 5900/5188
f 5900/5188 5772/4856 5938/5187
f 5794/5186 4972/5105 5791/4903
f 5791/4903 4972/5105 4964/4901
f 5938/5187 5910/5106 5794/5186
f 5794/5186 5910/5106 4972/5105
f 5791/4903 4611/4859 5794/5186
f 5794/5186 4611/4859 4762/5100
f 5772/4856 4940/4672 5938/5187
f 5938/5187 4940/4672 5910/5106
f 4826/3976 4814/3948 69/1602
f 69/1602 4814/3948 55/305
f 4813/3946 4393/3947 4827/3977
f 4827/3977 4393/3947 4528/5189
f 4394/5061 5782/4838 4529/5190
f 4529/5190 5782/4838 5789/5191
f 4530/5192 5758/4835 4395/4837
f 4395/4837 5758/4835 5781/4836
f 4517/4652 5701/4653 4537/5193
f 4537/5193 5701/4653 5709/5194
f 5838/5051 4411/5050 5861/5195
f 5861/5195 4411/5050 3749/5196
f 5945/5197 4533/4183 5944/5198
f 5944/5198 4533/4183 4532/5067
f 5945/5197 5944/5198 3705/5199
f 3705/5199 5944/5198 3749/5196
f 5070/4723 5085/4724 3756/5200
f 3756/5200 5085/4724 4836/5201
f 5072/4730 5726/4729 4456/5202
f 4456/5202 5726/4729 5666/4734
f 4395/4837 4738/4942 4530/5192
f 4530/5192 4738/4942 4754/5203
f 5949/5204 5941/5205 4754/5203
f 4754/5203 5941/5205 4530/5192
f 4697/4940 3758/4941 5949/5204
f 5949/5204 3758/4941 5941/5205
f 3704/5206 4412/4213 4688/5207
f 4688/5207 4412/4213 4741/4960
f 5943/5208 3704/5206 5950/5209
f 5950/5209 3704/5206 4688/5207
f 4688/5207 4741/4960 5861/5195
f 5861/5195 4741/4960 5838/5051
f 5951/5210 5939/5211 4780/5212
f 4780/5212 5939/5211 3734/4594
f 5950/5209 4753/4979 5943/5208
f 5943/5208 4753/4979 4531/3975
f 4827/3977 4528/5189 5951/5210
f 5951/5210 4528/5189 5939/5211
f 5083/4102 82/489 4780/5212
f 4780/5212 82/489 16/1627
f 4780/5212 16/1627 5951/5210
f 5951/5210 16/1627 102/1628
f 5068/4103 5083/4102 3734/4594
f 3734/4594 5083/4102 4780/5212
f 70/347 4827/3977 102/1628
f 102/1628 4827/3977 5951/5210
f 5952/5213 4826/3976 101/1630
f 101/1630 4826/3976 69/1602
f 4412/4213 3704/5206 4816/4210
f 4816/4210 3704/5206 4775/5214
f 3704/5206 5943/5208 4775/5214
f 4775/5214 5943/5208 5952/5213
f 5943/5208 4531/3975 5952/5213
f 5952/5213 4531/3975 4826/3976
f 4856/4119 4400/4120 4891/5215
f 4891/5215 4400/4120 4535/4141
f 4891/5215 4535/4141 5953/5216
f 5953/5216 4535/4141 5947/5217
f 5701/4653 4856/4119 5709/5194
f 5709/5194 4856/4119 4891/5215
f 3756/5200 4836/5201 5947/5217
f 5947/5217 4836/5201 5953/5216
f 4890/5218 4528/5189 4855/3982
f 4855/3982 4528/5189 4393/3947
f 5954/5219 5939/5211 4890/5218
f 4890/5218 5939/5211 4528/5189
f 4863/4593 3734/4594 5954/5219
f 5954/5219 3734/4594 5939/5211
f 5088/4731 5072/4730 4905/5220
f 4905/5220 5072/4730 4456/5202
f 4905/5220 4456/5202 5955/5221
f 5955/5221 4456/5202 5948/5222
f 4536/4799 4959/4800 5948/5222
f 5948/5222 4959/4800 5955/5221
f 4952/4651 4517/4652 4960/5223
f 4960/5223 4517/4652 4537/5193
f 4960/5223 4537/5193 5956/5224
f 5956/5224 4537/5193 5942/5225
f 5782/4838 4952/4651 5789/5191
f 5789/5191 4952/4651 4960/5223
f 5957/5226 5946/5227 5089/5228
f 5089/5228 5946/5227 3755/5229
f 4455/4886 4933/4885 5942/5225
f 5942/5225 4933/4885 5956/5224
f 5106/4139 4534/4140 5957/5226
f 5957/5226 4534/4140 5946/5227
f 5089/5228 3756/5200 5957/5226
f 5957/5226 3756/5200 5947/5217
f 5958/5230 5945/5197 5115/5231
f 5115/5231 5945/5197 3705/5199
f 4535/4141 5106/4139 5947/5217
f 5947/5217 5106/4139 5957/5226
f 5137/4182 4533/4183 5958/5230
f 5958/5230 4533/4183 5945/5197
f 5115/5231 3755/5229 5958/5230
f 5958/5230 3755/5229 5946/5227
f 5708/5232 4536/4799 5959/5233
f 5959/5233 4536/4799 5948/5222
f 4534/4140 5137/4182 5946/5227
f 5946/5227 5137/4182 5958/5230
f 5666/4734 4863/4593 5959/5233
f 5959/5233 4863/4593 5954/5219
f 5684/5234 4836/5201 5725/4725
f 5725/4725 4836/5201 5085/4724
f 5708/5232 4890/5218 5700/4649
f 5700/4649 4890/5218 4855/3982
f 5959/5233 5954/5219 5708/5232
f 5708/5232 5954/5219 4890/5218
f 5700/4649 4516/4647 5708/5232
f 5708/5232 4516/4647 4536/4799
f 4456/5202 5666/4734 5948/5222
f 5948/5222 5666/4734 5959/5233
f 4537/5193 5709/5194 5942/5225
f 5942/5225 5709/5194 5960/5235
f 5960/5235 5953/5216 5684/5234
f 5684/5234 5953/5216 4836/5201
f 5725/4725 5073/4727 5684/5234
f 5684/5234 5073/4727 4455/4886
f 5684/5234 4455/4886 5960/5235
f 5960/5235 4455/4886 5942/5225
f 5743/5236 3758/4941 5803/4888
f 5803/4888 3758/4941 5063/4889
f 5709/5194 4891/5215 5960/5235
f 5960/5235 4891/5215 5953/5216
f 4959/4800 5758/4835 5955/5221
f 5955/5221 5758/4835 5961/5237
f 5961/5237 5941/5205 5743/5236
f 5743/5236 5941/5205 3758/4941
f 5803/4888 5088/4731 5743/5236
f 5743/5236 5088/4731 4905/5220
f 5743/5236 4905/5220 5961/5237
f 5961/5237 4905/5220 5955/5221
f 5765/5238 4933/4885 5802/4884
f 5802/4884 4933/4885 5087/4882
f 5758/4835 4530/5192 5961/5237
f 5961/5237 4530/5192 5941/5205
f 4529/5190 5789/5191 5940/5239
f 5940/5239 5789/5191 5962/5240
f 5962/5240 5956/5224 5765/5238
f 5765/5238 5956/5224 4933/4885
f 5802/4884 5069/5135 5765/5238
f 5765/5238 5069/5135 3757/5134
f 5765/5238 3757/5134 5962/5240
f 5962/5240 3757/5134 5940/5239
f 4753/4979 5950/5209 5846/5241
f 5846/5241 5950/5209 5963/5242
f 5789/5191 4960/5223 5962/5240
f 5962/5240 4960/5223 5956/5224
f 5963/5242 5861/5195 5944/5198
f 5944/5198 5861/5195 3749/5196
f 4532/5067 4397/5063 5846/5241
f 5846/5241 4397/5063 5892/5065
f 5944/5198 4532/5067 5963/5242
f 5963/5242 4532/5067 5846/5241
f 5846/5241 5892/5065 4753/4979
f 4753/4979 5892/5065 4739/3890
f 5964/5243 5949/5204 5847/5244
f 5847/5244 5949/5204 4754/5203
f 5950/5209 4688/5207 5963/5242
f 5963/5242 4688/5207 5861/5195
f 5823/5133 4697/4940 5964/5243
f 5964/5243 4697/4940 5949/5204
f 5891/5062 4394/5061 5847/5244
f 5847/5244 4394/5061 4529/5190
f 5847/5244 4529/5190 5964/5243
f 5964/5243 4529/5190 5940/5239
f 4738/4942 5891/5062 4754/5203
f 4754/5203 5891/5062 5847/5244
f 3757/5134 5823/5133 5940/5239
f 5940/5239 5823/5133 5964/5243
f 5319/5245 5650/5246 5271/5247
f 5271/5247 5650/5246 5594/5248
f 5648/4568 5317/4569 5594/5248
f 5594/5248 5317/4569 5271/5247
f 5315/4510 5646/4562 5273/4512
f 5273/4512 5646/4562 5595/5249
f 5598/5250 5654/5251 5277/4515
f 5277/4515 5654/5251 5329/4513
f 5599/5252 5650/5246 5282/5253
f 5282/5253 5650/5246 5319/5245
f 5285/5254 5345/4586 5601/5255
f 5601/5255 5345/4586 5659/4587
f 5601/5255 5658/5256 5285/5254
f 5285/5254 5658/5256 5343/5257
f 5288/4517 5339/4324 5605/5258
f 5605/5258 5339/4324 5656/4584
f 5605/5258 5934/5177 5288/4517
f 5288/4517 5934/5177 5925/5156
f 5273/4512 5595/5249 5313/4519
f 5313/4519 5595/5249 5606/5259
f 5596/5260 5275/4520 5606/5259
f 5606/5259 5275/4520 5313/4519
f 5314/4524 5312/4525 5607/5261
f 5607/5261 5312/4525 5645/5262
f 5607/5261 5629/4566 5314/4524
f 5314/4524 5629/4566 5278/4317
f 5321/5263 5276/4543 5608/5264
f 5608/5264 5276/4543 5597/5265
f 5608/5264 5599/5252 5321/5263
f 5321/5263 5599/5252 5282/5253
f 5323/5266 5329/4513 5609/5267
f 5609/5267 5329/4513 5654/5251
f 5610/5268 5645/5262 5325/4526
f 5325/4526 5645/5262 5312/4525
f 5326/4529 5275/4520 5611/5269
f 5611/5269 5275/4520 5596/5260
f 5611/5269 5610/5268 5326/4529
f 5326/4529 5610/5268 5325/4526
f 5331/5270 5343/5257 5614/5271
f 5614/5271 5343/5257 5658/5256
f 5332/4589 5335/5155 5615/5272
f 5615/5272 5335/5155 5655/5176
f 5616/5273 5663/5274 5333/4530
f 5333/4530 5663/5274 5542/4531
f 5341/5275 5331/5270 5617/5276
f 5617/5276 5331/5270 5614/5271
f 5617/5276 5603/5277 5341/5275
f 5341/5275 5603/5277 5286/5278
f 5327/4538 5612/5279 5342/4535
f 5342/4535 5612/5279 5618/5280
f 5613/5281 5328/4533 5618/5280
f 5618/5280 5328/4533 5342/4535
f 5600/5282 5284/4539 5619/5283
f 5619/5283 5284/4539 5344/4540
f 5328/4533 5613/5281 5344/4540
f 5344/4540 5613/5281 5619/5283
f 5598/5250 5277/4515 5620/5284
f 5620/5284 5277/4515 5346/4541
f 5284/4539 5600/5282 5346/4541
f 5346/4541 5600/5282 5620/5284
f 5621/5285 5653/4583 5347/5286
f 5347/5286 5653/4583 5324/4581
f 5347/5286 5280/4577 5621/5285
f 5621/5285 5280/4577 5631/4578
f 5348/4542 5323/5266 5622/5287
f 5622/5287 5323/5266 5609/5267
f 5622/5287 5597/5265 5348/4542
f 5348/4542 5597/5265 5276/4543
f 5624/5288 5637/4585 5352/4548
f 5352/4548 5637/4585 5296/4325
f 5352/4548 5299/4549 5624/5288
f 5624/5288 5299/4549 5638/5289
f 5625/5290 5638/5289 5353/4552
f 5353/4552 5638/5289 5299/4549
f 5353/4552 5311/4553 5625/5290
f 5625/5290 5311/4553 5644/5291
f 5626/5292 5644/5291 5354/4555
f 5354/4555 5644/5291 5311/4553
f 5354/4555 5294/4305 5626/5292
f 5626/5292 5294/4305 5636/4556
f 5377/4588 5332/4589 5660/5293
f 5660/5293 5332/4589 5615/5272
f 5446/5294 5286/5278 5661/5295
f 5661/5295 5286/5278 5603/5277
f 5661/5295 5623/5296 5446/5294
f 5446/5294 5623/5296 5349/5297
f 5541/4590 5377/4588 5664/5298
f 5664/5298 5377/4588 5660/5293
f 5664/5298 5616/5273 5541/4590
f 5541/4590 5616/5273 5333/4530
f 5665/5299 5604/5300 5592/4592
f 5592/4592 5604/5300 5287/5301
f 5592/4592 5542/4531 5665/5299
f 5665/5299 5542/4531 5663/5274
f 5636/4556 5639/4557 6012/5302
f 6012/5302 5639/4557 6015/5303
f 5639/4557 5634/4558 6015/5303
f 6015/5303 5634/4558 6010/5304
f 5634/4558 5640/4559 6010/5304
f 6010/5304 5640/4559 6016/5305
f 5640/4559 5643/4560 6016/5305
f 6016/5305 5643/4560 6018/5306
f 5643/4560 5635/4561 6018/5306
f 6018/5306 5635/4561 6011/5307
f 6021/5308 5646/4562 6004/5309
f 6004/5309 5646/4562 5628/4563
f 5647/4565 5629/4566 6022/5310
f 6022/5310 5629/4566 6005/5311
f 5630/4567 5647/4565 6006/5312
f 6006/5312 5647/4565 6022/5310
f 6004/5309 5628/4563 6023/5313
f 6023/5313 5628/4563 5648/4568
f 5649/4573 5630/4567 6024/5314
f 6024/5314 5630/4567 6006/5312
f 5627/4572 5649/4573 6003/5315
f 6003/5315 5649/4573 6024/5314
f 5651/4576 5627/4572 6026/5316
f 6026/5316 5627/4572 6003/5315
f 5633/4575 5651/4576 6009/5317
f 6009/5317 5651/4576 6026/5316
f 5652/4579 5633/4575 6027/5318
f 6027/5318 5633/4575 6009/5317
f 5631/4578 5652/4579 6007/5319
f 6007/5319 5652/4579 6027/5318
f 5632/4582 5653/4583 6008/5320
f 6008/5320 5653/4583 6028/5321
f 5656/4584 5637/4585 6031/5322
f 6031/5322 5637/4585 6013/5323
f 5659/4587 5632/4582 6034/5324
f 6034/5324 5632/4582 6008/5320
f 5655/5176 5934/5177 6030/5325
f 6030/5325 5934/5177 6036/5326
f 3820/5077 4540/5078 5873/5327
f 5873/5327 4540/5078 5898/5119
f 4755/4854 4713/5080 5898/5119
f 5898/5119 4713/5080 5873/5327
f 5907/5328 4713/5080 5900/5188
f 5900/5188 4713/5080 3817/5079
f 5937/5183 5745/4805 5828/5329
f 5828/5329 5745/4805 3820/5077
f 5828/5329 3820/5077 6129/5330
f 6129/5330 3820/5077 5873/5327
f 5793/5184 5937/5183 4710/5185
f 4710/5185 5937/5183 5828/5329
f 4612/5158 4710/5185 5899/5160
f 5899/5160 4710/5185 5908/5331
f 6129/5330 5873/5327 5907/5328
f 5907/5328 5873/5327 4713/5080
f 5907/5328 5900/5188 4904/5099
f 4904/5099 5900/5188 4762/5100
f 5907/5328 4904/5099 6129/5330
f 6129/5330 4904/5099 5908/5331
f 4710/5185 5828/5329 5908/5331
f 5908/5331 5828/5329 6129/5330
f 4904/5099 4761/4860 5908/5331
f 5908/5331 4761/4860 5899/5160
f 4923/5332 4944/4792 4511/5333
f 4511/5333 4944/4792 4471/4631
f 5751/5334 5775/4829 4923/5332
f 4923/5332 5775/4829 4944/4792
f 5775/4829 5751/5334 3854/4828
f 3854/4828 5751/5334 4237/5335
f 5024/5336 5003/4065 4237/5335
f 4237/5335 5003/4065 3854/4828
f 5674/5337 4511/5333 5694/4630
f 5694/4630 4511/5333 4471/4631
f 5694/4630 4847/4601 5674/5337
f 5674/5337 4847/4601 4881/5338
f 4847/4601 3860/4073 4881/5338
f 4881/5338 3860/4073 4239/5339
f 3860/4073 5015/4072 4239/5339
f 4239/5339 5015/4072 5025/5340
f 5015/4072 4543/4074 5025/5340
f 5025/5340 4543/4074 4560/5341
f 4908/4011 3855/4016 4922/5342
f 4922/5342 3855/4016 4229/5343
f 4238/5344 3856/4003 4880/5345
f 4880/5345 3856/4003 4866/4002
f 4236/5346 3865/4416 4238/5344
f 4238/5344 3865/4416 3856/4003
f 4866/4002 4470/4012 4880/5345
f 4880/5345 4470/4012 4510/5347
f 4470/4012 4908/4011 4510/5347
f 4510/5347 4908/4011 4922/5342
f 4447/5348 3739/5349 5136/4179
f 5136/4179 3739/5349 5114/4180
f 5136/4179 5117/4168 4447/5348
f 4447/5348 5117/4168 3770/4132
f 4447/5348 3770/4132 5105/5350
f 5105/5350 3770/4132 5091/4130
f 3787/5351 3741/5075 3786/5352
f 5770/5353 5764/4850 4938/5354
f 4938/5354 5764/4850 4932/4670
f 4957/5355 4526/5356 4936/4796
f 4936/4796 4526/5356 4459/4626
f 4835/3988 4841/5357 5683/4666
f 5683/4666 4841/5357 5689/5358
f 4841/5357 4835/3988 3781/5359
f 3781/5359 4835/3988 3735/3973
f 4452/4184 3736/3974 4453/5360
f 4453/5360 3736/3974 3782/5361
f 5123/5362 3781/5359 5113/4185
f 5113/4185 3781/5359 3735/3973
f 5113/4185 4452/4184 5123/5362
f 5123/5362 4452/4184 4453/5360
f 4702/5363 3782/5361 4693/4935
f 4693/4935 3782/5361 3736/3974
f 5867/5364 4702/5363 5819/5074
f 5819/5074 4702/5363 4693/4935
f 5867/5364 5819/5074 3787/5351
f 3787/5351 5819/5074 3741/5075
f 3741/5075 3740/4181 3786/5352
f 4938/5354 4932/4670 4461/5365
f 4461/5365 4932/4670 4454/4668
f 4461/5365 4454/4668 5689/5358
f 5689/5358 4454/4668 5683/4666
f 6130/5366 5689/5358 3781/5359
f 3781/5359 5689/5358 4841/5357
f 4692/4975 3737/4852 4703/5367
f 4703/5367 3737/4852 3783/5368
f 3783/5368 3737/4852 5770/5353
f 5770/5353 3737/4852 5764/4850
f 4692/4975 4703/5367 5865/4999
f 5865/4999 4703/5367 5868/5369
f 4936/4796 5768/4820 4957/5355
f 4957/5355 5768/4820 5787/4847
f 4450/4848 3738/4998 5787/4847
f 5787/4847 3738/4998 5742/5370
f 4526/5356 4957/5355 5706/5371
f 5706/5371 4957/5355 6137/5372
f 5706/5371 5687/4624 4526/5356
f 4526/5356 5687/4624 4459/4626
f 6137/5372 4957/5355 5742/5370
f 5742/5370 4957/5355 5787/4847
f 5742/5370 3738/4998 3784/5373
f 3738/4998 5865/4999 3784/5373
f 3784/5373 5865/4999 5868/5369
f 6137/5372 5742/5370 3784/5373
f 6135/5374 4461/5365 6130/5366
f 6130/5366 4461/5365 5689/5358
f 4703/5367 3783/5368 5868/5369
f 5868/5369 3783/5368 6136/5375
f 4861/5376 4839/4608 5706/5371
f 5706/5371 4839/4608 5687/4624
f 5105/5350 5091/4130 4448/5377
f 4448/5377 5091/4130 3771/4134
f 4839/4608 4861/5376 3771/4134
f 3771/4134 4861/5376 4448/5377
f 4448/5377 4861/5376 6141/5378
f 5105/5350 4448/5377 5092/5379
f 4447/5348 5105/5350 5092/5379
f 3785/5380 3739/5349 5092/5379
f 5092/5379 3739/5349 4447/5348
f 3739/5349 3785/5380 5114/4180
f 5114/4180 3785/5380 5124/5381
f 3786/5352 3740/4181 5124/5381
f 5124/5381 3740/4181 5114/4180
f 6131/5382 4453/5360 3782/5361
f 6133/5383 6131/5382 4702/5363
f 4702/5363 6131/5382 3782/5361
f 4702/5363 5867/5364 6133/5383
f 6133/5383 5867/5364 6134/5384
f 6134/5384 5867/5364 3786/5352
f 3786/5352 5867/5364 3787/5351
f 6134/5384 3786/5352 6144/5385
f 6144/5385 3786/5352 5124/5381
f 6151/5386 6150/5387 6134/5384
f 6134/5384 6150/5387 6133/5383
f 6152/5388 6147/5389 6151/5386
f 6151/5386 6147/5389 6148/5390
f 5123/5362 4453/5360 6132/5391
f 6132/5391 4453/5360 6131/5382
f 6150/5387 6151/5386 6149/5392
f 6149/5392 6151/5386 6148/5390
f 6131/5382 6133/5383 6149/5392
f 6149/5392 6133/5383 6150/5387
f 5124/5381 3785/5380 6144/5385
f 6144/5385 3785/5380 6143/5393
f 6152/5388 6151/5386 6144/5385
f 6144/5385 6151/5386 6134/5384
f 6156/5394 6146/5395 6152/5388
f 6152/5388 6146/5395 6147/5389
f 6152/5388 6144/5385 6156/5394
f 6156/5394 6144/5385 6143/5393
f 4448/5377 6141/5378 5092/5379
f 5092/5379 6141/5378 6142/5396
f 6143/5393 3785/5380 6142/5396
f 6142/5396 3785/5380 5092/5379
f 4861/5376 5706/5371 6141/5378
f 6141/5378 5706/5371 6138/5397
f 6142/5396 6141/5378 6138/5397
f 6145/5398 6158/5399 6159/5400
f 6158/5399 6156/5394 6159/5400
f 6159/5400 6156/5394 6143/5393
f 6159/5400 6143/5393 6160/5401
f 6160/5401 6143/5393 6142/5396
f 6146/5395 6156/5394 6145/5398
f 6145/5398 6156/5394 6158/5399
f 6157/5402 6146/5395 6145/5398
f 6138/5397 5706/5371 6139/5403
f 6139/5403 5706/5371 6137/5372
f 6160/5401 6142/5396 6161/5404
f 6161/5404 6142/5396 6138/5397
f 6159/5400 6160/5401 6145/5398
f 6145/5398 6160/5401 6161/5404
f 6162/5405 6157/5402 6161/5404
f 6161/5404 6157/5402 6145/5398
f 6138/5397 6139/5403 6161/5404
f 6161/5404 6139/5403 6162/5405
f 6140/5406 6139/5403 3784/5373
f 3784/5373 6139/5403 6137/5372
f 6147/5389 6146/5395 6153/5407
f 6153/5407 6146/5395 6157/5402
f 6163/5408 6162/5405 6140/5406
f 6140/5406 6162/5405 6139/5403
f 6153/5407 6157/5402 6163/5408
f 6163/5408 6157/5402 6162/5405
f 6147/5389 6153/5407 6148/5390
f 6148/5390 6153/5407 6154/5409
f 3784/5373 5868/5369 6140/5406
f 6140/5406 5868/5369 6136/5375
f 6153/5407 6163/5408 6154/5409
f 6154/5409 6163/5408 6164/5410
f 6132/5391 6130/5366 5123/5362
f 5123/5362 6130/5366 3781/5359
f 6148/5390 6154/5409 6149/5392
f 6149/5392 6154/5409 6155/5411
f 6132/5391 6131/5382 6155/5411
f 6155/5411 6131/5382 6149/5392
f 6163/5408 6140/5406 6164/5410
f 6164/5410 6140/5406 6136/5375
f 6165/5412 6132/5391 6155/5411
f 4938/5354 4461/5365 5770/5353
f 5770/5353 4461/5365 6135/5374
f 6136/5375 3783/5368 6135/5374
f 6135/5374 3783/5368 5770/5353
f 6130/5366 6132/5391 6135/5374
f 6135/5374 6132/5391 6165/5412
f 6164/5410 6136/5375 6165/5412
f 6165/5412 6136/5375 6135/5374
f 6165/5412 6155/5411 6164/5410
f 6164/5410 6155/5411 6154/5409
f 3941/5413 3942/5414 3936/5415
f 3936/5415 3942/5414 3935/5416
f 3939/5417 3938/5418 3954/5419
f 3954/5419 3938/5418 3953/5420
f 3955/5421 3954/5419 3952/5422
f 3952/5422 3954/5419 3953/5420
f 3956/5423 3955/5421 3951/5424
f 3951/5424 3955/5421 3952/5422
f 3957/5425 3956/5423 3950/5426
f 3950/5426 3956/5423 3951/5424
f 3983/4478 4008/4479 6177/5427
f 6177/5427 4008/4479 6183/5428
f 6184/5429 4009/4477 6182/5430
f 6182/5430 4009/4477 3984/4476
f 3938/5418 3939/5417 3937/5431
f 3937/5431 3939/5417 3940/5432
f 6183/5428 4008/4479 6184/5429
f 6184/5429 4008/4479 4009/4477
f 3940/5432 3941/5413 3937/5431
f 3937/5431 3941/5413 3936/5415
f 3953/5420 3938/5418 6178/5433
f 6178/5433 3938/5418 6186/5434
f 3936/5415 3935/5416 6187/5435
f 6187/5435 3935/5416 6188/5436
f 4497/3979 4062/3978 4063/5437
f 4062/3978 4126/4029 4063/5437
f 4063/5437 4126/4029 4127/5438
f 4090/5439 3957/5425 4091/5440
f 4091/5440 3957/5425 3950/5426
f 4091/5440 3984/4476 4090/5439
f 4090/5439 3984/4476 3983/4478
f 6182/5430 3984/4476 6191/5441
f 6191/5441 3984/4476 4091/5440
f 4127/5438 3958/5442 6192/5443
f 6192/5443 3958/5442 6176/5444
f 3958/5442 4136/5445 6176/5444
f 6176/5444 4136/5445 6193/5446
f 6196/5447 4137/5448 6195/5449
f 6195/5449 4137/5448 4136/5445
f 6198/5450 4140/5451 6196/5447
f 6196/5447 4140/5451 4137/5448
f 6197/5452 4139/5453 6198/5450
f 6198/5450 4139/5453 4140/5451
f 4149/5454 3942/5414 6199/5455
f 6199/5455 3942/5414 6168/5456
f 4155/5457 4140/5451 4156/5458
f 4156/5458 4140/5451 4139/5453
f 4137/5448 4140/5451 4163/5459
f 4163/5459 4140/5451 4155/5457
f 4148/5460 3935/5416 4149/5454
f 4149/5454 3935/5416 3942/5414
f 4148/5460 4149/5454 4154/5461
f 4154/5461 4149/5454 4153/5462
f 4154/5461 4153/5462 4139/5453
f 4139/5453 4153/5462 4156/5458
f 3958/5442 4127/5438 4059/5463
f 4059/5463 4127/5438 4126/4029
f 4124/4030 4058/4220 4126/4029
f 4126/4029 4058/4220 4059/5463
f 6195/5449 4136/5445 6214/5464
f 6214/5464 4136/5445 3958/5442
f 4144/5465 4112/3752 4145/3755
f 4145/3755 4112/3752 4111/3753
f 6204/5466 6188/5436 4148/5460
f 4148/5460 6188/5436 3935/5416
f 4143/3772 4129/3751 4144/5465
f 4144/5465 4129/3751 4112/3752
f 4500/5467 4077/5468 4499/3869
f 4499/3869 4077/5468 4066/3868
f 3957/5425 6172/5469 3956/5423
f 3956/5423 6172/5469 6173/5470
f 6173/5470 6172/5469 6217/5471
f 6217/5471 6172/5469 6216/5472
f 6173/5470 6174/5473 3956/5423
f 3956/5423 6174/5473 3955/5421
f 3954/5419 3955/5421 6175/5474
f 6175/5474 3955/5421 6174/5473
f 3952/5422 3953/5420 6179/5475
f 6179/5475 3953/5420 6178/5433
f 4002/4475 4003/4474 6219/5476
f 6219/5476 4003/4474 6220/5477
f 3951/5424 3952/5422 6180/5478
f 6180/5478 3952/5422 6179/5475
f 6180/5478 6179/5475 6220/5477
f 6220/5477 6179/5475 6219/5476
f 6181/5479 6191/5441 3950/5426
f 3950/5426 6191/5441 4091/5440
f 3950/5426 3951/5424 6181/5479
f 6181/5479 3951/5424 6180/5478
f 6181/5479 6180/5478 6221/5480
f 6221/5480 6180/5478 6220/5477
f 3936/5415 6187/5435 3937/5431
f 3937/5431 6187/5435 6185/5481
f 6220/5477 4003/4474 6221/5480
f 6221/5480 4003/4474 4004/4472
f 4058/4220 4985/4219 4026/5482
f 4026/5482 4985/4219 4114/4221
f 6185/5481 6186/5434 3937/5431
f 3937/5431 6186/5434 3938/5418
f 4114/4221 4113/4435 4026/5482
f 4026/5482 4113/4435 4025/4436
f 4119/3725 4118/3726 4048/5483
f 4048/5483 4118/3726 4044/5484
f 4044/5484 6223/5485 4048/5483
f 4048/5483 6223/5485 6224/5486
f 4120/3729 4119/3725 4049/3732
f 4049/3732 4119/3725 4048/5483
f 6223/5485 4026/5482 6224/5486
f 6224/5486 4026/5482 4025/4436
f 4025/4436 5513/4437 4010/5487
f 4010/5487 5513/4437 4101/4470
f 6226/5488 4049/3732 6224/5486
f 6224/5486 4049/3732 4048/5483
f 4101/4470 4102/5489 4010/5487
f 4010/5487 4102/5489 4011/5490
f 4011/5490 6225/5491 4010/5487
f 4010/5487 6225/5491 6226/5488
f 6224/5486 4025/4436 6226/5488
f 6226/5488 4025/4436 4010/5487
f 4053/5492 4051/3728 4121/3730
f 4121/3730 4051/3728 4120/3729
f 6225/5491 4050/3731 6226/5488
f 6226/5488 4050/3731 4049/3732
f 4013/5493 4014/3713 6228/5494
f 6228/5494 4014/3713 4054/3715
f 4052/3716 4051/3728 4054/3715
f 4054/3715 4051/3728 4053/5492
f 3933/5495 4044/5484 4082/3727
f 4082/3727 4044/5484 4118/3726
f 4013/5493 4012/5496 4105/4473
f 4105/4473 4012/5496 4104/4471
f 6227/5497 4012/5496 6228/5494
f 6228/5494 4012/5496 4013/5493
f 4013/5493 4105/4473 4014/3713
f 4014/3713 4105/4473 4106/3719
f 4054/3715 4053/5492 6228/5494
f 6228/5494 4053/5492 6227/5497
f 6223/5485 4044/5484 6229/5498
f 6229/5498 4044/5484 3933/5495
f 4058/4220 4026/5482 6229/5498
f 6229/5498 4026/5482 6223/5485
f 4125/3734 4081/3735 4060/5499
f 4060/5499 4081/3735 3932/3776
f 4060/5499 3933/5495 4125/3734
f 4125/3734 3933/5495 4082/3727
f 6229/5498 3933/5495 6230/5500
f 6230/5500 3933/5495 4060/5499
f 4500/5467 6211/5501 6189/5502
f 4059/5463 4058/4220 6230/5500
f 6230/5500 4058/4220 6229/5498
f 4127/5438 6192/5443 4063/5437
f 4063/5437 6192/5443 6189/5502
f 6189/5502 6211/5501 4063/5437
f 4063/5437 6211/5501 4497/3979
f 6231/5503 4077/5468 6189/5502
f 6189/5502 4077/5468 4500/5467
f 6232/5504 4121/3730 6225/5491
f 6225/5491 4121/3730 4050/3731
f 4103/5505 4011/5490 4102/5489
f 6225/5491 4011/5490 6232/5504
f 6232/5504 4011/5490 4103/5505
f 4103/5505 4104/4471 4012/5496
f 4103/5505 4012/5496 6232/5504
f 6232/5504 4012/5496 6227/5497
f 6227/5497 4053/5492 6232/5504
f 6232/5504 4053/5492 4121/3730
f 6190/5506 6172/5469 4090/5439
f 4090/5439 6172/5469 3957/5425
f 6233/5507 6216/5472 6190/5506
f 6190/5506 6216/5472 6172/5469
f 4090/5439 3983/4478 6190/5506
f 6190/5506 3983/4478 6177/5427
f 4088/4480 3949/4481 6233/5507
f 6233/5507 3949/4481 6216/5472
f 6193/5446 4136/5445 6194/5508
f 6194/5508 4136/5445 4137/5448
f 4153/5462 4149/5454 6200/5509
f 6200/5509 4149/5454 6199/5455
f 6235/5510 4152/4482 6236/5511
f 6236/5511 4152/4482 4157/4483
f 4153/5462 6200/5509 4156/5458
f 4156/5458 6200/5509 6202/5512
f 6200/5509 6235/5510 6202/5512
f 6202/5512 6235/5510 6236/5511
f 6201/5513 4155/5457 6202/5512
f 6202/5512 4155/5457 4156/5458
f 6194/5508 4137/5448 6203/5514
f 6203/5514 4137/5448 4163/5459
f 4155/5457 6201/5513 4163/5459
f 4163/5459 6201/5513 6203/5514
f 6234/5515 6194/5508 6237/5516
f 6237/5516 6194/5508 6203/5514
f 4139/5453 6197/5452 4154/5461
f 4154/5461 6197/5452 6205/5517
f 6237/5516 4162/5518 6234/5515
f 6234/5515 4162/5518 4134/5519
f 6204/5466 4148/5460 6205/5517
f 6205/5517 4148/5460 4154/5461
f 4060/5499 4169/5520 6230/5500
f 6230/5500 4169/5520 6239/5521
f 6214/5464 3958/5442 6206/5522
f 6206/5522 3958/5442 4059/5463
f 6206/5522 4059/5463 6239/5521
f 6239/5521 4059/5463 6230/5500
f 3982/3700 4089/3699 3981/5523
f 3981/5523 4089/3699 4088/4480
f 3981/5523 4088/4480 6244/5524
f 6244/5524 4088/4480 6233/5507
f 4107/3718 4106/3719 4001/5525
f 4001/5525 4106/3719 4002/4475
f 6190/5506 6177/5427 6233/5507
f 6233/5507 6177/5427 6244/5524
f 4002/4475 6219/5476 4001/5525
f 4001/5525 6219/5476 6245/5526
f 6179/5475 6178/5433 6219/5476
f 6219/5476 6178/5433 6245/5526
f 5567/4486 3795/4498 3796/5527
f 3796/5527 3795/4498 4006/3877
f 4006/3877 3982/3700 3796/5527
f 3796/5527 3982/3700 3981/5523
f 3796/5527 3981/5523 6247/5528
f 6247/5528 3981/5523 6244/5524
f 4101/4470 5515/4444 3910/5529
f 6247/5528 6183/5428 6248/5530
f 6248/5530 6183/5428 6184/5429
f 6177/5427 6183/5428 6244/5524
f 6244/5524 6183/5428 6247/5528
f 5567/4486 3796/5527 3910/5529
f 3796/5527 6247/5528 3910/5529
f 3910/5529 6247/5528 6248/5530
f 3910/5529 5515/4444 4670/4448
f 4670/4448 5515/4444 5544/4445
f 3910/5529 4005/5531 4101/4470
f 4101/4470 4005/5531 4102/5489
f 6246/5532 4005/5531 6248/5530
f 6248/5530 4005/5531 3910/5529
f 3910/5529 4670/4448 5567/4486
f 4016/5533 4017/5534 4108/3758
f 4108/3758 4017/5534 4147/3759
f 6248/5530 6184/5429 6246/5532
f 6246/5532 6184/5429 6182/5430
f 6186/5434 6185/5481 6249/5535
f 6249/5535 6185/5481 6222/5536
f 4108/3758 4107/3718 4016/5533
f 4016/5533 4107/3718 4001/5525
f 4016/5533 4001/5525 6249/5535
f 6249/5535 4001/5525 6245/5526
f 6249/5535 6222/5536 4016/5533
f 4016/5533 6222/5536 4017/5534
f 4147/3759 4017/5534 4146/3756
f 4146/3756 4017/5534 4020/5537
f 6178/5433 6186/5434 6245/5526
f 6245/5526 6186/5434 6249/5535
f 4017/5534 6222/5536 4020/5537
f 4020/5537 6222/5536 6250/5538
f 6185/5481 6187/5435 6222/5536
f 6222/5536 6187/5435 6250/5538
f 4146/3756 4020/5537 4145/3755
f 4145/3755 4020/5537 4022/5539
f 4020/5537 6250/5538 4022/5539
f 4022/5539 6250/5538 6251/5540
f 6221/5480 4004/4472 6252/5541
f 6252/5541 4004/4472 4100/5542
f 6187/5435 6188/5436 6250/5538
f 6250/5538 6188/5436 6251/5540
f 6191/5441 6181/5479 6252/5541
f 6252/5541 6181/5479 6221/5480
f 4102/5489 4005/5531 4100/5542
f 4005/5531 6246/5532 4100/5542
f 4100/5542 6246/5532 6252/5541
f 4104/4471 4103/5505 4100/5542
f 4100/5542 4103/5505 4102/5489
f 4100/5542 4004/4472 4104/4471
f 4077/5468 6231/5503 4132/5543
f 4132/5543 6231/5503 6253/5544
f 6246/5532 6182/5430 6252/5541
f 6252/5541 6182/5430 6191/5441
f 6192/5443 6176/5444 6253/5544
f 6253/5544 6176/5444 6243/5545
f 4068/5546 3959/3745 4132/5543
f 4132/5543 3959/3745 4128/3744
f 6253/5544 6243/5545 4132/5543
f 4132/5543 6243/5545 4068/5546
f 4128/3744 4066/3868 4132/5543
f 4132/5543 4066/3868 4077/5468
f 6254/5547 6234/5515 4133/5548
f 4133/5548 6234/5515 4134/5519
f 6189/5502 6192/5443 6231/5503
f 6231/5503 6192/5443 6253/5544
f 6243/5545 6176/5444 6254/5547
f 6254/5547 6176/5444 6193/5446
f 3959/3745 4068/5546 3969/3747
f 3969/3747 4068/5546 4133/5548
f 4068/5546 6243/5545 4133/5548
f 4133/5548 6243/5545 6254/5547
f 4134/5519 4070/3748 4133/5548
f 4133/5548 4070/3748 3969/3747
f 6254/5547 6193/5446 6234/5515
f 6234/5515 6193/5446 6194/5508
f 4067/3775 3934/3774 4167/5549
f 4167/5549 3934/3774 4166/5550
f 6256/5551 6255/5552 4166/5550
f 4166/5550 6255/5552 4167/5549
f 6196/5447 6195/5449 6256/5551
f 6256/5551 6195/5449 6255/5552
f 4143/3772 4138/5553 4142/3771
f 4142/3771 4138/5553 4164/5554
f 4138/5553 6238/5555 4164/5554
f 4164/5554 6238/5555 6257/5556
f 6256/5551 4166/5550 6258/5557
f 6258/5557 4166/5550 4165/5558
f 6197/5452 6257/5556 6205/5517
f 6238/5555 6205/5517 6257/5556
f 4150/5559 3968/3761 4152/4482
f 4152/4482 3968/3761 4151/3763
f 4142/3771 4164/5554 4141/3773
f 4141/3773 4164/5554 4165/5558
f 4164/5554 6257/5556 4165/5558
f 4165/5558 6257/5556 6258/5557
f 3934/3774 4141/3773 4166/5550
f 4166/5550 4141/3773 4165/5558
f 6258/5557 6198/5450 6256/5551
f 6256/5551 6198/5450 6196/5447
f 6257/5556 6197/5452 6258/5557
f 6258/5557 6197/5452 6198/5450
f 6200/5509 6199/5455 6235/5510
f 6235/5510 6199/5455 6259/5560
f 4135/5561 4134/5519 4162/5518
f 3943/5562 3970/3706 4150/5559
f 4150/5559 3970/3706 3968/3761
f 4152/4482 6235/5510 4150/5559
f 4150/5559 6235/5510 6259/5560
f 6237/5516 6203/5514 6260/5563
f 6260/5563 6203/5514 6201/5513
f 4070/3748 4134/5519 3967/3766
f 3967/3766 4134/5519 4135/5561
f 4157/4483 4158/3768 4135/5561
f 4135/5561 4158/3768 3967/3766
f 6236/5511 4157/4483 6260/5563
f 6260/5563 4157/4483 4135/5561
f 6260/5563 4135/5561 6237/5516
f 6237/5516 4135/5561 4162/5518
f 6261/5564 6239/5521 4168/5565
f 4168/5565 6239/5521 4169/5520
f 6260/5563 6201/5513 6236/5511
f 6236/5511 6201/5513 6202/5512
f 6195/5449 6214/5464 6255/5552
f 6255/5552 6214/5464 6261/5564
f 3932/3776 4067/3775 4168/5565
f 4168/5565 4067/3775 4167/5549
f 4168/5565 4167/5549 6261/5564
f 6261/5564 4167/5549 6255/5552
f 4060/5499 3932/3776 4169/5520
f 4169/5520 3932/3776 4168/5565
f 4022/5539 6251/5540 6215/5566
f 6215/5566 6251/5540 6262/5567
f 6214/5464 6206/5522 6261/5564
f 6261/5564 6206/5522 6239/5521
f 6262/5567 6204/5466 6238/5555
f 6238/5555 6204/5466 6205/5517
f 4138/5553 4143/3772 6215/5566
f 6215/5566 4143/3772 4144/5465
f 6238/5555 4138/5553 6262/5567
f 6262/5567 4138/5553 6215/5566
f 4145/3755 4022/5539 4144/5465
f 4144/5465 4022/5539 6215/5566
f 6251/5540 6188/5436 6262/5567
f 6262/5567 6188/5436 6204/5466
f 3948/5568 3949/4481 3976/3743
f 3976/3743 3949/4481 3980/3741
f 3976/3743 4087/3711 3975/5569
f 3975/5569 4087/3711 4098/3845
f 6174/5473 6173/5470 6242/5570
f 6242/5570 6173/5470 6217/5471
f 6217/5471 6216/5472 3948/5568
f 3948/5568 6216/5472 3949/4481
f 4097/3707 3974/3708 4098/3845
f 4098/3845 3974/3708 3975/5569
f 6242/5570 6217/5471 6263/5571
f 6263/5571 6217/5471 3948/5568
f 6263/5571 3975/5569 3947/5572
f 3947/5572 3975/5569 3974/3708
f 6263/5571 3948/5568 3975/5569
f 3975/5569 3948/5568 3976/3743
f 3972/3694 3945/5573 3973/3696
f 3973/3696 3945/5573 3946/5574
f 6175/5474 6174/5473 6218/5575
f 6218/5575 6174/5473 6242/5570
f 6169/5576 6170/5577 3939/5417
f 3939/5417 6170/5577 3940/5432
f 3947/5572 3974/3708 3946/5574
f 3946/5574 3974/3708 3973/3696
f 3954/5419 6175/5474 3939/5417
f 3939/5417 6175/5474 6169/5576
f 6242/5570 6263/5571 6218/5575
f 6218/5575 6263/5571 3947/5572
f 6218/5575 3947/5572 6264/5578
f 6264/5578 3947/5572 3946/5574
f 6264/5578 6169/5576 6218/5575
f 6218/5575 6169/5576 6175/5474
f 3970/3706 3943/5562 3971/3703
f 3971/3703 3943/5562 3944/5579
f 3943/5562 4150/5559 6240/5580
f 6240/5580 4150/5559 6259/5560
f 6241/5581 6170/5577 6264/5578
f 6264/5578 6170/5577 6169/5576
f 3945/5573 3972/3694 3944/5579
f 3944/5579 3972/3694 3971/3703
f 3941/5413 3940/5432 6171/5582
f 6171/5582 3940/5432 6170/5577
f 6171/5582 6168/5456 3941/5413
f 3941/5413 6168/5456 3942/5414
f 6241/5581 3945/5573 6265/5583
f 6265/5583 3945/5573 3944/5579
f 6264/5578 3946/5574 6241/5581
f 6241/5581 3946/5574 3945/5573
f 6168/5456 6171/5582 6240/5580
f 6240/5580 6171/5582 6265/5583
f 6199/5455 6168/5456 6259/5560
f 6259/5560 6168/5456 6240/5580
f 3944/5579 3943/5562 6265/5583
f 6265/5583 3943/5562 6240/5580
f 6171/5582 6170/5577 6265/5583
f 6265/5583 6170/5577 6241/5581
f 5650/5246 6025/5584 5594/5248
f 5594/5248 6025/5584 5965/5585
f 6023/5313 5648/4568 5965/5585
f 5965/5585 5648/4568 5594/5248
f 5646/4562 6021/5308 5595/5249
f 5595/5249 6021/5308 5966/5586
f 5969/5587 6029/5588 5598/5250
f 5598/5250 6029/5588 5654/5251
f 5970/5589 6025/5584 5599/5252
f 5599/5252 6025/5584 5650/5246
f 5601/5255 5659/4587 5972/5590
f 5972/5590 5659/4587 6034/5324
f 5972/5590 6033/5591 5601/5255
f 5601/5255 6033/5591 5658/5256
f 5976/5592 6036/5326 5605/5258
f 5605/5258 6036/5326 5934/5177
f 5605/5258 5656/4584 5976/5592
f 5976/5592 5656/4584 6031/5322
f 5595/5249 5966/5586 5606/5259
f 5606/5259 5966/5586 5977/5593
f 5967/5594 5596/5260 5977/5593
f 5977/5593 5596/5260 5606/5259
f 5607/5261 5645/5262 5978/5595
f 5978/5595 5645/5262 6020/5596
f 5978/5595 6005/5311 5607/5261
f 5607/5261 6005/5311 5629/4566
f 5608/5264 5597/5265 5979/5597
f 5979/5597 5597/5265 5968/5598
f 5979/5597 5970/5589 5608/5264
f 5608/5264 5970/5589 5599/5252
f 5609/5267 5654/5251 5980/5599
f 5980/5599 5654/5251 6029/5588
f 5981/5600 6020/5596 5610/5268
f 5610/5268 6020/5596 5645/5262
f 5596/5260 5967/5594 5611/5269
f 5611/5269 5967/5594 5982/5601
f 5982/5601 5981/5600 5611/5269
f 5611/5269 5981/5600 5610/5268
f 5614/5271 5658/5256 5985/5602
f 5985/5602 5658/5256 6033/5591
f 5615/5272 5655/5176 5986/5603
f 5986/5603 5655/5176 6030/5325
f 5987/5604 6035/5605 5616/5273
f 5616/5273 6035/5605 5663/5274
f 5988/5606 5974/5607 5617/5276
f 5617/5276 5974/5607 5603/5277
f 5617/5276 5614/5271 5988/5606
f 5988/5606 5614/5271 5985/5602
f 5612/5279 5983/5608 5618/5280
f 5618/5280 5983/5608 5989/5609
f 5984/5610 5613/5281 5989/5609
f 5989/5609 5613/5281 5618/5280
f 5613/5281 5984/5610 5619/5283
f 5619/5283 5984/5610 5990/5611
f 5971/5612 5600/5282 5990/5611
f 5990/5611 5600/5282 5619/5283
f 5600/5282 5971/5612 5620/5284
f 5620/5284 5971/5612 5991/5613
f 5969/5587 5598/5250 5991/5613
f 5991/5613 5598/5250 5620/5284
f 5992/5614 6028/5321 5621/5285
f 5621/5285 6028/5321 5653/4583
f 5621/5285 5631/4578 5992/5614
f 5992/5614 5631/4578 6007/5319
f 5622/5287 5609/5267 5993/5615
f 5993/5615 5609/5267 5980/5599
f 5993/5615 5968/5598 5622/5287
f 5622/5287 5968/5598 5597/5265
f 5624/5288 5638/5289 5995/5616
f 5995/5616 5638/5289 6014/5617
f 5995/5616 6013/5323 5624/5288
f 5624/5288 6013/5323 5637/4585
f 5625/5290 5644/5291 5996/5618
f 5996/5618 5644/5291 6019/5619
f 5996/5618 6014/5617 5625/5290
f 5625/5290 6014/5617 5638/5289
f 5997/5620 6019/5619 5626/5292
f 5626/5292 6019/5619 5644/5291
f 5626/5292 5636/4556 5997/5620
f 5997/5620 5636/4556 6012/5302
f 5660/5293 5615/5272 5998/5621
f 5998/5621 5615/5272 5986/5603
f 5661/5295 5603/5277 5999/5622
f 5999/5622 5603/5277 5974/5607
f 5999/5622 5994/5623 5661/5295
f 5661/5295 5994/5623 5623/5296
f 6001/5624 5987/5604 5664/5298
f 5664/5298 5987/5604 5616/5273
f 5664/5298 5660/5293 6001/5624
f 6001/5624 5660/5293 5998/5621
f 6002/5625 5975/5626 5665/5299
f 5665/5299 5975/5626 5604/5300
f 5665/5299 5663/5274 6002/5625
f 6002/5625 5663/5274 6035/5605
f 6012/5302 6015/5303 6313/5627
f 6313/5627 6015/5303 6316/5628
f 6015/5303 6010/5304 6316/5628
f 6316/5628 6010/5304 6311/5629
f 6010/5304 6016/5305 6311/5629
f 6311/5629 6016/5305 6317/5630
f 6016/5305 6018/5306 6317/5630
f 6317/5630 6018/5306 6320/5631
f 6018/5306 6011/5307 6320/5631
f 6320/5631 6011/5307 6312/5632
f 6323/5633 6021/5308 6305/5634
f 6305/5634 6021/5308 6004/5309
f 6022/5310 6005/5311 6324/5635
f 6324/5635 6005/5311 6306/5636
f 6006/5312 6022/5310 6307/5637
f 6307/5637 6022/5310 6324/5635
f 6305/5634 6004/5309 6325/5638
f 6325/5638 6004/5309 6023/5313
f 6024/5314 6006/5312 6326/5639
f 6326/5639 6006/5312 6307/5637
f 6003/5315 6024/5314 6304/5640
f 6304/5640 6024/5314 6326/5639
f 6026/5316 6003/5315 6328/5641
f 6328/5641 6003/5315 6304/5640
f 6009/5317 6026/5316 6310/5642
f 6310/5642 6026/5316 6328/5641
f 6027/5318 6009/5317 6329/5643
f 6329/5643 6009/5317 6310/5642
f 6007/5319 6027/5318 6308/5644
f 6308/5644 6027/5318 6329/5643
f 6008/5320 6028/5321 6309/5645
f 6309/5645 6028/5321 6330/5646
f 6031/5322 6013/5323 6333/5647
f 6333/5647 6013/5323 6314/5648
f 6034/5324 6008/5320 6336/5649
f 6336/5649 6008/5320 6309/5645
f 6030/5325 6036/5326 6332/5650
f 6332/5650 6036/5326 6338/5651
f 5965/5585 6025/5584 6266/5652
f 6266/5652 6025/5584 6327/5653
f 6325/5638 6023/5313 6266/5652
f 6266/5652 6023/5313 5965/5585
f 6021/5308 6323/5633 5966/5586
f 5966/5586 6323/5633 6267/5654
f 6331/5655 6029/5588 6270/5656
f 6270/5656 6029/5588 5969/5587
f 6271/5657 6327/5653 5970/5589
f 5970/5589 6327/5653 6025/5584
f 5972/5590 6034/5324 6273/5658
f 6273/5658 6034/5324 6336/5649
f 6273/5658 6335/5659 5972/5590
f 5972/5590 6335/5659 6033/5591
f 6277/5660 6338/5651 5976/5592
f 5976/5592 6338/5651 6036/5326
f 5976/5592 6031/5322 6277/5660
f 6277/5660 6031/5322 6333/5647
f 5966/5586 6267/5654 5977/5593
f 5977/5593 6267/5654 6278/5661
f 6268/5662 5967/5594 6278/5661
f 6278/5661 5967/5594 5977/5593
f 5978/5595 6020/5596 6279/5663
f 6279/5663 6020/5596 6322/5664
f 6279/5663 6306/5636 5978/5595
f 5978/5595 6306/5636 6005/5311
f 5979/5597 5968/5598 6280/5665
f 6280/5665 5968/5598 6269/5666
f 6280/5665 6271/5657 5979/5597
f 5979/5597 6271/5657 5970/5589
f 5980/5599 6029/5588 6281/5667
f 6281/5667 6029/5588 6331/5655
f 6282/5668 6322/5664 5981/5600
f 5981/5600 6322/5664 6020/5596
f 5967/5594 6268/5662 5982/5601
f 5982/5601 6268/5662 6283/5669
f 6283/5669 6282/5668 5982/5601
f 5982/5601 6282/5668 5981/5600
f 5985/5602 6033/5591 6286/5670
f 6286/5670 6033/5591 6335/5659
f 5986/5603 6030/5325 6287/5671
f 6287/5671 6030/5325 6332/5650
f 6288/5672 6337/5673 5987/5604
f 5987/5604 6337/5673 6035/5605
f 6289/5674 6275/5675 5988/5606
f 5988/5606 6275/5675 5974/5607
f 5988/5606 5985/5602 6289/5674
f 6289/5674 5985/5602 6286/5670
f 5983/5608 6284/5676 5989/5609
f 5989/5609 6284/5676 6290/5677
f 6285/5678 5984/5610 6290/5677
f 6290/5677 5984/5610 5989/5609
f 6272/5679 5971/5612 6291/5680
f 6291/5680 5971/5612 5990/5611
f 5984/5610 6285/5678 5990/5611
f 5990/5611 6285/5678 6291/5680
f 6270/5656 5969/5587 6292/5681
f 6292/5681 5969/5587 5991/5613
f 5971/5612 6272/5679 5991/5613
f 5991/5613 6272/5679 6292/5681
f 6293/5682 6330/5646 5992/5614
f 5992/5614 6330/5646 6028/5321
f 5992/5614 6007/5319 6293/5682
f 6293/5682 6007/5319 6308/5644
f 5993/5615 5980/5599 6294/5683
f 6294/5683 5980/5599 6281/5667
f 6294/5683 6269/5666 5993/5615
f 5993/5615 6269/5666 5968/5598
f 5995/5616 6014/5617 6296/5684
f 6296/5684 6014/5617 6315/5685
f 6296/5684 6314/5648 5995/5616
f 5995/5616 6314/5648 6013/5323
f 5996/5618 6019/5619 6297/5686
f 6297/5686 6019/5619 6321/5687
f 6297/5686 6315/5685 5996/5618
f 5996/5618 6315/5685 6014/5617
f 6298/5688 6321/5687 5997/5620
f 5997/5620 6321/5687 6019/5619
f 5997/5620 6012/5302 6298/5688
f 6298/5688 6012/5302 6313/5627
f 5998/5621 5986/5603 6299/5689
f 6299/5689 5986/5603 6287/5671
f 5999/5622 5974/5607 6300/5690
f 6300/5690 5974/5607 6275/5675
f 6300/5690 6295/5691 5999/5622
f 5999/5622 6295/5691 5994/5623
f 6000/5692 5994/5623 6301/5693
f 6301/5693 5994/5623 6295/5691
f 6302/5694 6288/5672 6001/5624
f 6001/5624 6288/5672 5987/5604
f 6001/5624 5998/5621 6302/5694
f 6302/5694 5998/5621 6299/5689
f 6303/5695 6276/5696 6002/5625
f 6002/5625 6276/5696 5975/5626
f 6002/5625 6035/5605 6303/5695
f 6303/5695 6035/5605 6337/5673
f 6313/5627 6316/5628 6386/5697
f 6386/5697 6316/5628 6389/5698
f 6316/5628 6311/5629 6389/5698
f 6389/5698 6311/5629 6384/5699
f 6311/5629 6317/5630 6384/5699
f 6384/5699 6317/5630 6390/5700
f 6312/5632 6319/5701 6385/5702
f 6385/5702 6319/5701 6392/5703
f 6317/5630 6320/5631 6390/5700
f 6390/5700 6320/5631 6393/5704
f 6320/5631 6312/5632 6393/5704
f 6393/5704 6312/5632 6385/5702
f 6396/5705 6323/5633 6378/5706
f 6378/5706 6323/5633 6305/5634
f 6324/5635 6306/5636 6397/5707
f 6397/5707 6306/5636 6379/5708
f 6307/5637 6324/5635 6380/5709
f 6380/5709 6324/5635 6397/5707
f 6378/5706 6305/5634 6398/5710
f 6398/5710 6305/5634 6325/5638
f 6326/5639 6307/5637 6399/5711
f 6399/5711 6307/5637 6380/5709
f 6304/5640 6326/5639 6377/5712
f 6377/5712 6326/5639 6399/5711
f 6328/5641 6304/5640 6401/5713
f 6401/5713 6304/5640 6377/5712
f 6310/5642 6328/5641 6383/5714
f 6383/5714 6328/5641 6401/5713
f 6329/5643 6310/5642 6402/5715
f 6402/5715 6310/5642 6383/5714
f 6308/5644 6329/5643 6381/5716
f 6381/5716 6329/5643 6402/5715
f 6309/5645 6330/5646 6382/5717
f 6382/5717 6330/5646 6403/5718
f 6333/5647 6314/5648 6406/5719
f 6406/5719 6314/5648 6387/5720
f 6336/5649 6309/5645 6409/5721
f 6409/5721 6309/5645 6382/5717
f 6332/5650 6338/5651 6405/5722
f 6405/5722 6338/5651 6411/5723
f 6266/5652 6327/5653 6339/5724
f 6339/5724 6327/5653 6400/5725
f 6339/5724 6398/5710 6266/5652
f 6266/5652 6398/5710 6325/5638
f 6323/5633 6396/5705 6267/5654
f 6267/5654 6396/5705 6340/5726
f 6404/5727 6331/5655 6343/5728
f 6343/5728 6331/5655 6270/5656
f 6344/5729 6400/5725 6271/5657
f 6271/5657 6400/5725 6327/5653
f 6273/5658 6336/5649 6346/5730
f 6346/5730 6336/5649 6409/5721
f 6346/5730 6408/5731 6273/5658
f 6273/5658 6408/5731 6335/5659
f 6350/5732 6411/5723 6277/5660
f 6277/5660 6411/5723 6338/5651
f 6277/5660 6333/5647 6350/5732
f 6350/5732 6333/5647 6406/5719
f 6424/5733 6414/5734 6351/5735
f 6351/5735 6414/5734 6341/5736
f 3682/4989 4274/4990 6413/5737
f 6413/5737 4274/4990 6424/5733
f 6267/5654 6340/5726 6278/5661
f 6278/5661 6340/5726 6351/5735
f 6351/5735 6340/5726 6424/5733
f 6424/5733 6340/5726 6413/5737
f 6341/5736 6268/5662 6351/5735
f 6351/5735 6268/5662 6278/5661
f 6279/5663 6322/5664 6352/5738
f 6352/5738 6322/5664 6395/5739
f 4274/4990 3697/4996 6424/5733
f 6424/5733 3697/4996 6414/5734
f 6352/5738 6379/5708 6279/5663
f 6279/5663 6379/5708 6306/5636
f 6426/5740 6417/5741 6353/5742
f 6353/5742 6417/5741 6344/5729
f 3701/5043 4324/5042 6415/5743
f 6415/5743 4324/5042 6426/5740
f 6280/5665 6269/5666 6353/5742
f 6353/5742 6269/5666 6342/5744
f 6353/5742 6342/5744 6426/5740
f 6426/5740 6342/5744 6415/5743
f 6353/5742 6344/5729 6280/5665
f 6280/5665 6344/5729 6271/5657
f 6281/5667 6331/5655 6354/5745
f 6354/5745 6331/5655 6404/5727
f 4324/5042 3726/5045 6426/5740
f 6426/5740 3726/5045 6417/5741
f 6355/5746 6395/5739 6282/5668
f 6282/5668 6395/5739 6322/5664
f 6356/5747 6341/5736 6429/5748
f 6429/5748 6341/5736 6414/5734
f 3697/4996 4377/4997 6414/5734
f 6414/5734 4377/4997 6429/5748
f 6268/5662 6341/5736 6283/5669
f 6283/5669 6341/5736 6356/5747
f 6356/5747 6355/5746 6283/5669
f 6283/5669 6355/5746 6282/5668
f 6429/5748 6428/5749 6356/5747
f 6356/5747 6428/5749 6355/5746
f 4377/4997 4346/5058 6429/5748
f 6429/5748 4346/5058 6428/5749
f 6286/5670 6335/5659 6359/5750
f 6359/5750 6335/5659 6408/5731
f 6287/5671 6332/5650 6360/5751
f 6360/5751 6332/5650 6405/5722
f 6361/5752 6410/5753 6288/5672
f 6288/5672 6410/5753 6337/5673
f 6362/5754 6359/5750 6435/5755
f 6435/5755 6359/5750 6432/5756
f 5074/4112 3802/5001 6435/5755
f 6435/5755 3802/5001 6421/5757
f 6362/5754 6348/5758 6289/5674
f 6289/5674 6348/5758 6275/5675
f 6435/5755 6421/5757 6362/5754
f 6362/5754 6421/5757 6348/5758
f 6289/5674 6286/5670 6362/5754
f 6362/5754 6286/5670 6359/5750
f 6436/5759 6431/5760 6363/5761
f 6363/5761 6431/5760 6358/5762
f 4599/4113 5074/4112 6432/5756
f 6432/5756 5074/4112 6435/5755
f 4404/4722 5070/4723 6430/5763
f 6430/5763 5070/4723 6436/5759
f 6284/5676 6357/5764 6290/5677
f 6290/5677 6357/5764 6363/5761
f 6357/5764 6430/5763 6363/5761
f 6363/5761 6430/5763 6436/5759
f 6363/5761 6358/5762 6290/5677
f 6290/5677 6358/5762 6285/5678
f 6364/5765 6358/5762 6437/5766
f 6437/5766 6358/5762 6431/5760
f 6436/5759 5070/4723 6431/5760
f 6431/5760 5070/4723 3756/5200
f 5089/5228 3755/5229 6437/5766
f 6437/5766 3755/5229 6418/5767
f 6345/5768 6272/5679 6364/5765
f 6364/5765 6272/5679 6291/5680
f 6437/5766 6418/5767 6364/5765
f 6364/5765 6418/5767 6345/5768
f 6291/5680 6285/5678 6364/5765
f 6364/5765 6285/5678 6358/5762
f 6345/5768 6418/5767 6365/5769
f 6365/5769 6418/5767 6438/5770
f 3756/5200 5089/5228 6431/5760
f 6431/5760 5089/5228 6437/5766
f 6438/5770 5115/5231 6416/5771
f 6416/5771 5115/5231 3705/5199
f 6343/5728 6270/5656 6365/5769
f 6365/5769 6270/5656 6292/5681
f 6416/5771 6343/5728 6438/5770
f 6438/5770 6343/5728 6365/5769
f 6272/5679 6345/5768 6292/5681
f 6292/5681 6345/5768 6365/5769
f 6366/5772 6403/5718 6293/5682
f 6293/5682 6403/5718 6330/5646
f 6418/5767 3755/5229 6438/5770
f 6438/5770 3755/5229 5115/5231
f 6293/5682 6308/5644 6366/5772
f 6366/5772 6308/5644 6381/5716
f 6440/5773 6415/5743 6367/5774
f 6367/5774 6415/5743 6342/5744
f 6427/5775 4333/5149 6440/5773
f 6440/5773 4333/5149 5142/5148
f 6294/5683 6281/5667 6367/5774
f 6367/5774 6281/5667 6354/5745
f 6367/5774 6354/5745 6440/5773
f 6440/5773 6354/5745 6427/5775
f 6367/5774 6342/5744 6294/5683
f 6294/5683 6342/5744 6269/5666
f 5142/5148 3701/5043 6440/5773
f 6440/5773 3701/5043 6415/5743
f 6296/5684 6315/5685 6369/5776
f 6369/5776 6315/5685 6388/5777
f 6369/5776 6387/5720 6296/5684
f 6296/5684 6387/5720 6314/5648
f 6297/5686 6321/5687 6370/5778
f 6370/5778 6321/5687 6394/5779
f 6370/5778 6388/5777 6297/5686
f 6297/5686 6388/5777 6315/5685
f 6371/5780 6394/5779 6298/5688
f 6298/5688 6394/5779 6321/5687
f 6298/5688 6313/5627 6371/5780
f 6371/5780 6313/5627 6386/5697
f 4613/4613 5360/4612 6433/5781
f 6433/5781 5360/4612 6445/5782
f 6299/5689 6287/5671 6372/5783
f 6372/5783 6287/5671 6360/5751
f 6372/5783 6360/5751 6445/5782
f 6445/5782 6360/5751 6433/5781
f 6446/5784 6441/5785 6373/5786
f 6373/5786 6441/5785 6368/5787
f 3802/5001 5413/5000 6421/5757
f 6421/5757 5413/5000 6446/5784
f 6300/5690 6275/5675 6373/5786
f 6373/5786 6275/5675 6348/5758
f 6373/5786 6348/5758 6446/5784
f 6446/5784 6348/5758 6421/5757
f 6373/5786 6368/5787 6300/5690
f 6300/5690 6368/5787 6295/5691
f 5413/5000 5160/5153 6446/5784
f 6446/5784 5160/5153 6441/5785
f 6301/5693 6295/5691 6374/5788
f 6374/5788 6295/5691 6368/5787
f 6375/5789 6372/5783 6448/5790
f 6448/5790 6372/5783 6445/5782
f 5547/4769 4674/4770 6448/5790
f 6448/5790 4674/4770 6434/5791
f 6375/5789 6361/5752 6302/5694
f 6302/5694 6361/5752 6288/5672
f 6448/5790 6434/5791 6375/5789
f 6375/5789 6434/5791 6361/5752
f 6302/5694 6299/5689 6375/5789
f 6375/5789 6299/5689 6372/5783
f 5360/4612 5547/4769 6445/5782
f 6445/5782 5547/4769 6448/5790
f 6376/5792 6349/5793 6303/5695
f 6303/5695 6349/5793 6276/5696
f 6449/5794 6422/5795 6376/5792
f 6376/5792 6422/5795 6349/5793
f 6303/5695 6337/5673 6376/5792
f 6376/5792 6337/5673 6410/5753
f 5583/5796 3822/5797 6449/5794
f 6449/5794 3822/5797 6422/5795
f 4282/5019 3743/5020 4280/5798
f 4280/5798 3743/5020 3710/5799
f 6452/5800 6425/5801 3710/5799
f 3710/5799 6425/5801 4280/5798
f 6379/5708 6352/5738 6452/5800
f 6452/5800 6352/5738 6425/5801
f 3751/5049 5146/5152 3717/5802
f 3717/5802 5146/5152 5151/5803
f 3717/5802 5151/5803 6454/5804
f 6454/5804 5151/5803 6439/5805
f 6366/5772 6381/5716 6439/5805
f 6439/5805 6381/5716 6454/5804
f 4546/4245 5240/4287 3876/5806
f 3876/5806 5240/4287 5227/5807
f 3876/5806 5227/5807 6459/5808
f 6459/5808 5227/5807 6444/5809
f 3888/5810 5203/5811 4548/4298
f 4548/4298 5203/5811 5236/4299
f 6371/5780 6386/5697 6444/5809
f 6444/5809 6386/5697 6459/5808
f 6460/5812 6442/5813 3888/5810
f 3888/5810 6442/5813 5203/5811
f 5239/4280 4552/4284 5215/5814
f 5215/5814 4552/4284 4191/5815
f 6387/5720 6369/5776 6460/5812
f 6460/5812 6369/5776 6442/5813
f 6369/5776 6388/5777 6442/5813
f 6442/5813 6388/5777 6461/5816
f 4552/4284 5236/4299 4191/5815
f 4191/5815 5236/4299 5203/5811
f 6461/5816 6443/5817 4191/5815
f 4191/5815 6443/5817 5215/5814
f 4191/5815 5203/5811 6461/5816
f 6461/5816 5203/5811 6442/5813
f 6462/5818 6457/5819 4203/5820
f 4203/5820 6457/5819 3852/5821
f 6388/5777 6370/5778 6461/5816
f 6461/5816 6370/5778 6443/5817
f 6386/5697 6389/5698 6459/5808
f 6459/5808 6389/5698 6462/5818
f 4555/4060 4546/4245 4203/5820
f 4203/5820 4546/4245 3876/5806
f 4203/5820 3876/5806 6462/5818
f 6462/5818 3876/5806 6459/5808
f 4542/4061 4555/4060 3852/5821
f 3852/5821 4555/4060 4203/5820
f 6389/5698 6384/5699 6462/5818
f 6462/5818 6384/5699 6457/5819
f 4557/4064 4542/4061 4208/5822
f 4208/5822 4542/4061 3852/5821
f 4208/5822 3852/5821 6463/5823
f 6463/5823 3852/5821 6457/5819
f 6384/5699 6390/5700 6457/5819
f 6457/5819 6390/5700 6463/5823
f 6465/5824 6392/5703 6464/5825
f 6464/5825 6392/5703 6391/5826
f 4543/4074 3859/5827 4560/5341
f 4560/5341 3859/5827 4232/5828
f 3859/5827 6458/5829 4232/5828
f 4232/5828 6458/5829 6465/5824
f 6458/5829 3859/5827 6466/5830
f 6466/5830 3859/5827 4248/5831
f 6458/5829 6385/5702 6465/5824
f 6465/5824 6385/5702 6392/5703
f 6390/5700 6393/5704 6463/5823
f 6463/5823 6393/5704 6466/5830
f 4562/4071 4557/4064 4248/5831
f 4248/5831 4557/4064 4208/5822
f 4248/5831 4208/5822 6466/5830
f 6466/5830 4208/5822 6463/5823
f 3859/5827 4543/4074 4248/5831
f 4248/5831 4543/4074 4562/4071
f 4564/4281 5239/4280 4263/5832
f 4263/5832 5239/4280 5215/5814
f 6393/5704 6385/5702 6466/5830
f 6466/5830 6385/5702 6458/5829
f 6370/5778 6394/5779 6443/5817
f 6443/5817 6394/5779 6467/5833
f 5240/4287 4564/4281 5227/5807
f 5227/5807 4564/4281 4263/5832
f 6467/5833 6444/5809 4263/5832
f 4263/5832 6444/5809 5227/5807
f 4263/5832 5215/5814 6467/5833
f 6467/5833 5215/5814 6443/5817
f 4351/5059 4270/5021 4346/5058
f 4346/5058 4270/5021 4266/5834
f 6394/5779 6371/5780 6467/5833
f 6467/5833 6371/5780 6444/5809
f 6395/5739 6355/5746 6468/5835
f 6468/5835 6355/5746 6428/5749
f 4270/5021 4282/5019 4266/5834
f 4266/5834 4282/5019 4280/5798
f 4266/5834 4280/5798 6468/5835
f 6468/5835 4280/5798 6425/5801
f 6468/5835 6428/5749 4266/5834
f 4266/5834 6428/5749 4346/5058
f 4293/4950 3744/4986 4286/5836
f 4286/5836 3744/4986 3682/4989
f 6352/5738 6395/5739 6425/5801
f 6425/5801 6395/5739 6468/5835
f 6396/5705 6378/5706 6469/5837
f 6469/5837 6378/5706 6451/5838
f 4286/5836 3682/4989 6469/5837
f 6469/5837 3682/4989 6413/5737
f 3745/4951 4293/4950 3690/5839
f 3690/5839 4293/4950 4286/5836
f 6469/5837 6451/5838 4286/5836
f 4286/5836 6451/5838 3690/5839
f 4292/5840 3711/5841 6470/5842
f 6470/5842 3711/5841 6453/5843
f 6413/5737 6340/5726 6469/5837
f 6469/5837 6340/5726 6396/5705
f 6397/5707 6379/5708 6470/5842
f 6470/5842 6379/5708 6452/5800
f 4292/5840 3710/5799 4294/5025
f 4294/5025 3710/5799 3743/5020
f 6470/5842 6452/5800 4292/5840
f 4292/5840 6452/5800 3710/5799
f 4294/5025 3746/5026 4292/5840
f 4292/5840 3746/5026 3711/5841
f 6471/5844 6412/5845 4301/5846
f 4301/5846 6412/5845 3670/5847
f 6380/5709 6397/5707 6453/5843
f 6453/5843 6397/5707 6470/5842
f 6378/5706 6398/5710 6451/5838
f 6451/5838 6398/5710 6471/5844
f 4305/4956 3745/4951 4301/5846
f 4301/5846 3745/4951 3690/5839
f 4301/5846 3690/5839 6471/5844
f 6471/5844 3690/5839 6451/5838
f 3742/4985 4305/4956 3670/5847
f 3670/5847 4305/4956 4301/5846
f 4304/5848 3712/5849 6472/5850
f 6472/5850 3712/5849 6450/5851
f 6398/5710 6339/5724 6471/5844
f 6471/5844 6339/5724 6412/5845
f 6399/5711 6380/5709 6472/5850
f 6472/5850 6380/5709 6453/5843
f 4304/5848 3711/5841 4306/5029
f 4306/5029 3711/5841 3746/5026
f 6472/5850 6453/5843 4304/5848
f 4304/5848 6453/5843 3711/5841
f 4306/5029 3750/5030 4304/5848
f 4304/5848 3750/5030 3712/5849
f 4317/5031 3742/4985 4307/5852
f 4307/5852 3742/4985 3670/5847
f 6377/5712 6399/5711 6450/5851
f 6450/5851 6399/5711 6472/5850
f 6400/5725 6344/5729 6473/5853
f 6473/5853 6344/5729 6417/5741
f 4307/5852 3670/5847 6473/5853
f 6473/5853 3670/5847 6412/5845
f 3753/5032 4317/5031 3726/5045
f 3726/5045 4317/5031 4307/5852
f 6473/5853 6417/5741 4307/5852
f 4307/5852 6417/5741 3726/5045
f 4310/5854 3731/5855 6474/5856
f 6474/5856 3731/5855 6456/5857
f 6339/5724 6400/5725 6412/5845
f 6412/5845 6400/5725 6473/5853
f 6401/5713 6377/5712 6474/5856
f 6474/5856 6377/5712 6450/5851
f 4310/5854 3712/5849 4318/5037
f 4318/5037 3712/5849 3750/5030
f 6474/5856 6450/5851 4310/5854
f 4310/5854 6450/5851 3712/5849
f 4318/5037 3754/5038 4310/5854
f 4310/5854 3754/5038 3731/5855
f 4327/5858 3717/5802 6475/5859
f 6475/5859 3717/5802 6454/5804
f 6383/5714 6401/5713 6456/5857
f 6456/5857 6401/5713 6474/5856
f 6402/5715 6383/5714 6475/5859
f 6475/5859 6383/5714 6456/5857
f 4327/5858 3731/5855 4330/5048
f 4330/5048 3731/5855 3754/5038
f 6475/5859 6456/5857 4327/5858
f 4327/5858 6456/5857 3731/5855
f 4330/5048 3751/5049 4327/5858
f 4327/5858 3751/5049 3717/5802
f 6476/5860 6439/5805 4338/5861
f 4338/5861 6439/5805 5151/5803
f 6381/5716 6402/5715 6454/5804
f 6454/5804 6402/5715 6475/5859
f 6382/5717 6403/5718 6455/5862
f 6455/5862 6403/5718 6476/5860
f 4341/5056 3752/5057 4338/5861
f 4338/5861 3752/5057 3722/5863
f 4338/5861 3722/5863 6476/5860
f 6476/5860 3722/5863 6455/5862
f 5146/5152 4341/5056 5151/5803
f 5151/5803 4341/5056 4338/5861
f 3705/5199 3749/5196 4410/5864
f 4410/5864 3749/5196 4411/5050
f 6403/5718 6366/5772 6476/5860
f 6476/5860 6366/5772 6439/5805
f 6477/5865 6404/5727 6416/5771
f 6416/5771 6404/5727 6343/5728
f 4342/5052 4333/5149 4411/5050
f 4411/5050 4333/5149 4410/5864
f 4333/5149 6427/5775 4410/5864
f 4410/5864 6427/5775 6477/5865
f 6416/5771 3705/5199 6477/5865
f 6477/5865 3705/5199 4410/5864
f 6427/5775 6354/5745 6477/5865
f 6477/5865 6354/5745 6404/5727
f 4902/5097 4896/4615 4711/5866
f 4711/5866 4896/4615 4613/4613
f 4711/5866 4613/4613 6478/5867
f 6478/5867 4613/4613 6433/5781
f 4976/5868 3823/4595 6479/5869
f 6479/5869 3823/4595 6423/5870
f 6360/5751 6405/5722 6433/5781
f 6433/5781 6405/5722 6478/5867
f 6406/5719 6387/5720 6479/5869
f 6479/5869 6387/5720 6460/5812
f 4976/5868 3888/5810 4988/4091
f 4988/4091 3888/5810 4548/4298
f 6479/5869 6460/5812 4976/5868
f 4976/5868 6460/5812 3888/5810
f 4988/4091 4549/4083 4976/5868
f 4976/5868 4549/4083 3823/4595
f 6350/5732 6406/5719 6423/5870
f 6423/5870 6406/5719 6479/5869
f 5093/5871 4599/4113 6481/5872
f 6481/5872 4599/4113 6432/5756
f 6408/5731 6346/5730 6481/5872
f 6481/5872 6346/5730 6419/5873
f 5093/5871 3790/5874 5096/5139
f 5096/5139 3790/5874 3789/5144
f 6481/5872 6419/5873 5093/5871
f 5093/5871 6419/5873 3790/5874
f 5096/5139 4602/4115 5093/5871
f 5093/5871 4602/4115 4599/4113
f 6482/5875 6455/5862 5127/5876
f 5127/5876 6455/5862 3722/5863
f 6359/5750 6408/5731 6432/5756
f 6432/5756 6408/5731 6481/5872
f 6346/5730 6409/5721 6419/5873
f 6419/5873 6409/5721 6482/5875
f 5126/5145 3789/5144 5127/5876
f 5127/5876 3789/5144 3790/5874
f 5127/5876 3790/5874 6482/5875
f 6482/5875 3790/5874 6419/5873
f 3752/5057 5126/5145 3722/5863
f 3722/5863 5126/5145 5127/5876
f 5525/5877 5583/5796 6483/5878
f 6483/5878 5583/5796 6449/5794
f 6409/5721 6382/5717 6482/5875
f 6482/5875 6382/5717 6455/5862
f 6410/5753 6361/5752 6483/5878
f 6483/5878 6361/5752 6434/5791
f 5525/5877 4674/4770 5535/4760
f 5535/4760 4674/4770 4899/4761
f 6483/5878 6434/5791 5525/5877
f 5525/5877 6434/5791 4674/4770
f 5535/4760 5572/4778 5525/5877
f 5525/5877 5572/4778 5583/5796
f 5829/5879 3823/4595 5905/5182
f 5905/5182 3823/4595 4865/4596
f 6376/5792 6410/5753 6449/5794
f 6449/5794 6410/5753 6483/5878
f 6405/5722 6411/5723 6478/5867
f 6478/5867 6411/5723 6484/5880
f 6484/5880 6423/5870 5829/5879
f 5829/5879 6423/5870 3823/4595
f 5905/5182 4902/5097 5829/5879
f 5829/5879 4902/5097 4711/5866
f 5829/5879 4711/5866 6484/5880
f 6484/5880 4711/5866 6478/5867
f 6411/5723 6350/5732 6484/5880
f 6484/5880 6350/5732 6423/5870
f 4228/5881 4236/5346 4218/5882
f 4218/5882 4236/5346 4238/5344
f 4878/5883 4880/5345 4510/5347
f 4218/5882 4238/5344 4878/5883
f 4878/5883 4238/5344 4880/5345
f 4881/5338 4239/5339 4879/5884
f 4879/5884 4239/5339 4219/5885
f 4922/5342 4229/5343 4920/5886
f 4920/5886 4229/5343 4221/5887
f 4510/5347 4922/5342 4878/5883
f 4878/5883 4922/5342 4920/5886
f 4921/5888 4923/5332 4509/5889
f 4509/5889 4923/5332 4511/5333
f 5025/5340 4560/5341 5023/5890
f 5023/5890 4560/5341 4558/5891
f 4239/5339 5025/5340 4219/5885
f 4219/5885 5025/5340 5023/5890
f 5673/5892 4509/5889 5674/5337
f 5674/5337 4509/5889 4511/5333
f 5674/5337 4881/5338 5673/5892
f 5673/5892 4881/5338 4879/5884
f 4217/5893 4237/5335 5750/5894
f 5750/5894 4237/5335 5751/5334
f 5750/5894 5751/5334 4921/5888
f 4921/5888 5751/5334 4923/5332
f 4509/5889 5673/5892 6497/5895
f 6497/5895 5673/5892 6514/5896
f 6515/5897 5750/5894 6507/5898
f 6507/5898 5750/5894 4921/5888
f 1/2316 58/605 4775/5214
f 4775/5214 58/605 4816/4210
f 4775/5214 5952/5213 1/2316
f 1/2316 5952/5213 101/1630
f 3858/4309 4231/5899 5291/4311
f 5291/4311 4231/5899 5306/5900
f 5642/5901 5635/4561 5306/5900
f 5306/5900 5635/4561 5291/4311
f 4231/5899 4223/5902 5306/5900
f 5306/5900 4223/5902 6519/5903
f 4560/5341 4232/5828 4558/5891
f 4558/5891 4232/5828 4224/5904
f 4232/5828 6465/5824 4224/5904
f 4224/5904 6465/5824 6464/5825
f 5635/4561 5642/5901 6011/5307
f 6011/5307 5642/5901 6017/5905
f 6319/5701 6312/5632 6017/5905
f 6017/5905 6312/5632 6011/5307
f 5641/5906 5642/5901 6519/5903
f 6519/5903 5642/5901 5306/5900
f 6521/5907 6017/5905 5641/5906
f 5641/5906 6017/5905 5642/5901
f 6391/5826 6392/5703 6318/5908
f 6318/5908 6392/5703 6319/5701
f 6318/5908 6319/5701 6521/5907
f 6521/5907 6319/5701 6017/5905
f 6464/5825 6391/5826 4224/5904
f 4224/5904 6391/5826 6318/5908
f 4559/5909 4544/4039 5024/5336
f 5024/5336 4544/4039 5003/4065
f 5022/5910 5024/5336 4217/5893
f 4217/5893 5024/5336 4237/5335
f 4233/5911 3861/4037 4559/5909
f 4559/5909 3861/4037 4544/4039
f 4225/5912 4233/5911 6523/5913
f 6523/5913 4233/5911 4559/5909
f 5024/5336 5022/5910 4559/5909
f 4559/5909 5022/5910 6523/5913
f 6507/5898 4921/5888 6497/5895
f 6497/5895 4921/5888 4509/5889
f 5673/5892 4879/5884 6514/5896
f 6514/5896 4879/5884 6505/5914
f 6485/5915 4217/5893 6515/5897
f 6515/5897 4217/5893 5750/5894
f 4879/5884 4219/5885 6505/5914
f 6505/5914 4219/5885 6487/5916
f 6485/5915 6515/5897 6524/5917
f 6524/5917 6515/5897 6507/5898
f 6524/5917 6507/5898 6514/5896
f 6514/5896 6507/5898 6497/5895
f 6514/5896 6505/5914 6524/5917
f 6524/5917 6505/5914 6487/5916
f 5023/5890 4558/5891 6508/5918
f 6508/5918 4558/5891 6499/5919
f 4219/5885 5023/5890 6487/5916
f 6487/5916 5023/5890 6508/5918
f 4217/5893 6485/5915 5022/5910
f 5022/5910 6485/5915 6522/5920
f 6522/5920 6485/5915 6525/5921
f 6525/5921 6485/5915 6524/5917
f 6498/5922 6523/5913 6522/5920
f 6522/5920 6523/5913 5022/5910
f 6524/5917 6487/5916 6525/5921
f 6525/5921 6487/5916 6508/5918
f 6522/5920 6525/5921 6498/5922
f 6498/5922 6525/5921 6526/5923
f 6493/5924 4225/5912 6498/5922
f 6498/5922 4225/5912 6523/5913
f 6318/5908 6521/5907 6516/5925
f 6516/5925 6521/5907 6520/5926
f 4224/5904 6318/5908 6492/5927
f 6492/5927 6318/5908 6516/5925
f 4558/5891 4224/5904 6499/5919
f 6499/5919 4224/5904 6492/5927
f 6526/5923 6525/5921 6499/5919
f 6499/5919 6525/5921 6508/5918
f 6493/5924 6498/5922 6527/5928
f 6527/5928 6498/5922 6526/5923
f 6499/5919 6492/5927 6526/5923
f 6526/5923 6492/5927 6531/5929
f 6530/5930 6527/5928 6531/5929
f 6531/5929 6527/5928 6526/5923
f 6492/5927 6516/5925 6531/5929
f 6531/5929 6516/5925 6530/5930
f 5219/5931 5351/5932 3868/5933
f 3868/5933 5351/5932 5293/5934
f 5350/5935 5207/5936 5300/5937
f 5300/5937 5207/5936 4183/5938
f 5301/5939 5293/5934 6537/5940
f 6537/5940 5293/5934 6534/5941
f 4194/4047 3843/4048 6537/5940
f 6537/5940 3843/4048 6532/5942
f 5289/5943 3844/5944 5301/5939
f 5301/5939 3844/5944 4195/5945
f 6537/5940 6532/5942 5301/5939
f 5301/5939 6532/5942 5289/5943
f 3868/5933 5293/5934 4195/5945
f 4195/5945 5293/5934 5301/5939
f 3867/4240 4194/4047 6534/5941
f 6534/5941 4194/4047 6537/5940
f 3844/5944 5289/5943 4210/5946
f 4210/5946 5289/5943 5303/5947
f 5303/5947 5289/5943 6538/5948
f 6538/5948 5289/5943 6532/5942
f 3843/4048 4209/4049 6532/5942
f 6532/5942 4209/4049 6538/5948
f 5307/5949 5292/5950 6540/5951
f 6540/5951 5292/5950 6533/5952
f 3861/4037 4233/5911 6533/5952
f 6533/5952 4233/5911 6540/5951
f 3862/5953 5292/5950 4234/5954
f 4234/5954 5292/5950 5307/5949
f 5305/5955 4226/5956 5307/5949
f 5307/5949 4226/5956 4234/5954
f 6540/5951 6539/5957 5307/5949
f 5307/5949 6539/5957 5305/5955
f 5309/5958 5303/5947 6541/5959
f 6541/5959 5303/5947 6538/5948
f 4233/5911 4225/5912 6540/5951
f 6540/5951 4225/5912 6539/5957
f 4249/4038 3861/4037 6541/5959
f 6541/5959 3861/4037 6533/5952
f 5292/5950 3862/5953 5309/5958
f 5309/5958 3862/5953 4250/5960
f 6541/5959 6533/5952 5309/5958
f 5309/5958 6533/5952 5292/5950
f 4210/5946 5303/5947 4250/5960
f 4250/5960 5303/5947 5309/5958
f 5351/5932 5219/5931 5310/5961
f 5310/5961 5219/5931 4255/5962
f 4209/4049 4249/4038 6538/5948
f 6538/5948 4249/4038 6541/5959
f 5207/5936 5350/5935 4255/5962
f 4255/5962 5350/5935 5310/5961
f 3921/4863 5297/5963 4722/5964
f 4722/5964 5297/5963 5334/5965
f 36/412 4796/4042 105/2385
f 105/2385 4796/4042 6545/5966
f 37/778 91/2387 4797/4375
f 4797/4375 91/2387 5336/5967
f 91/2387 105/2385 5336/5967
f 5336/5967 105/2385 6545/5966
f 5298/5968 4178/4376 5336/5967
f 5336/5967 4178/4376 4797/4375
f 4178/4376 5298/5968 4852/4389
f 4852/4389 5298/5968 5337/5969
f 4948/4686 4502/4685 5338/5970
f 5338/5970 4502/4685 5330/5971
f 5338/5970 5330/5971 6547/5972
f 6547/5972 5330/5971 6543/5973
f 6548/5974 6536/5975 5355/5976
f 5355/5976 6536/5975 5300/5937
f 4501/4675 4915/4806 6543/5973
f 6543/5973 4915/4806 6547/5972
f 5194/4242 4182/4241 6548/5974
f 6548/5974 4182/4241 6536/5975
f 3880/5977 5295/5978 5195/5979
f 5195/5979 5295/5978 5355/5976
f 5355/5976 5295/5978 6548/5974
f 6548/5974 5295/5978 6535/5980
f 5300/5937 4183/5938 5355/5976
f 5355/5976 4183/5938 5195/5979
f 3879/5012 5194/4242 6535/5980
f 6535/5980 5194/4242 6548/5974
f 4551/4880 4756/5016 3922/5981
f 3922/5981 4756/5016 4721/5015
f 3922/5981 4721/5015 6549/5982
f 6549/5982 4721/5015 6544/5983
f 3922/5981 5748/4808 4551/4880
f 4551/4880 5748/4808 5760/4809
f 4829/4041 4550/4080 4796/4042
f 4796/4042 4550/4080 4177/5984
f 5334/5965 5297/5963 6544/5983
f 6544/5983 5297/5963 6549/5982
f 6550/5985 5298/5968 6545/5966
f 6545/5966 5298/5968 5336/5967
f 4550/4080 4894/4680 4177/5984
f 4177/5984 4894/4680 4873/4679
f 6550/5985 6545/5966 4177/5984
f 4177/5984 6545/5966 4796/4042
f 4177/5984 4873/4679 6550/5985
f 6550/5985 4873/4679 6546/5986
f 5206/5987 4182/4241 5238/4292
f 5238/4292 4182/4241 4553/4243
f 5337/5969 5298/5968 6546/5986
f 6546/5986 5298/5968 6550/5985
f 5310/5961 5350/5935 6542/5988
f 6542/5988 5350/5935 6551/5989
f 6551/5989 6536/5975 5206/5987
f 5206/5987 6536/5975 4182/4241
f 5238/4292 4563/4271 5206/5987
f 5206/5987 4563/4271 4254/5990
f 5206/5987 4254/5990 6551/5989
f 6551/5989 4254/5990 6542/5988
f 5218/5991 4254/5990 5235/4268
f 5235/4268 4254/5990 4563/4271
f 5350/5935 5300/5937 6551/5989
f 6551/5989 5300/5937 6536/5975
f 5293/5934 5351/5932 6534/5941
f 6534/5941 5351/5932 6552/5992
f 6552/5992 6542/5988 5218/5991
f 5218/5991 6542/5988 4254/5990
f 5235/4268 4545/4239 5218/5991
f 5218/5991 4545/4239 3867/4240
f 5218/5991 3867/4240 6552/5992
f 6552/5992 3867/4240 6534/5941
f 5731/5993 5337/5969 6553/5994
f 6553/5994 5337/5969 6546/5986
f 5351/5932 5310/5961 6552/5992
f 6552/5992 5310/5961 6542/5988
f 4873/4679 5671/4676 6546/5986
f 6546/5986 5671/4676 6553/5994
f 5731/5993 5330/5971 5697/4689
f 5697/4689 5330/5971 4502/4685
f 6553/5994 6543/5973 5731/5993
f 5731/5993 6543/5973 5330/5971
f 5697/4689 4852/4389 5731/5993
f 5731/5993 4852/4389 5337/5969
f 6554/5995 6549/5982 5808/5996
f 5808/5996 6549/5982 5297/5963
f 5671/4676 4501/4675 6553/5994
f 6553/5994 4501/4675 6543/5973
f 4915/4806 5748/4808 6547/5972
f 6547/5972 5748/4808 6554/5995
f 5778/4862 4948/4686 5808/5996
f 5808/5996 4948/4686 5338/5970
f 5808/5996 5338/5970 6554/5995
f 6554/5995 5338/5970 6547/5972
f 3921/4863 5778/4862 5297/5963
f 5297/5963 5778/4862 5808/5996
f 5924/5997 5334/5965 6555/5998
f 6555/5998 5334/5965 6544/5983
f 5748/4808 3922/5981 6554/5995
f 6554/5995 3922/5981 6549/5982
f 5879/5014 3879/5012 6555/5998
f 6555/5998 3879/5012 6535/5980
f 5295/5978 3880/5977 5924/5997
f 5924/5997 3880/5977 5833/5999
f 6555/5998 6535/5980 5924/5997
f 5924/5997 6535/5980 5295/5978
f 5924/5997 5833/5999 5334/5965
f 5334/5965 5833/5999 4722/5964
f 4721/5015 5879/5014 6544/5983
f 6544/5983 5879/5014 6555/5998
f 5305/5955 6539/5957 6509/6000
f 6509/6000 6539/5957 6556/6001
f 4225/5912 6493/5924 6539/5957
f 6539/5957 6493/5924 6556/6001
f 6556/6001 6493/5924 6557/6002
f 6557/6002 6493/5924 6527/5928
f 6527/5928 6530/5930 6557/6002
f 6557/6002 6530/5930 6529/6003
f 6516/5925 6520/5926 6530/5930
f 6530/5930 6520/5926 6529/6003
f 6521/5907 5641/5906 6520/5926
f 6520/5926 5641/5906 6513/6004
f 6529/6003 6558/6005 6557/6002
f 6557/6002 6558/6005 6528/6006
f 6509/6000 6556/6001 6528/6006
f 6528/6006 6556/6001 6557/6002
f 6510/6007 6513/6004 6519/5903
f 6519/5903 6513/6004 5641/5906
f 6558/6005 6529/6003 6513/6004
f 6513/6004 6529/6003 6520/5926
f 4226/5956 5305/5955 6494/6008
f 6494/6008 5305/5955 6509/6000
f 6494/6008 6509/6000 6559/6009
f 6559/6009 6509/6000 6528/6006
f 4581/6010 6567/6011 4585/6012
f 4585/6012 6567/6011 6572/6013
f 6572/6013 4195/5945 6565/6014
f 6565/6014 4195/5945 3844/5944
f 6565/6014 4577/6015 6572/6013
f 6572/6013 4577/6015 4585/6012
f 6567/6011 3868/5933 6572/6013
f 6572/6013 3868/5933 4195/5945
f 4577/6015 6565/6014 4587/6016
f 4587/6016 6565/6014 6573/6017
f 6565/6014 3844/5944 6573/6017
f 6573/6017 3844/5944 4210/5946
f 4580/6018 6566/6019 4592/6020
f 4592/6020 6566/6019 6575/6021
f 6566/6019 3862/5953 6575/6021
f 6575/6021 3862/5953 4234/5954
f 6574/6022 4589/6023 6575/6021
f 6575/6021 4589/6023 4592/6020
f 4587/6016 6573/6017 4594/6024
f 4594/6024 6573/6017 6576/6025
f 6575/6021 4234/5954 6574/6022
f 6574/6022 4234/5954 4226/5956
f 6576/6025 4250/5960 6566/6019
f 6566/6019 4250/5960 3862/5953
f 6566/6019 4580/6018 6576/6025
f 6576/6025 4580/6018 4594/6024
f 6573/6017 4210/5946 6576/6025
f 6576/6025 4210/5946 4250/5960
f 6581/6026 4661/4864 6578/6027
f 6578/6027 4661/4864 3921/4863
f 3921/4863 4722/5964 6578/6027
f 6578/6027 4722/5964 6582/6028
f 5177/6029 5804/4912 5396/4913
f 5396/4913 5804/4912 5811/4910
f 6567/6011 4581/6010 6584/6030
f 6584/6030 4581/6010 5244/6031
f 6584/6030 5219/5931 6567/6011
f 6567/6011 5219/5931 3868/5933
f 4595/6032 6577/6033 5244/6031
f 5244/6031 6577/6033 6584/6030
f 6577/6033 4255/5962 6584/6030
f 6584/6030 4255/5962 5219/5931
f 6585/6034 5207/5936 6577/6033
f 6577/6033 5207/5936 4255/5962
f 6571/6035 4584/6036 6586/6037
f 6586/6037 4584/6036 5243/6038
f 6571/6035 4183/5938 6585/6034
f 6585/6034 4183/5938 5207/5936
f 6586/6037 5195/5979 6571/6035
f 6571/6035 5195/5979 4183/5938
f 4583/6039 6568/6040 5243/6038
f 5243/6038 6568/6040 6586/6037
f 6568/6040 3880/5977 6586/6037
f 6586/6037 3880/5977 5195/5979
f 6583/6041 5177/6029 6588/6042
f 6588/6042 5177/6029 5396/4913
f 6581/6026 4665/6043 6588/6042
f 6588/6042 4665/6043 5399/6044
f 6588/6042 5396/4913 6581/6026
f 6581/6026 5396/4913 4661/4864
f 6582/6028 4722/5964 6589/6045
f 6589/6045 4722/5964 5833/5999
f 6568/6040 4583/6039 6589/6045
f 6589/6045 4583/6039 5851/6046
f 6589/6045 5833/5999 6568/6040
f 6568/6040 5833/5999 3880/5977
f 4589/6023 6574/6022 6500/6047
f 6500/6047 6574/6022 6591/6048
f 6574/6022 4226/5956 6591/6048
f 6591/6048 4226/5956 6494/6008
f 6513/6004 6510/6007 6558/6005
f 6558/6005 6510/6007 6564/6049
f 6559/6009 6528/6006 6564/6049
f 6564/6049 6528/6006 6558/6005
f 6519/5903 4223/5902 6510/6007
f 6510/6007 4223/5902 6491/6050
f 6592/6051 6559/6009 6593/6052
f 6593/6052 6559/6009 6564/6049
f 6591/6048 6494/6008 6592/6051
f 6592/6051 6494/6008 6559/6009
f 6593/6052 6564/6049 6491/6050
f 6491/6050 6564/6049 6510/6007
f 6500/6047 6591/6048 6560/6053
f 6560/6053 6591/6048 6592/6051
f 6560/6053 6592/6051 6594/6054
f 6594/6054 6592/6051 6593/6052
f 6594/6054 6593/6052 6501/6055
f 6501/6055 6593/6052 6491/6050
f 6496/6056 4228/5881 6486/6057
f 6486/6057 4228/5881 4218/5882
f 6486/6057 4218/5882 6504/6058
f 6504/6058 4218/5882 4878/5883
f 4920/5886 4221/5887 6506/6059
f 6506/6059 4221/5887 6489/6060
f 4878/5883 4920/5886 6504/6058
f 6504/6058 4920/5886 6506/6059
f 6506/6059 6489/6060 6600/6061
f 6600/6061 6489/6060 6601/6062
f 6600/6061 6504/6058 6506/6059
f 6496/6056 6486/6057 6600/6061
f 6600/6061 6486/6057 6504/6058
f 5449/6063 5467/4432 3834/4412
f 3834/4412 5467/4432 3835/4351
f 5462/6064 5449/6063 4357/4411
f 4357/4411 5449/6063 3834/4412
f 4357/4411 3837/4413 5462/6064
f 5462/6064 3837/4413 5450/6065
f 6607/6066 6602/6067 5462/6064
f 5462/6064 6602/6067 5449/6063
f 4354/6068 3827/6069 6607/6066
f 6607/6066 3827/6069 6602/6067
f 5463/6070 5450/6065 4416/4414
f 4416/4414 5450/6065 3837/4413
f 3897/6071 3895/4396 4656/6072
f 4656/6072 3895/4396 4657/4395
f 4172/6073 6606/6074 3928/6075
f 3928/6075 6606/6074 6616/6076
f 5209/6077 5210/4263 4185/6078
f 4185/6078 5210/4263 4186/4266
f 6609/6079 3846/6080 6618/6081
f 6618/6081 3846/6080 4197/6082
f 3871/4258 3870/6083 4198/4022
f 4198/4022 3870/6083 4197/6082
f 3870/6083 6612/6084 4197/6082
f 4197/6082 6612/6084 6618/6081
f 3846/6080 3847/4020 4197/6082
f 4197/6082 3847/4020 4198/4022
f 4216/6085 4205/4018 3846/6080
f 3846/6080 4205/4018 3847/4020
f 3846/6080 6609/6079 4216/6085
f 4216/6085 6609/6079 6619/6086
f 6488/6087 6489/6060 4220/6088
f 4220/6088 6489/6060 4221/5887
f 5465/6089 5464/6090 4236/5346
f 4236/5346 5464/6090 3865/4416
f 3864/6091 6610/6092 4240/6093
f 4240/6093 6610/6092 6622/6094
f 4236/5346 4228/5881 5465/6089
f 5465/6089 4228/5881 5460/6095
f 6621/6096 6611/6097 5465/6089
f 5465/6089 6611/6097 5464/6090
f 4639/6098 4620/6099 6621/6096
f 6621/6096 4620/6099 6611/6097
f 4220/6088 4221/5887 4240/6093
f 4240/6093 4221/5887 4229/5343
f 6620/6100 4220/6088 6622/6094
f 6622/6094 4220/6088 4240/6093
f 4240/6093 4229/5343 3864/6091
f 3864/6091 4229/5343 3855/4016
f 4216/6085 6619/6086 4244/6101
f 4244/6101 6619/6086 6624/6102
f 4252/4415 3865/4416 5466/6103
f 5466/6103 3865/4416 5464/6090
f 5466/6103 5464/6090 6623/6104
f 6623/6104 5464/6090 6611/6097
f 5466/6103 5459/4410 4252/4415
f 4252/4415 5459/4410 4212/3997
f 4620/6099 4641/6105 6611/6097
f 6611/6097 4641/6105 6623/6104
f 3864/6091 3855/4016 4244/6101
f 4244/6101 3855/4016 4245/4015
f 6610/6092 3864/6091 6624/6102
f 6624/6102 3864/6091 4244/6101
f 4244/6101 4245/4015 4216/6085
f 4216/6085 4245/4015 4205/4018
f 4257/6106 4258/4262 5209/6077
f 5209/6077 4258/4262 5210/4263
f 4645/6107 4415/6108 6626/6109
f 6626/6109 4415/6108 6608/6110
f 5468/6111 5463/6070 4654/4506
f 4654/4506 5463/6070 4416/4414
f 6626/6109 6608/6110 5468/6111
f 5468/6111 6608/6110 5463/6070
f 4655/4417 4765/4420 5469/6112
f 5469/6112 4765/4420 5471/5168
f 5469/6112 5477/6113 4655/4417
f 4655/4417 5477/6113 5364/4418
f 6614/6114 3897/6071 6628/6115
f 6628/6115 3897/6071 4656/6072
f 3895/4396 3897/6071 4717/4946
f 4717/4946 3897/6071 4719/6116
f 3897/6071 6614/6114 4719/6116
f 4719/6116 6614/6114 6630/6117
f 6612/6084 3870/6083 6632/6118
f 6632/6118 3870/6083 5221/6119
f 4258/4262 4257/6106 5222/4259
f 5222/4259 4257/6106 5221/6119
f 4257/6106 6625/6120 5221/6119
f 5221/6119 6625/6120 6632/6118
f 3870/6083 3871/4258 5221/6119
f 5221/6119 3871/4258 5222/4259
f 6625/6120 4257/6106 6633/6121
f 6633/6121 4257/6106 5209/6077
f 6617/6122 4185/6078 6634/6123
f 6634/6123 4185/6078 5197/6124
f 6633/6121 5209/6077 6617/6122
f 6617/6122 5209/6077 4185/6078
f 3883/5103 3882/6125 5198/4267
f 5198/4267 3882/6125 5197/6124
f 3882/6125 6613/6126 5197/6124
f 5197/6124 6613/6126 6634/6123
f 4185/6078 4186/4266 5197/6124
f 5197/6124 4186/4266 5198/4267
f 5169/4393 5168/6127 5422/4394
f 5422/4394 5168/6127 5421/6128
f 5165/4346 5473/4430 5418/4433
f 5418/4433 5473/4430 5479/6129
f 5168/6127 6631/6130 5421/6128
f 5421/6128 6631/6130 6636/6131
f 4656/6072 4657/4395 5421/6128
f 5421/6128 4657/4395 5422/4394
f 6628/6115 4656/6072 6636/6131
f 6636/6131 4656/6072 5421/6128
f 5450/6065 5463/6070 6638/6132
f 6638/6132 5463/6070 6608/6110
f 3826/6133 4354/6068 6638/6132
f 6638/6132 4354/6068 6607/6066
f 6638/6132 6608/6110 3826/6133
f 3826/6133 6608/6110 4415/6108
f 5462/6064 5450/6065 6607/6066
f 6607/6066 5450/6065 6638/6132
f 4634/6134 4622/6135 6645/6136
f 6645/6136 4622/6135 6640/6137
f 5452/4409 5458/4407 6640/6137
f 6640/6137 5458/4407 6645/6136
f 4634/6134 4618/6138 5495/6139
f 5495/6139 4618/6138 5490/6140
f 6645/6136 6639/6141 4634/6134
f 4634/6134 6639/6141 4618/6138
f 5495/6139 5491/6142 4634/6134
f 4634/6134 5491/6142 4622/6135
f 5458/4407 5451/4408 6645/6136
f 6645/6136 5451/4408 6639/6141
f 5459/4410 5466/6103 6646/6143
f 6646/6143 5466/6103 6623/6104
f 5496/6144 5490/6140 4636/6145
f 4636/6145 5490/6140 4618/6138
f 4636/6145 4618/6138 6646/6143
f 6646/6143 4618/6138 6639/6141
f 6646/6143 6623/6104 4636/6145
f 4636/6145 6623/6104 4641/6105
f 5451/4408 5459/4410 6639/6141
f 6639/6141 5459/4410 6646/6143
f 4638/6146 4639/6098 6647/6147
f 6647/6147 4639/6098 6621/6096
f 5465/6089 5460/6095 6621/6096
f 6621/6096 5460/6095 6647/6147
f 3833/6148 3827/6069 5483/6149
f 5483/6149 3827/6069 5481/6150
f 6649/6151 6602/6067 3833/6148
f 3833/6148 6602/6067 3827/6069
f 5467/4432 5449/6063 6649/6151
f 6649/6151 5449/6063 6602/6067
f 4764/6152 3841/6153 6650/6154
f 6650/6154 3841/6153 6627/6155
f 4990/6156 4625/6157 6651/6158
f 6651/6158 4625/6157 6642/6159
f 5469/6112 5471/5168 6627/6155
f 6627/6155 5471/5168 6650/6154
f 5472/4423 5453/4424 6651/6158
f 6651/6158 5453/4424 6641/6160
f 4990/6156 4624/6161 5504/6162
f 5504/6162 4624/6161 5492/6163
f 6651/6158 6641/6160 4990/6156
f 4990/6156 6641/6160 4624/6161
f 5504/6162 5493/6164 4990/6156
f 4990/6156 5493/6164 4625/6157
f 5454/5166 5472/4423 6642/6159
f 6642/6159 5472/4423 6651/6158
f 6653/6165 6644/6166 5247/6167
f 5247/6167 6644/6166 4631/6168
f 5453/4424 5474/4425 6641/6160
f 6641/6160 5474/4425 6653/6165
f 5247/6167 4624/6161 6653/6165
f 6653/6165 4624/6161 6641/6160
f 6654/6169 6640/6137 5249/6170
f 5249/6170 6640/6137 4622/6135
f 5474/4425 5457/4426 6653/6165
f 6653/6165 5457/4426 6644/6166
f 5461/4428 5475/4427 6648/6171
f 6648/6171 5475/4427 6654/6169
f 6655/6172 6648/6171 5248/6173
f 5248/6173 6648/6171 4644/6174
f 5507/6175 5498/6176 5249/6170
f 5249/6170 5498/6176 4644/6174
f 5249/6170 4644/6174 6654/6169
f 6654/6169 4644/6174 6648/6171
f 5491/6142 5507/6175 4622/6135
f 4622/6135 5507/6175 5249/6170
f 5475/4427 5452/4409 6654/6169
f 6654/6169 5452/4409 6640/6137
f 5457/4426 5476/4429 6644/6166
f 6644/6166 5476/4429 6655/6172
f 5248/6173 4631/6168 6655/6172
f 6655/6172 4631/6168 6644/6166
f 5476/4429 5461/4428 6655/6172
f 6655/6172 5461/4428 6648/6171
f 6656/6177 6627/6155 5369/6178
f 5369/6178 6627/6155 3841/6153
f 5164/6179 6652/6180 5383/6181
f 5383/6181 6652/6180 6657/6182
f 5477/6113 5469/6112 6656/6177
f 6656/6177 5469/6112 6627/6155
f 6652/6180 5473/4430 6657/6182
f 6657/6182 5473/4430 5478/4431
f 3833/6148 5483/6149 5383/6181
f 5383/6181 5483/6149 5511/6183
f 6649/6151 3833/6148 6657/6182
f 6657/6182 3833/6148 5383/6181
f 5383/6181 5511/6183 5164/6179
f 5164/6179 5511/6183 5505/6184
f 6657/6182 5478/4431 6649/6151
f 6649/6151 5478/4431 5467/4432
f 5531/4457 4680/4456 5563/6185
f 5563/6185 4680/4456 5470/6186
f 5563/6185 5470/6186 6658/6187
f 6658/6187 5470/6186 6629/6188
f 5564/6189 5477/6113 6659/6190
f 6659/6190 5477/6113 6656/6177
f 4679/6191 5518/6192 6629/6188
f 6629/6188 5518/6192 6658/6187
f 5369/6178 5530/6193 6656/6177
f 6656/6177 5530/6193 6659/6190
f 5564/6189 5470/6186 5551/4455
f 5551/4455 5470/6186 4680/4456
f 6659/6190 6629/6188 5564/6189
f 5564/6189 6629/6188 5470/6186
f 5551/4455 5364/4418 5564/6189
f 5564/6189 5364/4418 5477/6113
f 6660/6194 6626/6109 5593/6195
f 5593/6195 6626/6109 5468/6111
f 5530/6193 4679/6191 6659/6190
f 6659/6190 4679/6191 6629/6188
f 5518/6192 5571/6196 6658/6187
f 6658/6187 5571/6196 6660/6194
f 5587/4507 5531/4457 5593/6195
f 5593/6195 5531/4457 5563/6185
f 5593/6195 5563/6185 6660/6194
f 6660/6194 5563/6185 6658/6187
f 4654/4506 5587/4507 5468/6111
f 5468/6111 5587/4507 5593/6195
f 6613/6126 3882/6125 6661/6197
f 6661/6197 3882/6125 5878/6198
f 5571/6196 4645/6107 6660/6194
f 6660/6194 4645/6107 6626/6109
f 5854/6199 4764/6152 6662/6200
f 6662/6200 4764/6152 6650/6154
f 4717/4946 4719/6116 5831/5104
f 5831/5104 4719/6116 5878/6198
f 4719/6116 6630/6117 5878/6198
f 5878/6198 6630/6117 6661/6197
f 3882/6125 3883/5103 5878/6198
f 5878/6198 3883/5103 5831/5104
f 5929/5167 5454/5166 6662/6200
f 6662/6200 5454/5166 6642/6159
f 6662/6200 6642/6159 5854/6199
f 5854/6199 6642/6159 4625/6157
f 5471/5168 5929/5167 6650/6154
f 6650/6154 5929/5167 6662/6200
f 6606/6074 4172/6073 6663/6201
f 6663/6201 4172/6073 6167/6202
f 4630/6203 6606/6074 6213/6204
f 6213/6204 6606/6074 6663/6201
f 6663/6201 6167/6202 6615/6205
f 6615/6205 6167/6202 3927/6206
f 6664/6207 6488/6087 6620/6100
f 6620/6100 6488/6087 4220/6088
f 6511/6208 5460/6095 6496/6056
f 6496/6056 5460/6095 4228/5881
f 6665/6209 6647/6147 6511/6208
f 6511/6208 6647/6147 5460/6095
f 6503/6210 4638/6146 6665/6209
f 6665/6209 4638/6146 6647/6147
f 6489/6060 6488/6087 6601/6062
f 6601/6062 6488/6087 6598/6211
f 6488/6087 6664/6207 6598/6211
f 6598/6211 6664/6207 6666/6212
f 6667/6213 6665/6209 6599/6214
f 6599/6214 6665/6209 6511/6208
f 6600/6061 6601/6062 6599/6214
f 6599/6214 6601/6062 6598/6211
f 6599/6214 6598/6211 6667/6213
f 6667/6213 6598/6211 6666/6212
f 6599/6214 6511/6208 6600/6061
f 6600/6061 6511/6208 6496/6056
f 6663/6201 6615/6205 6213/6204
f 6213/6204 6615/6205 4627/6215
f 6606/6074 4630/6203 6616/6076
f 6616/6076 4630/6203 4629/6216
f 6669/6217 4617/6218 6678/6219
f 6678/6219 4617/6218 4633/6220
f 6612/6084 4621/6221 6618/6081
f 6618/6081 4621/6221 4633/6220
f 4621/6221 6672/6222 4633/6220
f 4633/6220 6672/6222 6678/6219
f 4617/6218 6609/6079 4633/6220
f 4633/6220 6609/6079 6618/6081
f 6609/6079 4617/6218 6619/6086
f 6619/6086 4617/6218 4635/6223
f 4617/6218 6669/6217 4635/6223
f 4635/6223 6669/6217 6679/6224
f 5487/6225 5485/6226 4639/6098
f 4639/6098 5485/6226 4620/6099
f 4640/6227 4619/6228 6682/6229
f 6682/6229 4619/6228 6670/6230
f 4639/6098 4638/6146 5487/6225
f 5487/6225 4638/6146 5497/6231
f 6681/6232 6671/6233 5487/6225
f 5487/6225 6671/6233 5485/6226
f 4230/6234 3857/6235 6681/6232
f 6681/6232 3857/6235 6671/6233
f 4637/6236 6620/6100 4640/6227
f 4640/6227 6620/6100 6622/6094
f 6682/6229 6680/6237 4640/6227
f 4640/6227 6680/6237 4637/6236
f 6610/6092 4619/6228 6622/6094
f 6622/6094 4619/6228 4640/6227
f 6670/6230 4619/6228 6684/6238
f 6684/6238 4619/6228 4642/6239
f 4641/6105 4620/6099 5488/6240
f 5488/6240 4620/6099 5485/6226
f 5488/6240 5485/6226 6683/6241
f 6683/6241 5485/6226 6671/6233
f 5488/6240 5496/6144 4641/6105
f 4641/6105 5496/6144 4636/6145
f 3857/6235 4246/6242 6671/6233
f 6671/6233 4246/6242 6683/6241
f 6619/6086 4635/6223 6624/6102
f 6624/6102 4635/6223 4642/6239
f 4635/6223 6679/6224 4642/6239
f 4642/6239 6679/6224 6684/6238
f 4619/6228 6610/6092 4642/6239
f 4642/6239 6610/6092 6624/6102
f 4354/6068 3826/6133 5500/6243
f 5500/6243 3826/6133 5482/6244
f 5500/6243 5481/6150 4354/6068
f 4354/6068 5481/6150 3827/6069
f 4415/6108 4645/6107 5501/6245
f 5501/6245 4645/6107 5484/6246
f 5501/6245 5484/6246 6691/6247
f 6691/6247 5484/6246 6668/6248
f 5501/6245 5482/6244 4415/6108
f 4415/6108 5482/6244 3826/6133
f 4626/6249 6614/6114 4666/6250
f 4666/6250 6614/6114 6628/6115
f 6674/6251 4626/6249 6692/6252
f 6692/6252 4626/6249 4666/6250
f 4763/6253 6630/6117 4626/6249
f 4626/6249 6630/6117 6614/6114
f 4626/6249 6674/6251 4763/6253
f 4763/6253 6674/6251 6694/6254
f 6674/6251 3920/6255 6694/6254
f 6694/6254 3920/6255 4720/6256
f 5503/6257 5489/6258 4764/6152
f 4764/6152 5489/6258 3841/6153
f 6695/6259 6686/6260 5503/6257
f 5503/6257 6686/6260 5489/6258
f 5247/6167 4631/6168 5506/6261
f 5506/6261 4631/6168 5494/6262
f 6677/6263 4632/6264 6698/6265
f 6698/6265 4632/6264 5250/6266
f 5506/6261 5492/6163 5247/6167
f 5247/6167 5492/6163 4624/6161
f 6613/6126 4623/6267 6634/6123
f 6634/6123 4623/6267 5250/6266
f 4623/6267 6673/6268 5250/6266
f 5250/6266 6673/6268 6698/6265
f 4632/6264 6617/6122 5250/6266
f 5250/6266 6617/6122 6634/6123
f 4643/6269 6685/6270 5252/6271
f 5252/6271 6685/6270 6699/6272
f 6685/6270 4643/6269 6700/6273
f 6700/6273 4643/6269 5251/6274
f 4621/6221 6612/6084 5252/6271
f 5252/6271 6612/6084 6632/6118
f 6672/6222 4621/6221 6699/6272
f 6699/6272 4621/6221 5252/6271
f 5252/6271 6632/6118 4643/6269
f 4643/6269 6632/6118 6625/6120
f 6617/6122 4632/6264 6633/6121
f 6633/6121 4632/6264 5251/6274
f 4632/6264 6677/6263 5251/6274
f 5251/6274 6677/6263 6700/6273
f 4643/6269 6625/6120 5251/6274
f 5251/6274 6625/6120 6633/6121
f 5248/6173 4644/6174 5508/6275
f 5508/6275 4644/6174 5498/6176
f 5508/6275 5494/6262 5248/6173
f 5248/6173 5494/6262 4631/6168
f 5369/6178 3841/6153 5509/6276
f 5509/6276 3841/6153 5489/6258
f 5509/6276 5489/6258 6702/6277
f 6702/6277 5489/6258 6686/6260
f 5181/6278 6696/6279 5400/6280
f 5400/6280 6696/6279 6704/6281
f 5181/6278 6631/6130 5433/6282
f 5433/6282 6631/6130 6637/6283
f 4666/6250 6628/6115 5400/6280
f 5400/6280 6628/6115 6636/6131
f 6692/6252 4666/6250 6704/6281
f 6704/6281 4666/6250 5400/6280
f 5400/6280 6636/6131 5181/6278
f 5181/6278 6636/6131 6631/6130
f 5481/6150 5500/6243 6706/6284
f 6706/6284 5500/6243 6690/6285
f 5500/6243 5482/6244 6690/6285
f 6690/6285 5482/6244 6707/6286
f 5482/6244 5501/6245 6707/6286
f 6707/6286 5501/6245 6691/6247
f 6706/6284 4648/6287 6708/6288
f 6708/6288 4648/6287 4650/6289
f 6708/6288 5483/6149 6706/6284
f 6706/6284 5483/6149 5481/6150
f 6711/6290 6697/6291 3886/6292
f 3886/6292 6697/6291 5201/6293
f 5492/6163 5506/6261 6711/6290
f 6711/6290 5506/6261 6697/6291
f 5506/6261 5494/6262 6697/6291
f 6697/6291 5494/6262 6713/6294
f 4189/6295 5201/6293 6713/6294
f 6713/6294 5201/6293 6697/6291
f 6714/6296 6709/6297 4201/6298
f 4201/6298 6709/6297 3850/6299
f 5494/6262 5508/6275 6713/6294
f 6713/6294 5508/6275 6701/6300
f 5491/6142 5495/6139 6710/6301
f 6710/6301 5495/6139 6714/6296
f 4201/6298 3874/6302 6714/6296
f 6714/6296 3874/6302 6710/6301
f 6715/6303 6683/6241 4206/6304
f 4206/6304 6683/6241 4246/6242
f 5495/6139 5490/6140 6714/6296
f 6714/6296 5490/6140 6709/6297
f 5496/6144 5488/6240 6715/6303
f 6715/6303 5488/6240 6683/6241
f 4206/6304 3850/6299 6715/6303
f 6715/6303 3850/6299 6709/6297
f 5490/6140 5496/6144 6709/6297
f 6709/6297 5496/6144 6715/6303
f 4222/6305 4230/6234 6716/6306
f 6716/6306 4230/6234 6681/6232
f 5487/6225 5497/6231 6681/6232
f 6681/6232 5497/6231 6716/6306
f 4978/6307 3840/6308 6718/6309
f 6718/6309 3840/6308 6712/6310
f 5508/6275 5498/6176 6701/6300
f 6701/6300 5498/6176 6717/6311
f 5493/6164 5504/6162 6712/6310
f 6712/6310 5504/6162 6718/6309
f 6718/6309 6711/6290 4978/6307
f 4978/6307 6711/6290 3886/6292
f 5504/6162 5492/6163 6718/6309
f 6718/6309 5492/6163 6711/6290
f 5507/6175 5491/6142 6720/6312
f 6720/6312 5491/6142 6710/6301
f 5498/6176 5507/6175 6717/6311
f 6717/6311 5507/6175 6720/6312
f 5173/6313 6719/6314 5392/6315
f 5392/6315 6719/6314 6722/6316
f 6719/6314 5505/6184 6722/6316
f 6722/6316 5505/6184 5511/6183
f 6708/6288 4650/6289 6722/6316
f 6722/6316 4650/6289 5392/6315
f 6722/6316 5511/6183 6708/6288
f 6708/6288 5511/6183 5483/6149
f 5518/6192 4679/6191 5565/6317
f 5565/6317 4679/6191 5502/6318
f 5565/6317 5502/6318 6723/6319
f 6723/6319 5502/6318 6693/6320
f 5566/6321 5509/6276 6724/6322
f 6724/6322 5509/6276 6702/6277
f 5566/6321 5502/6318 5530/6193
f 5530/6193 5502/6318 4679/6191
f 6724/6322 6693/6320 5566/6321
f 5566/6321 6693/6320 5502/6318
f 5530/6193 5369/6178 5566/6321
f 5566/6321 5369/6178 5509/6276
f 5578/6323 5565/6317 6725/6324
f 6725/6324 5565/6317 6723/6319
f 5578/6323 5484/6246 5571/6196
f 5571/6196 5484/6246 4645/6107
f 6725/6324 6668/6248 5578/6323
f 5578/6323 6668/6248 5484/6246
f 5571/6196 5518/6192 5578/6323
f 5578/6323 5518/6192 5565/6317
f 4763/6253 6694/6254 5853/6325
f 5853/6325 6694/6254 6726/6326
f 4623/6267 6613/6126 5853/6325
f 5853/6325 6613/6126 6661/6197
f 6673/6268 4623/6267 6726/6326
f 6726/6326 4623/6267 5853/6325
f 5853/6325 6661/6197 4763/6253
f 4763/6253 6661/6197 6630/6117
f 6727/6327 6695/6259 5930/6328
f 5930/6328 6695/6259 5503/6257
f 5854/6199 4625/6157 5930/6328
f 5930/6328 4625/6157 5493/6164
f 5930/6328 5493/6164 6727/6327
f 6727/6327 5493/6164 6712/6310
f 4764/6152 5854/6199 5503/6257
f 5503/6257 5854/6199 5930/6328
f 6512/6329 5497/6231 6503/6210
f 6503/6210 5497/6231 4638/6146
f 6729/6330 6716/6306 6512/6329
f 6512/6329 6716/6306 5497/6231
f 6490/6331 4222/6305 6729/6330
f 6729/6330 4222/6305 6716/6306
f 6620/6100 4637/6236 6664/6207
f 6664/6207 4637/6236 6502/6332
f 6502/6332 4637/6236 6730/6333
f 6730/6333 4637/6236 6680/6237
f 6666/6212 6664/6207 6563/6334
f 6563/6334 6664/6207 6502/6332
f 6563/6334 6502/6332 6731/6335
f 6731/6335 6502/6332 6730/6333
f 6729/6330 6512/6329 6732/6336
f 6732/6336 6512/6329 6597/6337
f 6666/6212 6563/6334 6667/6213
f 6667/6213 6563/6334 6597/6337
f 6597/6337 6563/6334 6732/6336
f 6732/6336 6563/6334 6731/6335
f 6597/6337 6512/6329 6503/6210
f 6665/6209 6667/6213 6503/6210
f 6503/6210 6667/6213 6597/6337
f 6746/6338 6740/6339 6061/6340
f 6061/6340 6740/6339 6055/6341
f 4201/6298 3850/6299 6746/6338
f 6746/6338 3850/6299 6740/6339
f 6061/6340 6057/6342 6746/6338
f 6746/6338 6057/6342 6742/6343
f 3874/6302 4201/6298 6742/6343
f 6742/6343 4201/6298 6746/6338
f 6062/6344 6055/6341 6747/6345
f 6747/6345 6055/6341 6740/6339
f 3850/6299 4206/6304 6740/6339
f 6740/6339 4206/6304 6747/6345
f 6064/6346 6056/6347 6749/6348
f 6749/6348 6056/6347 6741/6349
f 3857/6235 4230/6234 6741/6349
f 6741/6349 4230/6234 6749/6348
f 6749/6348 6748/6350 6064/6346
f 6064/6346 6748/6350 6063/6351
f 6065/6352 6062/6344 6750/6353
f 6750/6353 6062/6344 6747/6345
f 4230/6234 4222/6305 6749/6348
f 6749/6348 4222/6305 6748/6350
f 4246/6242 3857/6235 6750/6353
f 6750/6353 3857/6235 6741/6349
f 6750/6353 6741/6349 6065/6352
f 6065/6352 6741/6349 6056/6347
f 4206/6304 4246/6242 6747/6345
f 6747/6345 4246/6242 6750/6353
f 6734/6354 3688/3818 6752/6355
f 6752/6355 3688/3818 4299/3819
f 6041/6356 6734/6354 6072/6357
f 6072/6357 6734/6354 6752/6355
f 6073/6358 6038/6359 6753/6360
f 6753/6360 6038/6359 6733/6361
f 3675/3777 4296/3781 6733/6361
f 6733/6361 4296/3781 6753/6360
f 4316/3778 3675/3777 6755/6362
f 6755/6362 3675/3777 6733/6361
f 6755/6362 6733/6361 6075/6363
f 6075/6363 6733/6361 6038/6359
f 6761/6364 4720/6256 6744/6365
f 6744/6365 4720/6256 3920/6255
f 6744/6365 6059/6366 6761/6364
f 6761/6364 6059/6366 6100/6367
f 6102/6368 6082/6369 6762/6370
f 6762/6370 6082/6369 6758/6371
f 3840/6308 4978/6307 6758/6371
f 6758/6371 4978/6307 6762/6370
f 6762/6370 6743/6372 6102/6368
f 6102/6368 6743/6372 6058/6373
f 6095/6374 6759/6375 6106/6376
f 6106/6376 6759/6375 6763/6377
f 4978/6307 3886/6292 6762/6370
f 6762/6370 3886/6292 6743/6372
f 6759/6375 4607/4121 6763/6377
f 6763/6377 4607/4121 5098/4122
f 6737/6378 6051/6379 6763/6377
f 6763/6377 6051/6379 6106/6376
f 6763/6377 5098/4122 6737/6378
f 6737/6378 5098/4122 3779/4150
f 6764/6380 6735/6381 6110/6382
f 6110/6382 6735/6381 6046/6383
f 6764/6380 5145/4197 6735/6381
f 6735/6381 5145/4197 3715/4195
f 6767/6384 6745/6385 6118/6386
f 6118/6386 6745/6385 6060/6387
f 5201/6293 4189/6295 6767/6384
f 6767/6384 4189/6295 6745/6385
f 6118/6386 6058/6373 6767/6384
f 6767/6384 6058/6373 6743/6372
f 3886/6292 5201/6293 6743/6372
f 6743/6372 5201/6293 6767/6384
f 6739/6388 6054/6389 6768/6390
f 6768/6390 6054/6389 6122/6391
f 6768/6390 5382/6392 6739/6388
f 6739/6388 5382/6392 3832/6393
f 4298/3816 3673/3817 4299/3819
f 4299/3819 3673/3817 3672/6394
f 3673/3817 4309/3821 3672/6394
f 3672/6394 4309/3821 4312/6395
f 6770/6396 6752/6355 3672/6394
f 3672/6394 6752/6355 4299/3819
f 3672/6394 4312/6395 6770/6396
f 6770/6396 4312/6395 6754/6397
f 4297/3782 3695/3783 4296/3781
f 4296/3781 3695/3783 3694/6398
f 6773/6399 6753/6360 3694/6398
f 3694/6398 6753/6360 4296/3781
f 3703/6400 4319/6401 3709/4203
f 3709/4203 4319/6401 4326/3810
f 6775/6402 6756/6403 3703/6400
f 3703/6400 6756/6403 4319/6401
f 4335/6404 4331/3827 3707/6405
f 3707/6405 4331/3827 3708/3829
f 6757/6406 4335/6404 6776/6407
f 6776/6407 4335/6404 3707/6405
f 4309/3821 3728/3811 4312/6395
f 4312/6395 3728/3811 3724/6408
f 3728/3811 4326/3810 3724/6408
f 3724/6408 4326/3810 4319/6401
f 6777/6409 6754/6397 3724/6408
f 3724/6408 6754/6397 4312/6395
f 3724/6408 4319/6401 6777/6409
f 6777/6409 4319/6401 6756/6403
f 3733/3789 4311/3780 3732/6410
f 3732/6410 4311/3780 4316/3778
f 3732/6410 4316/3778 6778/6411
f 6778/6411 4316/3778 6755/6362
f 6782/6412 6771/6413 4278/6414
f 4278/6414 6771/6413 3680/6415
f 3684/6416 6772/6417 4272/6418
f 4272/6418 6772/6417 6783/6419
f 4278/6414 3680/6415 4281/3797
f 4281/3797 3680/6415 3686/3800
f 4281/3797 4269/3798 4278/6414
f 4278/6414 4269/3798 4268/6420
f 4278/6414 4268/6420 6782/6412
f 6782/6412 4268/6420 6781/6421
f 3699/6422 3713/3801 4272/6418
f 4272/6418 3713/3801 4277/3795
f 6774/6423 3699/6422 6783/6419
f 6783/6419 3699/6422 4272/6418
f 4272/6418 4277/3795 3684/6416
f 3684/6416 4277/3795 3685/3794
f 4290/6424 3680/6415 6784/6425
f 6784/6425 3680/6415 6771/6413
f 3688/3818 6734/6354 4284/6426
f 4284/6426 6734/6354 6785/6427
f 4290/6424 3694/6398 4291/3803
f 4291/3803 3694/6398 3695/3783
f 6784/6425 6773/6399 4290/6424
f 4290/6424 6773/6399 3694/6398
f 4291/3803 3686/3800 4290/6424
f 4290/6424 3686/3800 3680/6415
f 3684/6416 3685/3794 4284/6426
f 4284/6426 3685/3794 4283/3805
f 6772/6417 3684/6416 6785/6427
f 6785/6427 3684/6416 4284/6426
f 4284/6426 4283/3805 3688/3818
f 3688/3818 4283/3805 3687/3812
f 4323/6428 3732/6410 6786/6429
f 6786/6429 3732/6410 6778/6411
f 3715/4195 3714/4194 4323/6428
f 4323/6428 3714/4194 4328/3807
f 6786/6429 6735/6381 4323/6428
f 4323/6428 6735/6381 3715/4195
f 4328/3807 3733/3789 4323/6428
f 4323/6428 3733/3789 3732/6410
f 4340/6430 4336/4155 5145/4197
f 5145/4197 4336/4155 5149/4196
f 3720/6431 3719/4156 4340/6430
f 4340/6430 3719/4156 4336/4155
f 6736/6432 3720/6431 6787/6433
f 6787/6433 3720/6431 4340/6430
f 5145/4197 6764/6380 4340/6430
f 4340/6430 6764/6380 6787/6433
f 4268/6420 4269/3798 4368/6434
f 4368/6434 4269/3798 4347/3796
f 6781/6421 4268/6420 6788/6435
f 6788/6435 4268/6420 4368/6434
f 3699/6422 6774/6423 4390/6436
f 4390/6436 6774/6423 6789/6437
f 4368/6434 4347/3796 4390/6436
f 4390/6436 4347/3796 4378/3799
f 6788/6435 4368/6434 6789/6437
f 6789/6437 4368/6434 4390/6436
f 4378/3799 3713/3801 4390/6436
f 4390/6436 3713/3801 3699/6422
f 5208/6438 6700/6273 4184/6439
f 4184/6439 6700/6273 6677/6263
f 6766/6440 5208/6438 6795/6441
f 6795/6441 5208/6438 4184/6439
f 6791/6442 3845/6443 6796/6444
f 6796/6444 3845/6443 4196/6445
f 6672/6222 3869/6446 6678/6219
f 6678/6219 3869/6446 4196/6445
f 3869/6446 6793/6447 4196/6445
f 4196/6445 6793/6447 6796/6444
f 3845/6443 6669/6217 4196/6445
f 4196/6445 6669/6217 6678/6219
f 6669/6217 3845/6443 6679/6224
f 6679/6224 3845/6443 4211/6448
f 3845/6443 6791/6442 4211/6448
f 4211/6448 6791/6442 6797/6449
f 6730/6333 6680/6237 6495/6450
f 6495/6450 6680/6237 4227/6451
f 3863/6452 6792/6453 4235/6454
f 4235/6454 6792/6453 6799/6455
f 6682/6229 6670/6230 4235/6454
f 4235/6454 6670/6230 3863/6452
f 4235/6454 4227/6451 6682/6229
f 6682/6229 4227/6451 6680/6237
f 6798/6456 4227/6451 6799/6455
f 6799/6455 4227/6451 4235/6454
f 6792/6453 3863/6452 6800/6457
f 6800/6457 3863/6452 4251/6458
f 6679/6224 4211/6448 6684/6238
f 6684/6238 4211/6448 4251/6458
f 4211/6448 6797/6449 4251/6458
f 4251/6458 6797/6449 6800/6457
f 3863/6452 6670/6230 4251/6458
f 4251/6458 6670/6230 6684/6238
f 4256/6459 6685/6270 5208/6438
f 5208/6438 6685/6270 6700/6273
f 5208/6438 6766/6440 4256/6459
f 4256/6459 6766/6440 6801/6460
f 3920/6255 6674/6251 4660/6461
f 4660/6461 6674/6251 6692/6252
f 6744/6365 3920/6255 6803/6462
f 6803/6462 3920/6255 4660/6461
f 6723/6319 6693/6320 5517/6463
f 5517/6463 6693/6320 4678/6464
f 6804/6465 6769/6466 4678/6464
f 4678/6464 6769/6466 5517/6463
f 6686/6260 6695/6259 4574/6467
f 4574/6467 6695/6259 4758/6468
f 6805/6469 6790/6470 4758/6468
f 4758/6468 6790/6470 4574/6467
f 4414/4101 3830/6471 5080/4100
f 5080/4100 3830/6471 5065/6472
f 3830/6471 6738/6473 5065/6472
f 5065/6472 6738/6473 6807/6474
f 4604/6475 4609/4128 5065/6472
f 5065/6472 4609/4128 5080/4100
f 6760/6476 4604/6475 6807/6474
f 6807/6474 4604/6475 5065/6472
f 4606/4116 4607/4121 5078/4099
f 5078/4099 4607/4121 5079/6477
f 4607/4121 6759/6375 5079/6477
f 5079/6477 6759/6375 6808/6478
f 3832/6393 3828/4098 5079/6477
f 5079/6477 3828/4098 5078/4099
f 6739/6388 3832/6393 6808/6478
f 6808/6478 3832/6393 5079/6477
f 6779/6479 3776/6480 6809/6481
f 6809/6481 3776/6480 5108/6482
f 4609/4128 4604/6475 5101/4144
f 5101/4144 4604/6475 5108/6482
f 4604/6475 6760/6476 5108/6482
f 5108/6482 6760/6476 6809/6481
f 3776/6480 4413/4165 5108/6482
f 5108/6482 4413/4165 5101/4144
f 3720/6431 6736/6432 5121/6483
f 5121/6483 6736/6432 6810/6484
f 6776/6407 3707/6405 6811/6485
f 6811/6485 3707/6405 5119/6486
f 3779/4150 3778/4149 5121/6483
f 5121/6483 3778/4149 5122/4158
f 6737/6378 3779/4150 6810/6484
f 6810/6484 3779/4150 5121/6483
f 5121/6483 5122/4158 3720/6431
f 3720/6431 5122/4158 3719/4156
f 4413/4165 3776/6480 5132/4164
f 5132/4164 3776/6480 5119/6486
f 3776/6480 6779/6479 5119/6486
f 5119/6486 6779/6479 6811/6485
f 3707/6405 3708/3829 5119/6486
f 5119/6486 3708/3829 5132/4164
f 4335/6404 6757/6406 5144/6487
f 5144/6487 6757/6406 6812/6488
f 3703/6400 3709/4203 5144/6487
f 5144/6487 3709/4203 5148/4205
f 6775/6402 3703/6400 6812/6488
f 6812/6488 3703/6400 5144/6487
f 5144/6487 5148/4205 4335/6404
f 4335/6404 5148/4205 4331/3827
f 5382/6392 6768/6390 5163/6489
f 5163/6489 6768/6390 6813/6490
f 6793/6447 3869/6446 6814/6491
f 6814/6491 3869/6446 5220/6492
f 6795/6441 4184/6439 6815/6493
f 6815/6493 4184/6439 5196/6494
f 6685/6270 4256/6459 6699/6272
f 6699/6272 4256/6459 5220/6492
f 4256/6459 6801/6460 5220/6492
f 5220/6492 6801/6460 6814/6491
f 3869/6446 6672/6222 5220/6492
f 5220/6492 6672/6222 6699/6272
f 6673/6268 3881/6495 6698/6265
f 6698/6265 3881/6495 5196/6494
f 3881/6495 6794/6496 5196/6494
f 5196/6494 6794/6496 6815/6493
f 4184/6439 6677/6263 5196/6494
f 5196/6494 6677/6263 6698/6265
f 5213/6497 4189/6295 6701/6300
f 6701/6300 4189/6295 6713/6294
f 6816/6498 6745/6385 5213/6497
f 5213/6497 6745/6385 4189/6295
f 6701/6300 6717/6311 5213/6497
f 5213/6497 6717/6311 4261/6499
f 5213/6497 4261/6499 6816/6498
f 6816/6498 4261/6499 6751/6500
f 5225/6501 4261/6499 6720/6312
f 6720/6312 4261/6499 6717/6311
f 6720/6312 6710/6301 5225/6501
f 5225/6501 6710/6301 3874/6302
f 6817/6502 6751/6500 5225/6501
f 5225/6501 6751/6500 4261/6499
f 5225/6501 3874/6302 6817/6502
f 6817/6502 3874/6302 6742/6343
f 6702/6277 6686/6260 5368/6503
f 5368/6503 6686/6260 4574/6467
f 5368/6503 4574/6467 6818/6504
f 6818/6504 4574/6467 6790/6470
f 4660/6461 6692/6252 5395/6505
f 5395/6505 6692/6252 6704/6281
f 6803/6462 4660/6461 6819/6506
f 6819/6506 4660/6461 5395/6505
f 5529/6507 5368/6503 6821/6508
f 6821/6508 5368/6503 6818/6504
f 5529/6507 4678/6464 6724/6322
f 6724/6322 4678/6464 6693/6320
f 6821/6508 6804/6465 5529/6507
f 5529/6507 6804/6465 4678/6464
f 6724/6322 6702/6277 5529/6507
f 5529/6507 6702/6277 5368/6503
f 5570/6509 5517/6463 6822/6510
f 6822/6510 5517/6463 6769/6466
f 5570/6509 3825/6511 6725/6324
f 6725/6324 3825/6511 6668/6248
f 6822/6510 6802/6512 5570/6509
f 5570/6509 6802/6512 3825/6511
f 6725/6324 6723/6319 5570/6509
f 5570/6509 6723/6319 5517/6463
f 4720/6256 6761/6364 5832/6513
f 5832/6513 6761/6364 6823/6514
f 3881/6495 6673/6268 5832/6513
f 5832/6513 6673/6268 6726/6326
f 6794/6496 3881/6495 6823/6514
f 6823/6514 3881/6495 5832/6513
f 5832/6513 6726/6326 4720/6256
f 4720/6256 6726/6326 6694/6254
f 6727/6327 6712/6310 5850/6515
f 5850/6515 6712/6310 3840/6308
f 5850/6515 3840/6308 6824/6516
f 6824/6516 3840/6308 6758/6371
f 6695/6259 6727/6327 4758/6468
f 4758/6468 6727/6327 5850/6515
f 6824/6516 6805/6469 5850/6515
f 5850/6515 6805/6469 4758/6468
f 4222/6305 6490/6331 6748/6350
f 6748/6350 6490/6331 6825/6517
f 6731/6335 6730/6333 6562/6518
f 6562/6518 6730/6333 6495/6450
f 6495/6450 4227/6451 6826/6519
f 6826/6519 4227/6451 6798/6456
f 6562/6518 6495/6450 6827/6520
f 6827/6520 6495/6450 6826/6519
f 6490/6331 6729/6330 6596/6521
f 6596/6521 6729/6330 6732/6336
f 6732/6336 6731/6335 6596/6521
f 6596/6521 6731/6335 6562/6518
f 6596/6521 6562/6518 6828/6522
f 6828/6522 6562/6518 6827/6520
f 6828/6522 6825/6517 6596/6521
f 6596/6521 6825/6517 6490/6331
f 6037/6523 6072/6357 6770/6396
f 6770/6396 6072/6357 6752/6355
f 6770/6396 6754/6397 6037/6523
f 6037/6523 6754/6397 6074/6524
f 6042/6525 6073/6358 6773/6399
f 6773/6399 6073/6358 6753/6360
f 6044/6526 6077/6527 6775/6402
f 6775/6402 6077/6527 6756/6403
f 6079/6528 6757/6406 6045/6529
f 6045/6529 6757/6406 6776/6407
f 6777/6409 6756/6403 6048/6530
f 6048/6530 6756/6403 6077/6527
f 6048/6530 6074/6524 6777/6409
f 6777/6409 6074/6524 6754/6397
f 6778/6411 6755/6362 6049/6531
f 6049/6531 6755/6362 6075/6363
f 5162/5154 5415/6532 5160/5153
f 5160/5153 5415/6532 5379/6533
f 5042/6534 5058/6535 4401/4105
f 4401/4105 5058/6535 4815/4104
f 5043/6536 5916/5125 4403/5136
f 4403/5136 5916/5125 5893/5123
f 5059/4721 4886/4719 5044/6537
f 5044/6537 4886/4719 4404/4722
f 5387/6538 6637/6283 5168/6127
f 5168/6127 6637/6283 6631/6130
f 3901/6539 3902/6540 6845/6541
f 6845/6541 3902/6540 6844/6542
f 5388/6543 5387/6538 5169/4393
f 5169/4393 5387/6538 5168/6127
f 6845/6541 6844/6542 5388/6543
f 5388/6543 6844/6542 5387/6538
f 6847/6544 6830/6545 6068/6546
f 6068/6546 6830/6545 6039/6547
f 4276/4522 3679/4316 6847/6544
f 6847/6544 3679/4316 6830/6545
f 6068/6546 6039/6547 6782/6412
f 6782/6412 6039/6547 6771/6413
f 6782/6412 6781/6421 6068/6546
f 6068/6546 6781/6421 6067/6548
f 6068/6546 6067/6548 6847/6544
f 6847/6544 6067/6548 6846/6549
f 6040/6550 6831/6551 6069/6552
f 6069/6552 6831/6551 6848/6553
f 4267/4523 4276/4522 6846/6549
f 6846/6549 4276/4522 6847/6544
f 6831/6551 3683/4511 6848/6553
f 6848/6553 3683/4511 4271/4518
f 6043/6554 6774/6423 6069/6552
f 6069/6552 6774/6423 6783/6419
f 6833/6555 6043/6554 6848/6553
f 6848/6553 6043/6554 6069/6552
f 6772/6417 6040/6550 6783/6419
f 6783/6419 6040/6550 6069/6552
f 6849/6556 6832/6557 6070/6558
f 6070/6558 6832/6557 6042/6525
f 4271/4518 3698/4521 6848/6553
f 6848/6553 3698/4521 6833/6555
f 4288/4313 3693/4312 6849/6556
f 6849/6556 3693/4312 6832/6557
f 6784/6425 6771/6413 6070/6558
f 6070/6558 6771/6413 6039/6547
f 6070/6558 6039/6547 6849/6556
f 6849/6556 6039/6547 6830/6545
f 6070/6558 6042/6525 6784/6425
f 6784/6425 6042/6525 6773/6399
f 6040/6550 6772/6417 6071/6559
f 6071/6559 6772/6417 6785/6427
f 3679/4316 4288/4313 6830/6545
f 6830/6545 4288/4313 6849/6556
f 6734/6354 6041/6356 6785/6427
f 6785/6427 6041/6356 6071/6559
f 6831/6551 6040/6550 6850/6560
f 6850/6560 6040/6550 6071/6559
f 6850/6560 4285/4509 6831/6551
f 6831/6551 4285/4509 3683/4511
f 6786/6429 6778/6411 6076/6561
f 6076/6561 6778/6411 6049/6531
f 6076/6561 6049/6531 6851/6562
f 6851/6562 6049/6531 6837/6563
f 6076/6561 6046/6383 6786/6429
f 6786/6429 6046/6383 6735/6381
f 6764/6380 6110/6382 6787/6433
f 6787/6433 6110/6382 6078/6564
f 3729/4319 4321/4318 6837/6563
f 6837/6563 4321/4318 6851/6562
f 6047/6565 6736/6432 6078/6564
f 6078/6564 6736/6432 6787/6433
f 6853/6566 4367/4527 6846/6549
f 6846/6549 4367/4527 4267/4523
f 6067/6548 6781/6421 6080/6567
f 6080/6567 6781/6421 6788/6435
f 6846/6549 6067/6548 6853/6566
f 6853/6566 6067/6548 6080/6567
f 6043/6554 6833/6555 6081/6568
f 6081/6568 6833/6555 6854/6569
f 3698/4521 4389/4528 6833/6555
f 6833/6555 4389/4528 6854/6569
f 6080/6567 6788/6435 6081/6568
f 6081/6568 6788/6435 6789/6437
f 6853/6566 6080/6567 6854/6569
f 6854/6569 6080/6567 6081/6568
f 6774/6423 6043/6554 6789/6437
f 6789/6437 6043/6554 6081/6568
f 6854/6569 4389/4528 6853/6566
f 6853/6566 4389/4528 4367/4527
f 57/488 4815/4104 81/2990
f 81/2990 4815/4104 5058/6535
f 4402/4891 4740/4892 5046/6570
f 5046/6570 4740/4892 5057/5124
f 5049/6571 5723/6572 4518/4732
f 4518/4732 5723/6572 5702/4728
f 4519/4726 5677/4718 5050/6573
f 5050/6573 5677/4718 5724/4720
f 6114/6574 6766/6440 6088/6575
f 6088/6575 6766/6440 6795/6441
f 6086/6576 6862/6577 6089/6578
f 6089/6578 6862/6577 6865/6579
f 6862/6577 4581/6010 6865/6579
f 6865/6579 4581/6010 4585/6012
f 6084/6580 6791/6442 6089/6578
f 6089/6578 6791/6442 6796/6444
f 6860/6581 6084/6580 6865/6579
f 6865/6579 6084/6580 6089/6578
f 6793/6447 6086/6576 6796/6444
f 6796/6444 6086/6576 6089/6578
f 6865/6579 4585/6012 6860/6581
f 6860/6581 4585/6012 4577/6015
f 6791/6442 6084/6580 6797/6449
f 6797/6449 6084/6580 6090/6582
f 6084/6580 6860/6581 6090/6582
f 6090/6582 6860/6581 6866/6583
f 6860/6581 4577/6015 6866/6583
f 6866/6583 4577/6015 4587/6016
f 6085/6584 6861/6585 6092/6586
f 6092/6586 6861/6585 6868/6587
f 6861/6585 4580/6018 6868/6587
f 6868/6587 4580/6018 4592/6020
f 6091/6588 6798/6456 6092/6586
f 6092/6586 6798/6456 6799/6455
f 6867/6589 6091/6588 6868/6587
f 6868/6587 6091/6588 6092/6586
f 6792/6453 6085/6584 6799/6455
f 6799/6455 6085/6584 6092/6586
f 6090/6582 6866/6583 6093/6590
f 6093/6590 6866/6583 6869/6591
f 6868/6587 4592/6020 6867/6589
f 6867/6589 4592/6020 4589/6023
f 6866/6583 4587/6016 6869/6591
f 6869/6591 4587/6016 4594/6024
f 6085/6584 6792/6453 6093/6590
f 6093/6590 6792/6453 6800/6457
f 6861/6585 6085/6584 6869/6591
f 6869/6591 6085/6584 6093/6590
f 6797/6449 6090/6582 6800/6457
f 6800/6457 6090/6582 6093/6590
f 6869/6591 4594/6024 6861/6585
f 6861/6585 4594/6024 4580/6018
f 6766/6440 6114/6574 6801/6460
f 6801/6460 6114/6574 6094/6592
f 3830/6471 4414/4101 5052/6593
f 5052/6593 4414/4101 5048/6594
f 5054/6595 5045/6596 3828/4098
f 3828/4098 5045/6596 4355/4092
f 5055/6597 5048/6594 3829/4093
f 3829/4093 5048/6594 4414/4101
f 3829/4093 4355/4092 5055/6597
f 5055/6597 4355/4092 5045/6596
f 6876/6598 4650/6289 6874/6599
f 6874/6599 4650/6289 4648/6287
f 5054/6595 3828/4098 5056/6600
f 5056/6600 3828/4098 3832/6393
f 6874/6599 5054/6595 6876/6598
f 6876/6598 5054/6595 5056/6600
f 6059/6366 6744/6365 6098/6601
f 6098/6601 6744/6365 6803/6462
f 6099/6602 6123/6603 6804/6465
f 6804/6465 6123/6603 6769/6466
f 4757/4981 4572/4442 6881/6604
f 6881/6604 4572/4442 6859/6605
f 6101/6606 6083/6607 6805/6469
f 6805/6469 6083/6607 6790/6470
f 6881/6604 6859/6605 6101/6606
f 6101/6606 6859/6605 6083/6607
f 5406/6608 5391/6609 5187/4382
f 5187/4382 5391/6609 5172/4387
f 6882/6610 6856/6611 5406/6608
f 5406/6608 6856/6611 5391/6609
f 5187/4382 5174/4381 5406/6608
f 5406/6608 5174/4381 5427/6612
f 4850/4007 4479/4006 6882/6610
f 6882/6610 4479/4006 6856/6611
f 5060/6613 5042/6534 4857/4110
f 4857/4110 5042/6534 4401/4105
f 6883/6614 6841/6615 5060/6613
f 5060/6613 6841/6615 5042/6534
f 4857/4110 5702/4728 5060/6613
f 5060/6613 5702/4728 5723/6572
f 4842/4501 3815/4500 6883/6614
f 6883/6614 3815/4500 6841/6615
f 4928/4881 4519/4726 5061/6616
f 5061/6616 4519/4726 5050/6573
f 5061/6616 5050/6573 6884/6617
f 6884/6617 5050/6573 6858/6618
f 5062/6619 5049/6571 4953/4733
f 4953/4733 5049/6571 4518/4732
f 6885/6620 6857/6621 5062/6619
f 5062/6619 6857/6621 5049/6571
f 5408/6622 5391/6609 6886/6623
f 6886/6623 5391/6609 6856/6611
f 4939/4784 4465/4783 6885/6620
f 6885/6620 4465/4783 6857/6621
f 4947/4023 3901/6539 6886/6623
f 6886/6623 3901/6539 6845/6541
f 5408/6622 5388/6543 5189/4392
f 5189/4392 5388/6543 5169/4393
f 6886/6623 6845/6541 5408/6622
f 5408/6622 6845/6541 5388/6543
f 5189/4392 5172/4387 5408/6622
f 5408/6622 5172/4387 5391/6609
f 5191/4400 5175/4354 5410/6624
f 5410/6624 5175/4354 5428/4365
f 4479/4006 4947/4023 6856/6611
f 6856/6611 4947/4023 6886/6623
f 5410/6624 5427/6612 5191/4400
f 5191/4400 5427/6612 5174/4381
f 6690/6285 6707/6286 4652/6625
f 4652/6625 6707/6286 4649/6626
f 4652/6625 4648/6287 6690/6285
f 6690/6285 4648/6287 6706/6284
f 6891/6627 5045/6596 6874/6599
f 6874/6599 5045/6596 5054/6595
f 5592/4592 5287/5301 5584/4591
f 5584/4591 5287/5301 3824/6628
f 4652/6625 4649/6626 6891/6627
f 6891/6627 4649/6626 6875/6629
f 6874/6599 4648/6287 6891/6627
f 6891/6627 4648/6287 4652/6625
f 5055/6597 5045/6596 6875/6629
f 6875/6629 5045/6596 6891/6627
f 4653/6630 4649/6626 6691/6247
f 6691/6247 4649/6626 6707/6286
f 5048/6594 5055/6597 6893/6631
f 6893/6631 5055/6597 6875/6629
f 6893/6631 6875/6629 4653/6630
f 4653/6630 6875/6629 4649/6626
f 6691/6247 6668/6248 4653/6630
f 4653/6630 6668/6248 3825/6511
f 3825/6511 6872/6632 4653/6630
f 4653/6630 6872/6632 6893/6631
f 6872/6632 5052/6593 6893/6631
f 6893/6631 5052/6593 5048/6594
f 4573/6633 5569/6634 3824/6628
f 3824/6628 5569/6634 5584/4591
f 5589/5175 5568/4931 4714/6635
f 4714/6635 5568/4931 3816/4934
f 4714/6635 3816/4934 6895/6636
f 6895/6636 3816/4934 6855/6637
f 4793/6638 3815/4500 5590/4508
f 5590/4508 3815/4500 5581/4502
f 5046/6570 5057/5124 6855/6637
f 6855/6637 5057/5124 6895/6636
f 5058/6535 5042/6534 6896/6639
f 6896/6639 5042/6534 6841/6615
f 5590/4508 99/919 4793/6638
f 4793/6638 99/919 28/3061
f 4793/6638 28/3061 6896/6639
f 6896/6639 28/3061 106/3062
f 6896/6639 6841/6615 4793/6638
f 4793/6638 6841/6615 3815/4500
f 81/2990 5058/6535 106/3062
f 106/3062 5058/6535 6896/6639
f 5583/5796 5572/4778 3822/5797
f 3822/5797 5572/4778 4864/6640
f 6897/6641 6843/6642 4864/6640
f 4864/6640 6843/6642 3822/5797
f 6096/6643 6760/6476 6104/6644
f 6104/6644 6760/6476 6807/6474
f 5059/4721 5044/6537 6897/6641
f 6897/6641 5044/6537 6843/6642
f 6738/6473 6053/6645 6807/6474
f 6807/6474 6053/6645 6104/6644
f 6054/6389 6739/6388 6105/6646
f 6105/6646 6739/6388 6808/6478
f 6759/6375 6095/6374 6808/6478
f 6808/6478 6095/6374 6105/6646
f 6050/6647 6779/6479 6107/6648
f 6107/6648 6779/6479 6809/6481
f 6760/6476 6096/6643 6809/6481
f 6809/6481 6096/6643 6107/6648
f 6838/6649 6050/6647 6900/6650
f 6900/6650 6050/6647 6107/6648
f 6051/6379 6737/6378 6108/6651
f 6108/6651 6737/6378 6810/6484
f 6900/6650 5107/4329 6838/6649
f 6838/6649 5107/4329 3775/4327
f 6736/6432 6047/6565 6810/6484
f 6810/6484 6047/6565 6108/6651
f 6835/6652 6045/6529 6902/6653
f 6902/6653 6045/6529 6109/6654
f 6902/6653 5118/4330 6835/6652
f 6835/6652 5118/4330 3706/4333
f 6779/6479 6050/6647 6811/6485
f 6811/6485 6050/6647 6109/6654
f 6050/6647 6838/6649 6109/6654
f 6109/6654 6838/6649 6902/6653
f 6045/6529 6776/6407 6109/6654
f 6109/6654 6776/6407 6811/6485
f 6838/6649 3775/4327 6902/6653
f 6902/6653 3775/4327 5118/4330
f 6111/6655 6044/6526 6812/6488
f 6812/6488 6044/6526 6775/6402
f 6903/6656 6834/6657 6111/6655
f 6111/6655 6834/6657 6044/6526
f 6757/6406 6079/6528 6812/6488
f 6812/6488 6079/6528 6111/6655
f 5143/4544 3702/4545 6903/6656
f 6903/6656 3702/4545 6834/6657
f 5192/6658 5163/6489 5411/6659
f 5411/6659 5163/6489 5416/6660
f 6768/6390 6122/6391 6813/6490
f 6813/6490 6122/6391 6112/6661
f 6094/6592 6870/6662 6113/6663
f 6113/6663 6870/6662 6906/6664
f 6906/6664 5244/6031 6862/6577
f 6862/6577 5244/6031 4581/6010
f 6086/6576 6793/6447 6113/6663
f 6113/6663 6793/6447 6814/6491
f 6862/6577 6086/6576 6906/6664
f 6906/6664 6086/6576 6113/6663
f 6801/6460 6094/6592 6814/6491
f 6814/6491 6094/6592 6113/6663
f 6864/6665 6088/6575 6907/6666
f 6907/6666 6088/6575 6115/6667
f 6870/6662 4595/6032 6906/6664
f 6906/6664 4595/6032 5244/6031
f 6907/6666 5243/6038 6864/6665
f 6864/6665 5243/6038 4584/6036
f 6794/6496 6087/6668 6815/6493
f 6815/6493 6087/6668 6115/6667
f 6087/6668 6863/6669 6115/6667
f 6115/6667 6863/6669 6907/6666
f 6088/6575 6795/6441 6115/6667
f 6115/6667 6795/6441 6815/6493
f 6816/6498 6751/6500 6116/6670
f 6116/6670 6751/6500 6066/6671
f 6863/6669 4583/6039 6907/6666
f 6907/6666 4583/6039 5243/6038
f 6116/6670 6060/6387 6816/6498
f 6816/6498 6060/6387 6745/6385
f 6817/6502 6742/6343 6117/6672
f 6117/6672 6742/6343 6057/6342
f 6117/6672 6066/6671 6817/6502
f 6817/6502 6066/6671 6751/6500
f 5327/4538 4405/4537 5340/6673
f 5340/6673 4405/4537 5047/6674
f 5047/6674 6892/6675 5340/6673
f 5340/6673 6892/6675 6910/6676
f 6892/6675 3824/6628 6910/6676
f 6910/6676 3824/6628 5287/5301
f 5378/6677 5159/6678 5445/6679
f 5445/6679 5159/6678 5349/5297
f 6818/6504 6790/6470 6119/6680
f 6119/6680 6790/6470 6083/6607
f 6119/6680 6083/6607 6912/6681
f 6912/6681 6083/6607 6859/6605
f 4572/4442 5367/4443 6859/6605
f 6859/6605 5367/4443 6912/6681
f 5448/6682 5434/4366 5376/4403
f 5376/4403 5434/4366 5182/4353
f 6914/6683 5399/6044 6878/6684
f 6878/6684 5399/6044 4665/6043
f 6876/6598 5056/6600 6916/6685
f 6916/6685 5056/6600 5444/6686
f 6904/6687 5173/6313 6916/6685
f 6916/6685 5173/6313 5392/6315
f 5163/6489 5192/6658 5382/6392
f 5382/6392 5192/6658 5444/6686
f 5192/6658 6904/6687 5444/6686
f 5444/6686 6904/6687 6916/6685
f 3832/6393 5382/6392 5056/6600
f 5056/6600 5382/6392 5444/6686
f 6916/6685 5392/6315 6876/6598
f 6876/6598 5392/6315 4650/6289
f 3799/6688 6643/6689 3793/6690
f 3793/6690 6643/6689 6603/6691
f 5480/6692 3799/6688 5499/6693
f 5499/6693 3799/6688 3793/6690
f 6922/6694 3909/6695 6925/6696
f 6925/6696 3909/6695 4358/6697
f 6923/6698 5419/4361 6925/6696
f 6925/6696 5419/4361 5423/4362
f 3794/3873 3908/6699 4359/3871
f 4359/3871 3908/6699 4358/6697
f 3908/6699 6923/6698 4358/6697
f 4358/6697 6923/6698 6925/6696
f 3909/6695 3911/6700 4358/6697
f 4358/6697 3911/6700 4359/3871
f 6923/6698 3908/6699 6926/6701
f 6926/6701 3908/6699 4418/6702
f 6925/6696 5423/4362 6922/6694
f 6922/6694 5423/4362 5418/4433
f 6924/6703 5420/4363 6926/6701
f 6926/6701 5420/4363 5424/4364
f 3795/4498 3907/6704 4419/3875
f 4419/3875 3907/6704 4418/6702
f 3907/6704 6924/6703 4418/6702
f 4418/6702 6924/6703 6926/6701
f 3908/6699 3794/3873 4418/6702
f 4418/6702 3794/3873 4419/3875
f 6926/6701 5424/4364 6923/6698
f 6923/6698 5424/4364 5419/4361
f 6928/6705 6887/6706 3900/6707
f 3900/6707 6887/6706 4983/6708
f 5427/6612 5410/6624 6928/6705
f 6928/6705 5410/6624 6887/6706
f 3904/3989 4872/3990 3900/6707
f 3900/6707 4872/3990 4850/4007
f 3900/6707 4850/4007 6928/6705
f 6928/6705 4850/4007 6882/6610
f 4983/6708 4984/4218 3900/6707
f 3900/6707 4984/4218 3904/3989
f 5406/6608 5427/6612 6882/6610
f 6882/6610 5427/6612 6928/6705
f 3899/6709 4983/6708 6929/6710
f 6929/6710 4983/6708 6887/6706
f 3905/4222 4984/4218 3899/6709
f 3899/6709 4984/4218 4983/6708
f 5410/6624 5428/4365 6887/6706
f 6887/6706 5428/4365 6929/6710
f 6931/6711 6913/6712 3898/6713
f 3898/6713 6913/6712 5356/4449
f 5434/4366 5448/6682 6931/6711
f 6931/6711 5448/6682 6913/6712
f 3906/4434 3905/4222 3898/6713
f 3898/6713 3905/4222 3899/6709
f 3898/6713 3899/6709 6931/6711
f 6931/6711 3899/6709 6929/6710
f 5357/4439 3906/4434 5356/4449
f 5356/4449 3906/4434 3898/6713
f 5428/4365 5434/4366 6929/6710
f 6929/6710 5434/4366 6931/6711
f 6932/6714 5436/5165 6918/6715
f 6918/6715 5436/5165 5414/4367
f 6933/6716 5437/4368 107/3140
f 107/3140 5437/4368 95/774
f 6918/6715 5414/4367 6933/6716
f 6933/6716 5414/4367 5437/4368
f 3909/6695 6922/6694 5455/6717
f 5455/6717 6922/6694 6934/6718
f 5418/4433 5479/6129 6922/6694
f 6922/6694 5479/6129 6934/6718
f 5510/6719 5417/6720 5505/6184
f 5505/6184 5417/6720 5164/6179
f 6935/6721 6921/6722 5510/6719
f 5510/6719 6921/6722 5417/6720
f 6124/6723 6119/6680 6936/6724
f 6936/6724 6119/6680 6912/6681
f 5499/6693 3793/6690 6935/6721
f 6935/6721 3793/6690 6921/6722
f 5367/4443 5522/4451 6912/6681
f 6912/6681 5522/4451 6936/6724
f 5540/4495 5575/4493 5560/6725
f 5560/6725 5575/4493 5576/4494
f 6124/6723 6099/6602 6821/6508
f 6821/6508 6099/6602 6804/6465
f 6936/6724 6879/6726 6124/6723
f 6124/6723 6879/6726 6099/6602
f 6821/6508 6818/6504 6124/6723
f 6124/6723 6818/6504 6119/6680
f 5522/4451 4671/4450 6936/6724
f 6936/6724 4671/4450 6879/6726
f 5183/4468 5540/4495 5402/6727
f 5402/6727 5540/4495 5560/6725
f 6937/6728 6880/6729 5560/6725
f 5560/6725 6880/6729 5402/6727
f 6938/6730 6913/6712 5561/6731
f 5561/6731 6913/6712 5448/6682
f 6937/6728 5520/4485 6880/6729
f 6880/6729 5520/4485 4669/4447
f 4669/4447 5543/4446 6880/6729
f 6880/6729 5543/4446 6938/6730
f 5558/4466 5183/4468 5561/6731
f 5561/6731 5183/4468 5402/6727
f 5561/6731 5402/6727 6938/6730
f 6938/6730 5402/6727 6880/6729
f 5376/4403 5558/4466 5448/6682
f 5448/6682 5558/4466 5561/6731
f 5543/4446 5356/4449 6938/6730
f 6938/6730 5356/4449 6913/6712
f 6924/6703 3907/6704 6940/6732
f 6940/6732 3907/6704 5579/6733
f 6125/6734 6097/6735 6822/6510
f 6822/6510 6097/6735 6802/6512
f 6822/6510 6769/6466 6125/6734
f 6125/6734 6769/6466 6123/6603
f 6937/6728 5560/6725 6940/6732
f 6940/6732 5560/6725 5576/4494
f 5521/4484 5520/4485 5580/4499
f 5580/4499 5520/4485 5579/6733
f 5520/4485 6937/6728 5579/6733
f 5579/6733 6937/6728 6940/6732
f 3795/4498 5580/4499 3907/6704
f 3907/6704 5580/4499 5579/6733
f 5662/6736 5623/5296 6000/5692
f 6000/5692 5623/5296 5994/5623
f 6940/6732 5576/4494 6924/6703
f 6924/6703 5576/4494 5420/4363
f 5445/6679 5349/5297 5662/6736
f 5662/6736 5349/5297 5623/5296
f 5612/5279 5327/4538 5657/6737
f 5657/6737 5327/4538 5340/6673
f 5340/6673 6910/6676 5657/6737
f 5657/6737 6910/6676 6942/6738
f 5741/4781 5573/4503 5690/6739
f 5690/6739 5573/4503 4842/4501
f 6910/6676 5287/5301 6942/6738
f 6942/6738 5287/5301 5604/5300
f 5060/6613 5723/6572 6883/6614
f 6883/6614 5723/6572 6943/6740
f 5690/6739 4842/4501 6943/6740
f 6943/6740 4842/4501 6883/6614
f 5585/4782 5741/4781 4465/4783
f 4465/4783 5741/4781 5690/6739
f 6943/6740 6857/6621 5690/6739
f 5690/6739 6857/6621 4465/4783
f 5723/6572 5049/6571 6943/6740
f 6943/6740 5049/6571 6857/6621
f 5050/6573 5724/4720 6858/6618
f 6858/6618 5724/4720 6944/6741
f 5572/4778 5740/4779 4864/6640
f 4864/6640 5740/4779 5667/6742
f 6944/6741 6897/6641 5667/6742
f 5667/6742 6897/6641 4864/6640
f 6945/6743 6885/6620 5801/6744
f 5801/6744 6885/6620 5062/6619
f 5724/4720 5059/4721 6944/6741
f 6944/6741 5059/4721 6897/6641
f 3816/4934 5771/4933 6855/6637
f 6855/6637 5771/4933 6945/6743
f 5800/6745 5061/6616 6946/6746
f 6946/6746 5061/6616 6884/6617
f 5783/4887 4402/4891 5801/6744
f 5801/6744 4402/4891 5046/6570
f 5801/6744 5046/6570 6945/6743
f 6945/6743 5046/6570 6855/6637
f 4953/4733 5783/4887 5062/6619
f 5062/6619 5783/4887 5801/6744
f 5771/4933 4939/4784 6945/6743
f 6945/6743 4939/4784 6885/6620
f 4906/4928 5744/4927 6884/6617
f 6884/6617 5744/4927 6946/6746
f 5800/6745 5043/6536 5754/4883
f 5754/4883 5043/6536 4403/5136
f 6946/6746 6842/6747 5800/6745
f 5800/6745 6842/6747 5043/6536
f 5754/4883 4928/4881 5800/6745
f 5800/6745 4928/4881 5061/6616
f 5744/4927 3821/5006 6946/6746
f 6946/6746 3821/5006 6842/6747
f 6087/6668 6794/6496 6126/6748
f 6126/6748 6794/6496 6823/6514
f 6863/6669 6087/6668 6947/6749
f 6947/6749 6087/6668 6126/6748
f 6761/6364 6100/6367 6823/6514
f 6823/6514 6100/6367 6126/6748
f 6947/6749 5851/6046 6863/6669
f 6863/6669 5851/6046 4583/6039
f 5415/6532 5162/5154 5927/6750
f 5927/6750 5162/5154 5923/5164
f 5927/6750 5923/5164 5436/5165
f 5436/5165 5923/5164 5184/5162
f 6127/6751 6101/6606 6824/6516
f 6824/6516 6101/6606 6805/6469
f 6950/6752 6842/6747 5874/6753
f 5874/6753 6842/6747 3821/5006
f 6824/6516 6758/6371 6127/6751
f 6127/6751 6758/6371 6082/6369
f 6949/6754 6881/6604 6127/6751
f 6127/6751 6881/6604 6101/6606
f 5849/4983 4757/4981 6949/6754
f 6949/6754 4757/4981 6881/6604
f 5057/5124 5916/5125 6895/6636
f 6895/6636 5916/5125 6950/6752
f 5933/5174 5589/5175 5874/6753
f 5874/6753 5589/5175 4714/6635
f 5874/6753 4714/6635 6950/6752
f 6950/6752 4714/6635 6895/6636
f 5582/5007 5933/5174 3821/5006
f 3821/5006 5933/5174 5874/6753
f 5916/5125 5043/6536 6950/6752
f 6950/6752 5043/6536 6842/6747
f 5983/5608 5612/5279 6032/6755
f 6032/6755 5612/5279 5657/6737
f 5657/6737 6942/6738 6032/6755
f 6032/6755 6942/6738 6951/6756
f 6942/6738 5604/5300 6951/6756
f 6951/6756 5604/5300 5975/5626
f 6941/6757 5662/6736 6952/6758
f 6952/6758 5662/6736 6000/5692
f 3689/6759 5274/4564 4285/4509
f 4285/4509 5274/4564 5315/4510
f 4285/4509 6850/6560 3689/6759
f 3689/6759 6850/6560 6956/6760
f 3716/6761 4321/4318 5280/4577
f 5280/4577 4321/4318 5322/4320
f 6850/6560 6071/6559 6956/6760
f 6956/6760 6071/6559 6041/6356
f 6957/6762 6851/6562 3716/6761
f 3716/6761 6851/6562 4321/4318
f 5281/4580 5345/4586 3721/6763
f 3721/6763 5345/4586 5120/6764
f 6046/6383 6076/6561 6957/6762
f 6957/6762 6076/6561 6851/6562
f 6047/6565 6078/6564 6958/6765
f 6958/6765 6078/6564 6852/6766
f 5324/4581 5281/4580 4339/6767
f 4339/6767 5281/4580 3721/6763
f 6958/6765 6852/6766 3721/6763
f 3721/6763 6852/6766 4339/6767
f 3721/6763 5120/6764 6958/6765
f 6958/6765 5120/6764 6901/6768
f 6108/6651 6047/6565 6901/6768
f 6901/6768 6047/6565 6958/6765
f 3780/6769 5120/6764 5285/5254
f 5285/5254 5120/6764 5345/4586
f 6959/6770 6901/6768 3780/6769
f 3780/6769 6901/6768 5120/6764
f 6051/6379 6108/6651 6959/6770
f 6959/6770 6108/6651 6901/6768
f 5051/6771 5047/6674 3831/6772
f 3831/6772 5047/6674 4405/4537
f 6898/6773 6104/6644 6960/6774
f 6960/6774 6104/6644 6053/6645
f 3803/6775 5075/6776 5286/5278
f 5286/5278 5075/6776 5341/5275
f 5071/4536 5064/6777 4405/4537
f 4405/4537 5064/6777 3831/6772
f 5064/6777 6898/6773 3831/6772
f 3831/6772 6898/6773 6960/6774
f 6899/6778 5075/6776 6961/6779
f 6961/6779 5075/6776 3803/6775
f 6961/6779 6054/6389 6899/6778
f 6899/6778 6054/6389 6105/6646
f 3875/4304 5226/4554 4582/6780
f 4582/6780 5226/4554 5246/6781
f 4582/6780 5246/6781 6964/6782
f 6964/6782 5246/6781 6909/6783
f 6117/6672 6057/6342 6909/6783
f 6909/6783 6057/6342 6964/6782
f 4665/6043 6581/6026 4575/6784
f 4575/6784 6581/6026 6578/6027
f 6878/6684 4665/6043 6966/6785
f 6966/6785 4665/6043 4575/6784
f 6966/6785 6059/6366 6878/6684
f 6878/6684 6059/6366 6098/6601
f 5214/4550 4190/4547 5242/6786
f 5242/6786 4190/4547 4570/6787
f 6967/6788 6908/6789 4570/6787
f 4570/6787 6908/6789 5242/6786
f 4586/6790 4582/6780 6968/6791
f 6968/6791 4582/6780 6964/6782
f 6060/6387 6116/6670 6967/6788
f 6967/6788 6116/6670 6908/6789
f 6061/6340 6055/6341 6968/6791
f 6968/6791 6055/6341 6962/6792
f 4586/6790 4578/6793 4202/4300
f 4202/4300 4578/6793 3851/4301
f 6968/6791 6962/6792 4586/6790
f 4586/6790 6962/6792 4578/6793
f 4202/4300 3875/4304 4586/6790
f 4586/6790 3875/4304 4582/6780
f 6057/6342 6061/6340 6964/6782
f 6964/6782 6061/6340 6968/6791
f 4207/4306 3851/4301 4588/6794
f 4588/6794 3851/4301 4578/6793
f 4588/6794 4578/6793 6969/6795
f 6969/6795 4578/6793 6962/6792
f 6491/6050 4223/5902 6501/6055
f 6501/6055 4223/5902 4590/6796
f 6055/6341 6062/6344 6962/6792
f 6962/6792 6062/6344 6969/6795
f 4591/6797 4579/6798 6971/6799
f 6971/6799 4579/6798 6963/6800
f 6056/6347 6064/6346 6963/6800
f 6963/6800 6064/6346 6971/6799
f 4591/6797 4590/6796 4231/5899
f 4231/5899 4590/6796 4223/5902
f 6971/6799 6970/6801 4591/6797
f 4591/6797 6970/6801 4590/6796
f 4231/5899 3858/4309 4591/6797
f 4591/6797 3858/4309 4579/6798
f 6972/6802 6963/6800 4593/6803
f 4593/6803 6963/6800 4579/6798
f 6064/6346 6063/6351 6971/6799
f 6971/6799 6063/6351 6970/6801
f 6062/6344 6065/6352 6969/6795
f 6969/6795 6065/6352 6972/6802
f 4262/4551 5214/4550 4571/6804
f 4571/6804 5214/4550 5242/6786
f 4247/4308 4207/4306 4593/6803
f 4593/6803 4207/4306 4588/6794
f 4593/6803 4588/6794 6972/6802
f 6972/6802 4588/6794 6969/6795
f 4593/6803 4579/6798 4247/4308
f 4247/4308 4579/6798 3858/4309
f 6065/6352 6056/6347 6972/6802
f 6972/6802 6056/6347 6963/6800
f 6066/6671 6117/6672 6973/6805
f 6973/6805 6117/6672 6909/6783
f 6829/6806 3671/6807 6974/6808
f 6974/6808 3671/6807 4300/6809
f 5226/4554 4262/4551 5246/6781
f 5246/6781 4262/4551 4571/6804
f 6973/6805 6909/6783 4571/6804
f 4571/6804 6909/6783 5246/6781
f 4571/6804 5242/6786 6973/6805
f 6973/6805 5242/6786 6908/6789
f 6116/6670 6066/6671 6908/6789
f 6908/6789 6066/6671 6973/6805
f 6072/6357 6037/6523 6974/6808
f 6974/6808 6037/6523 6829/6806
f 5274/4564 3689/6759 5317/4569
f 5317/4569 3689/6759 4300/6809
f 3689/6759 6956/6760 4300/6809
f 4300/6809 6956/6760 6974/6808
f 3671/6807 5271/5247 4300/6809
f 4300/6809 5271/5247 5317/4569
f 4303/6810 3693/4312 5318/4571
f 5318/4571 3693/4312 5279/4314
f 6956/6760 6041/6356 6974/6808
f 6974/6808 6041/6356 6072/6357
f 6038/6359 6073/6358 6955/6811
f 6955/6811 6073/6358 6975/6812
f 6975/6812 6832/6557 4303/6810
f 4303/6810 6832/6557 3693/4312
f 5318/4571 5272/4570 4303/6810
f 4303/6810 5272/4570 3676/6813
f 4303/6810 3676/6813 6975/6812
f 6975/6812 3676/6813 6955/6811
f 5271/5247 3671/6807 5319/5245
f 5319/5245 3671/6807 4308/6814
f 6073/6358 6042/6525 6975/6812
f 6975/6812 6042/6525 6832/6557
f 6074/6524 6048/6530 6976/6815
f 6976/6815 6048/6530 6836/6816
f 4308/6814 3671/6807 6976/6815
f 6976/6815 3671/6807 6829/6806
f 5282/5253 5319/5245 3727/6817
f 3727/6817 5319/5245 4308/6814
f 6976/6815 6836/6816 4308/6814
f 4308/6814 6836/6816 3727/6817
f 6977/6818 6955/6811 4314/6819
f 4314/6819 6955/6811 3676/6813
f 6037/6523 6074/6524 6829/6806
f 6829/6806 6074/6524 6976/6815
f 6049/6531 6075/6363 6837/6563
f 6837/6563 6075/6363 6977/6818
f 5320/4574 5283/4321 4314/6819
f 4314/6819 5283/4321 3729/4319
f 4314/6819 3729/4319 6977/6818
f 6977/6818 3729/4319 6837/6563
f 5272/4570 5320/4574 3676/6813
f 3676/6813 5320/4574 4314/6819
f 5321/5263 5282/5253 4325/6820
f 4325/6820 5282/5253 3727/6817
f 4325/6820 3702/4545 5321/5263
f 5321/5263 3702/4545 5276/4543
f 6075/6363 6038/6359 6977/6818
f 6977/6818 6038/6359 6955/6811
f 6077/6527 6044/6526 6978/6821
f 6978/6821 6044/6526 6834/6657
f 4325/6820 3727/6817 6978/6821
f 6978/6821 3727/6817 6836/6816
f 6978/6821 6834/6657 4325/6820
f 4325/6820 6834/6657 3702/4545
f 4334/6822 3706/4333 4409/4514
f 4409/4514 3706/4333 4408/4332
f 6048/6530 6077/6527 6836/6816
f 6836/6816 6077/6527 6978/6821
f 6111/6655 6079/6528 6903/6656
f 6903/6656 6079/6528 6979/6823
f 6835/6652 3706/4333 6979/6823
f 6979/6823 3706/4333 4334/6822
f 4334/6822 4409/4514 5323/5266
f 5323/5266 4409/4514 5329/4513
f 4334/6822 5143/4544 6979/6823
f 6979/6823 5143/4544 6903/6656
f 5323/5266 5348/4542 4334/6822
f 4334/6822 5348/4542 5143/4544
f 6979/6823 6079/6528 6835/6652
f 6835/6652 6079/6528 6045/6529
f 3839/4516 5830/4982 4568/6824
f 4568/6824 5830/4982 5849/4983
f 4568/6824 5849/4983 6980/6825
f 6980/6825 5849/4983 6949/6754
f 5331/5270 5341/5275 4600/6826
f 4600/6826 5341/5275 5075/6776
f 6127/6751 6082/6369 6949/6754
f 6949/6754 6082/6369 6980/6825
f 4600/6826 5075/6776 6981/6827
f 6981/6827 5075/6776 6899/6778
f 5100/4328 5107/4329 4406/4534
f 4406/4534 5107/4329 4603/6828
f 6899/6778 6105/6646 6981/6827
f 6981/6827 6105/6646 6095/6374
f 6900/6650 6107/6648 6982/6829
f 6982/6829 6107/6648 6096/6643
f 5107/4329 6900/6650 4603/6828
f 4603/6828 6900/6650 6982/6829
f 5064/6777 5071/4536 4603/6828
f 4603/6828 5071/4536 4406/4534
f 6898/6773 5064/6777 6982/6829
f 6982/6829 5064/6777 4603/6828
f 6589/6045 5851/6046 6582/6028
f 6582/6028 5851/6046 4759/6830
f 6982/6829 6096/6643 6898/6773
f 6898/6773 6096/6643 6104/6644
f 6947/6749 6126/6748 6983/6831
f 6983/6831 6126/6748 6100/6367
f 4575/6784 6578/6027 4759/6830
f 4759/6830 6578/6027 6582/6028
f 6966/6785 4575/6784 6983/6831
f 6983/6831 4575/6784 4759/6830
f 5851/6046 6947/6749 4759/6830
f 4759/6830 6947/6749 6983/6831
f 6984/6832 6965/6833 4989/6834
f 4989/6834 6965/6833 4569/6835
f 6983/6831 6100/6367 6966/6785
f 6966/6785 6100/6367 6059/6366
f 6082/6369 6102/6368 6980/6825
f 6980/6825 6102/6368 6984/6832
f 4977/4322 3839/4516 4989/6834
f 4989/6834 3839/4516 4568/6824
f 4989/6834 4568/6824 6984/6832
f 6984/6832 4568/6824 6980/6825
f 3887/4323 4977/4322 4569/6835
f 4569/6835 4977/4322 4989/6834
f 5094/6836 4600/6826 6985/6837
f 6985/6837 4600/6826 6981/6827
f 6102/6368 6058/6373 6984/6832
f 6984/6832 6058/6373 6965/6833
f 6095/6374 6106/6376 6981/6827
f 6981/6827 6106/6376 6985/6837
f 5094/6836 3780/6769 5343/5257
f 5343/5257 3780/6769 5285/5254
f 6985/6837 6959/6770 5094/6836
f 5094/6836 6959/6770 3780/6769
f 5343/5257 5331/5270 5094/6836
f 5094/6836 5331/5270 4600/6826
f 5347/5286 5324/4581 5152/6838
f 5152/6838 5324/4581 4339/6767
f 6106/6376 6051/6379 6985/6837
f 6985/6837 6051/6379 6959/6770
f 6110/6382 6046/6383 6986/6839
f 6986/6839 6046/6383 6957/6762
f 5152/6838 4339/6767 6986/6839
f 6986/6839 4339/6767 6852/6766
f 5152/6838 3716/6761 5347/5286
f 5347/5286 3716/6761 5280/4577
f 6986/6839 6957/6762 5152/6838
f 5152/6838 6957/6762 3716/6761
f 6078/6564 6110/6382 6852/6766
f 6852/6766 6110/6382 6986/6839
f 5180/6840 6583/6041 5399/6044
f 5399/6044 6583/6041 6588/6042
f 4584/6036 6571/6035 5245/6841
f 5245/6841 6571/6035 6585/6034
f 6577/6033 4595/6032 6585/6034
f 6585/6034 4595/6032 5245/6841
f 6988/6842 6114/6574 6864/6665
f 6864/6665 6114/6574 6088/6575
f 6989/6843 6967/6788 5241/6844
f 5241/6844 6967/6788 4570/6787
f 6864/6665 4584/6036 6988/6842
f 6988/6842 4584/6036 5245/6841
f 4595/6032 6870/6662 5245/6841
f 5245/6841 6870/6662 6988/6842
f 6870/6662 6094/6592 6988/6842
f 6988/6842 6094/6592 6114/6574
f 6118/6386 6060/6387 6989/6843
f 6989/6843 6060/6387 6967/6788
f 5202/4546 3887/4323 5241/6844
f 5241/6844 3887/4323 4569/6835
f 5241/6844 4569/6835 6989/6843
f 6989/6843 4569/6835 6965/6833
f 4190/4547 5202/4546 4570/6787
f 4570/6787 5202/4546 5241/6844
f 6058/6373 6118/6386 6965/6833
f 6965/6833 6118/6386 6989/6843
f 5446/5294 5349/5297 5412/6845
f 5412/6845 5349/5297 5159/6678
f 6905/6846 6112/6661 6990/6847
f 6990/6847 6112/6661 6122/6391
f 5412/6845 5159/6678 6990/6847
f 6990/6847 5159/6678 6905/6846
f 5286/5278 5446/5294 3803/6775
f 3803/6775 5446/5294 5412/6845
f 6961/6779 3803/6775 6990/6847
f 6990/6847 3803/6775 5412/6845
f 5526/4532 5584/4591 5516/6848
f 5516/6848 5584/4591 5569/6634
f 6990/6847 6122/6391 6961/6779
f 6961/6779 6122/6391 6054/6389
f 6125/6734 6123/6603 6939/6849
f 6939/6849 6123/6603 6991/6850
f 4675/4452 5526/4532 4671/4450
f 4671/4450 5526/4532 5516/6848
f 6991/6850 6879/6726 5516/6848
f 5516/6848 6879/6726 4671/4450
f 5516/6848 5569/6634 6991/6850
f 6991/6850 5569/6634 6939/6849
f 6123/6603 6099/6602 6991/6850
f 6991/6850 6099/6602 6879/6726
f 6952/6758 6000/5692 6992/6851
f 6992/6851 6000/5692 6301/5693
f 6284/5676 5983/5608 6334/6852
f 6334/6852 5983/5608 6032/6755
f 6032/6755 6951/6756 6334/6852
f 6334/6852 6951/6756 6993/6853
f 6951/6756 5975/5626 6993/6853
f 6993/6853 5975/5626 6276/5696
f 6992/6851 6301/5693 6994/6854
f 6994/6854 6301/5693 6374/5788
f 6357/5764 6284/5676 6407/6855
f 6407/6855 6284/5676 6334/6852
f 6407/6855 6334/6852 6995/6856
f 6995/6856 6334/6852 6993/6853
f 6996/6857 6843/6642 6480/6858
f 6480/6858 6843/6642 5044/6537
f 6993/6853 6276/5696 6995/6856
f 6995/6856 6276/5696 6349/5793
f 6422/5795 3822/5797 6996/6857
f 6996/6857 3822/5797 6843/6642
f 6994/6854 6374/5788 6997/6859
f 6997/6859 6374/5788 6447/6860
f 6430/5763 6357/5764 6480/6858
f 6480/6858 6357/5764 6407/6855
f 6480/6858 6407/6855 6996/6857
f 6996/6857 6407/6855 6995/6856
f 5044/6537 4404/4722 6480/6858
f 6480/6858 4404/4722 6430/5763
f 6995/6856 6349/5793 6996/6857
f 6996/6857 6349/5793 6422/5795
f 5160/5153 5379/6533 6441/5785
f 6441/5785 5379/6533 6447/6860
f 6374/5788 6368/5787 6447/6860
f 6447/6860 6368/5787 6441/5785
f 6517/6861 6063/6351 6825/6517
f 6825/6517 6063/6351 6748/6350
f 6798/6456 6091/6588 6826/6519
f 6826/6519 6091/6588 6518/6862
f 6091/6588 6867/6589 6518/6862
f 6518/6862 6867/6589 6998/6863
f 6867/6589 4589/6023 6998/6863
f 6998/6863 4589/6023 6500/6047
f 6999/6864 6970/6801 6517/6861
f 6517/6861 6970/6801 6063/6351
f 6501/6055 4590/6796 6999/6864
f 6999/6864 4590/6796 6970/6801
f 6561/6865 6827/6520 6518/6862
f 6518/6862 6827/6520 6826/6519
f 6518/6862 6998/6863 6561/6865
f 6561/6865 6998/6863 7000/6866
f 6825/6517 6828/6522 6517/6861
f 6517/6861 6828/6522 6595/6867
f 6998/6863 6500/6047 7000/6866
f 7000/6866 6500/6047 6560/6053
f 7001/6868 6594/6054 6999/6864
f 6999/6864 6594/6054 6501/6055
f 6828/6522 6827/6520 6595/6867
f 6595/6867 6827/6520 6561/6865
f 6561/6865 7000/6866 6595/6867
f 6595/6867 7000/6866 7001/6868
f 7001/6868 6999/6864 6595/6867
f 6595/6867 6999/6864 6517/6861
f 6605/6869 3902/6540 6616/6076
f 6616/6076 3902/6540 3928/6075
f 7000/6866 6560/6053 7001/6868
f 7001/6868 6560/6053 6594/6054
f 5433/6282 6637/6283 6930/6870
f 6930/6870 6637/6283 7002/6871
f 7002/6871 6844/6542 6605/6869
f 6605/6869 6844/6542 3902/6540
f 6616/6076 4629/6216 6605/6869
f 6605/6869 4629/6216 4628/6872
f 6605/6869 4628/6872 7002/6871
f 7002/6871 4628/6872 6930/6870
f 7003/6873 6934/6718 6635/6874
f 6635/6874 6934/6718 5479/6129
f 6637/6283 5387/6538 7002/6871
f 7002/6871 5387/6538 6844/6542
f 6603/6691 5455/6717 7003/6873
f 7003/6873 5455/6717 6934/6718
f 6652/6180 5164/6179 6635/6874
f 6635/6874 5164/6179 5417/6720
f 6635/6874 5417/6720 7003/6873
f 7003/6873 5417/6720 6921/6722
f 5473/4430 6652/6180 5479/6129
f 5479/6129 6652/6180 6635/6874
f 3793/6690 6603/6691 6921/6722
f 6921/6722 6603/6691 7003/6873
f 6689/6875 5499/6693 7004/6876
f 7004/6876 5499/6693 6935/6721
f 6721/6877 5510/6719 6719/6314
f 6719/6314 5510/6719 5505/6184
f 7004/6876 6935/6721 6721/6877
f 6721/6877 6935/6721 5510/6719
f 6719/6314 5173/6313 6721/6877
f 6721/6877 5173/6313 5426/6878
f 5052/6593 6872/6632 6806/6879
f 6806/6879 6872/6632 7006/6880
f 6872/6632 3825/6511 7006/6880
f 7006/6880 3825/6511 6802/6512
f 6806/6879 6103/6881 6738/6473
f 6738/6473 6103/6881 6053/6645
f 6738/6473 3830/6471 6806/6879
f 6806/6879 3830/6471 5052/6593
f 6813/6490 6112/6661 6820/6882
f 6820/6882 6112/6661 6121/6883
f 5163/6489 6813/6490 5416/6660
f 5416/6660 6813/6490 6820/6882
f 7007/6884 6920/6885 6820/6882
f 6820/6882 6920/6885 5416/6660
f 7007/6884 6820/6882 6954/6886
f 6954/6886 6820/6882 6121/6883
f 5159/6678 5378/6677 6905/6846
f 6905/6846 5378/6677 6917/6887
f 6121/6883 6112/6661 6917/6887
f 6917/6887 6112/6661 6905/6846
f 3808/6888 7010/6889 3915/6890
f 3915/6890 7010/6889 7011/6891
f 7010/6889 26/3316 7011/6891
f 7011/6891 26/3316 32/3317
f 7011/6891 32/3317 7014/6892
f 7014/6892 32/3317 34/3318
f 33/3321 7012/6893 34/3318
f 34/3318 7012/6893 7014/6892
f 7015/6894 4462/6895 7012/6893
f 7012/6893 4462/6895 4056/6896
f 7012/6893 33/3321 7015/6894
f 7015/6894 33/3321 68/3325
f 68/3325 27/3326 7015/6894
f 7015/6894 27/3326 7009/6897
f 7009/6897 3807/6898 7015/6894
f 7015/6894 3807/6898 4462/6895
f 7010/6889 3808/6888 7013/6899
f 7013/6899 3808/6888 4078/6900
f 6128/6901 4791/6902 103/3332
f 103/3332 4791/6902 25/3334
f 6128/6901 103/3332 7013/6899
f 7013/6899 103/3332 35/3335
f 7013/6899 35/3335 7010/6889
f 7010/6889 35/3335 26/3316
f 7006/6880 6802/6512 6953/6903
f 6953/6903 6802/6512 6097/6735
f 5569/6634 4573/6633 6939/6849
f 6939/6849 4573/6633 6871/6904
f 6097/6735 6125/6734 6871/6904
f 6871/6904 6125/6734 6939/6849
f 6889/6905 6960/6774 6103/6881
f 6103/6881 6960/6774 6053/6645
f 6953/6903 6097/6735 7016/6906
f 7016/6906 6097/6735 6871/6904
f 6806/6879 7006/6880 6103/6881
f 6103/6881 7006/6880 6953/6903
f 5051/6771 3831/6772 6889/6905
f 6889/6905 3831/6772 6960/6774
f 6894/6907 5051/6771 7016/6906
f 7016/6906 5051/6771 6889/6905
f 6103/6881 6953/6903 6889/6905
f 6889/6905 6953/6903 7016/6906
f 6892/6675 5047/6674 6894/6907
f 6894/6907 5047/6674 5051/6771
f 3824/6628 6892/6675 4573/6633
f 4573/6633 6892/6675 6894/6907
f 7016/6906 6871/6904 6894/6907
f 6894/6907 6871/6904 4573/6633
f 3901/6539 4947/4023 3903/6908
f 3903/6908 4947/4023 4914/4024
f 4480/4005 4494/3981 4064/6909
f 3902/6540 3901/6539 3928/6075
f 3928/6075 3901/6539 3903/6908
f 4914/4024 4480/4005 7017/6910
f 7017/6910 4480/4005 4064/6909
f 3903/6908 4914/4024 7017/6910
f 4064/6909 4494/3981 4170/6911
f 4170/6911 4494/3981 4497/3979
f 3928/6075 3903/6908 4172/6073
f 4172/6073 3903/6908 4171/6912
f 7017/6910 4064/6909 7018/6913
f 7018/6913 4064/6909 4170/6911
f 3903/6908 7017/6910 4171/6912
f 4171/6912 7017/6910 7018/6913
f 4170/6911 4497/3979 6207/6914
f 6207/6914 4497/3979 6211/5501
f 6208/6915 6167/6202 4171/6912
f 4171/6912 6167/6202 4172/6073
f 7019/6916 6208/6915 7018/6913
f 7018/6913 6208/6915 4171/6912
f 7018/6913 4170/6911 7019/6916
f 7019/6916 4170/6911 6207/6914
f 4499/3869 4176/3870 4500/5467
f 4500/5467 4176/3870 4065/6917
f 3929/6918 3927/6206 6208/6915
f 6208/6915 3927/6206 6167/6202
f 6208/6915 7019/6916 3929/6918
f 3929/6918 7019/6916 7020/6919
f 6207/6914 6211/5501 4065/6917
f 4065/6917 6211/5501 4500/5467
f 7019/6916 6207/6914 7020/6919
f 7020/6919 6207/6914 4065/6917
f 5429/6920 5177/6029 6587/6921
f 6587/6921 5177/6029 6583/6041
f 6209/6922 4174/6923 6590/6924
f 6590/6924 4174/6923 6580/6925
f 6590/6924 6569/6926 6209/6922
f 6209/6922 6569/6926 3924/6927
f 6570/6928 6580/6925 3923/6929
f 3923/6929 6580/6925 4174/6923
f 5804/4912 5177/6029 5812/6930
f 5812/6930 5177/6029 5429/6920
f 6579/6931 6570/6928 7021/6932
f 7021/6932 6570/6928 3923/6929
f 7021/6932 5429/6920 6579/6931
f 6579/6931 5429/6920 6587/6921
f 5812/6930 5429/6920 7027/6933
f 7027/6933 5429/6920 7021/6932
f 5409/6934 5190/4911 5812/6930
f 5812/6930 5190/4911 5804/4912
f 94/3369 90/786 5405/6935
f 5405/6935 90/786 5186/4374
f 104/3373 38/3371 7033/6936
f 7033/6936 38/3371 7032/6937
f 7033/6936 7034/6938 104/3373
f 104/3373 7034/6938 39/3374
f 5405/6935 5186/4374 5430/6939
f 5430/6939 5186/4374 5178/4373
f 5430/6939 5178/4373 5407/6940
f 5407/6940 5178/4373 5188/4759
f 7033/6936 7032/6937 6210/6941
f 6210/6941 7032/6937 4179/6942
f 7034/6938 7033/6936 4180/6943
f 4180/6943 7033/6936 6210/6941
f 5407/6940 5188/4759 5735/6944
f 5735/6944 5188/4759 5727/4758
f 6210/6941 4179/6942 7042/6945
f 7042/6945 4179/6942 7041/6946
f 4180/6943 6210/6941 7043/6947
f 7043/6947 6210/6941 7042/6945
f 5431/6948 5179/4757 5409/6934
f 5409/6934 5179/4757 5190/4911
f 5735/6944 5727/4758 5431/6948
f 5431/6948 5727/4758 5179/4757
f 7025/6949 7024/6950 6209/6922
f 6209/6922 7024/6950 4174/6923
f 7042/6945 7041/6946 7048/6951
f 7048/6951 7041/6946 7047/6952
f 7024/6950 7025/6949 7053/6953
f 7053/6953 7025/6949 7054/6954
f 7048/6951 7047/6952 7054/6954
f 7054/6954 7047/6952 7053/6953
f 6209/6922 3924/6927 7025/6949
f 7025/6949 3924/6927 7026/6955
f 7055/6956 7054/6954 7026/6955
f 7026/6955 7054/6954 7025/6949
f 7043/6947 7042/6945 7049/6957
f 7049/6957 7042/6945 7048/6951
f 7049/6957 7048/6951 7055/6956
f 7055/6956 7048/6951 7054/6954
f 7028/6958 5409/6934 7027/6933
f 7027/6933 5409/6934 5812/6930
f 7050/6959 5431/6948 7028/6958
f 7028/6958 5431/6948 5409/6934
f 7044/6960 5735/6944 7050/6959
f 7050/6959 5735/6944 5431/6948
f 7038/6961 5407/6940 7044/6960
f 7044/6960 5407/6940 5735/6944
f 7037/6962 5430/6939 7038/6961
f 7038/6961 5430/6939 5407/6940
f 110/3400 94/3369 7029/6963
f 7029/6963 94/3369 5405/6935
f 7029/6963 5405/6935 7037/6962
f 7037/6962 5405/6935 5430/6939
f 110/3400 7029/6963 109/3403
f 109/3403 7029/6963 7030/6964
f 7030/6964 7029/6963 7036/6965
f 7036/6965 7029/6963 7037/6962
f 7036/6965 7037/6962 7039/6966
f 7039/6966 7037/6962 7038/6961
f 7039/6966 7038/6961 7045/6967
f 7045/6967 7038/6961 7044/6960
f 7028/6958 7027/6933 7022/6968
f 7022/6968 7027/6933 7021/6932
f 7051/6969 7050/6959 7022/6968
f 7022/6968 7050/6959 7028/6958
f 7045/6967 7044/6960 7051/6969
f 7051/6969 7044/6960 7050/6959
f 7023/6970 7022/6968 3923/6929
f 3923/6929 7022/6968 7021/6932
f 3923/6929 4174/6923 7023/6970
f 7023/6970 4174/6923 7024/6950
f 7052/6971 7053/6953 7046/6972
f 7046/6972 7053/6953 7047/6952
f 7052/6971 7051/6969 7023/6970
f 7023/6970 7051/6969 7022/6968
f 7023/6970 7024/6950 7052/6971
f 7052/6971 7024/6950 7053/6953
f 7046/6972 7047/6952 7040/6973
f 7040/6973 7047/6952 7041/6946
f 7046/6972 7045/6967 7052/6971
f 7052/6971 7045/6967 7051/6969
f 7035/6974 7036/6965 7040/6973
f 7040/6973 7036/6965 7039/6966
f 7040/6973 7039/6966 7046/6972
f 7046/6972 7039/6966 7045/6967
f 7035/6974 4179/6942 7031/6975
f 7031/6975 4179/6942 7032/6937
f 7040/6973 7041/6946 7035/6974
f 7035/6974 7041/6946 4179/6942
f 7031/6975 7032/6937 108/3415
f 108/3415 7032/6937 38/3371
f 109/3403 7030/6964 108/3415
f 108/3415 7030/6964 7031/6975
f 7031/6975 7030/6964 7035/6974
f 7035/6974 7030/6964 7036/6965
f 6098/6601 6803/6462 6120/6976
f 6120/6976 6803/6462 6819/6506
f 6587/6921 6583/6041 5432/6977
f 5432/6977 6583/6041 5180/6840
f 6580/6925 6570/6928 4597/6978
f 4597/6978 6570/6928 4596/6979
f 4597/6978 4596/6979 7059/6980
f 7059/6980 4596/6979 7058/6981
f 6590/6924 6580/6925 6212/6982
f 6212/6982 6580/6925 4597/6978
f 6212/6982 4597/6978 7060/6983
f 7060/6983 4597/6978 7059/6980
f 6569/6926 6590/6924 4598/6984
f 4598/6984 6590/6924 6212/6982
f 6212/6982 7060/6983 4598/6984
f 4598/6984 7060/6983 7061/6985
f 4576/6986 4596/6979 6579/6931
f 6579/6931 4596/6979 6570/6928
f 6579/6931 6587/6921 4576/6986
f 4576/6986 6587/6921 5432/6977
f 6878/6684 6098/6601 6914/6683
f 6914/6683 6098/6601 6120/6976
f 5399/6044 6914/6683 5180/6840
f 5180/6840 6914/6683 6987/6987
f 6914/6683 6120/6976 6987/6987
f 6987/6987 6120/6976 7062/6988
f 7056/6989 5432/6977 6987/6987
f 6987/6987 5432/6977 5180/6840
f 5432/6977 7056/6989 4576/6986
f 4576/6986 7056/6989 7057/6990
f 7057/6990 7058/6981 4576/6986
f 4576/6986 7058/6981 4596/6979
f 6120/6976 6819/6506 7062/6988
f 7062/6988 6819/6506 6765/6991
f 6987/6987 7062/6988 7056/6989
f 7056/6989 7062/6988 7063/6992
f 7059/6980 7058/6981 4173/6993
f 4173/6993 7058/6981 3926/6994
f 7060/6983 7059/6980 6166/6995
f 6166/6995 7059/6980 4173/6993
f 7060/6983 6166/6995 7061/6985
f 7061/6985 6166/6995 3925/6996
f 5176/6997 6765/6991 5395/6505
f 5395/6505 6765/6991 6819/6506
f 5395/6505 6704/6281 5176/6997
f 5176/6997 6704/6281 6696/6279
f 6676/6998 4629/6216 6688/6999
f 6688/6999 4629/6216 4630/6203
f 4173/6993 3926/6994 7068/7000
f 7068/7000 3926/6994 7067/7001
f 7074/7002 6676/6998 7075/7003
f 7075/7003 6676/6998 6688/6999
f 7068/7000 7067/7001 7075/7003
f 7075/7003 7067/7001 7074/7002
f 4630/6203 6213/6204 6688/6999
f 6688/6999 6213/6204 6728/7004
f 6166/6995 4173/6993 7069/7005
f 7069/7005 4173/6993 7068/7000
f 6688/6999 6728/7004 7075/7003
f 7075/7003 6728/7004 7076/7006
f 7069/7005 7068/7000 7076/7006
f 7076/7006 7068/7000 7075/7003
f 6675/7007 6728/7004 4627/6215
f 4627/6215 6728/7004 6213/6204
f 7077/7008 7076/7006 6675/7007
f 6675/7007 7076/7006 6728/7004
f 3925/6996 6166/6995 7070/7009
f 7070/7009 6166/6995 7069/7005
f 7070/7009 7069/7005 7077/7008
f 7077/7008 7069/7005 7076/7006
f 6687/7010 4628/6872 6676/6998
f 6676/6998 4628/6872 4629/6216
f 7005/7011 6930/6870 6687/7010
f 6687/7010 6930/6870 4628/6872
f 7072/7012 7005/7011 7073/7013
f 7073/7013 7005/7011 6687/7010
f 7074/7002 7067/7001 7073/7013
f 7073/7013 7067/7001 7066/7014
f 6676/6998 7074/7002 6687/7010
f 6687/7010 7074/7002 7073/7013
f 7056/6989 7063/6992 7057/6990
f 7057/6990 7063/6992 7064/7015
f 7067/7001 3926/6994 7066/7014
f 7066/7014 3926/6994 7064/7015
f 3926/6994 7058/6981 7064/7015
f 7064/7015 7058/6981 7057/6990
f 6696/6279 5181/6278 6703/7016
f 6703/7016 5181/6278 5433/6282
f 6703/7016 5433/6282 7005/7011
f 7005/7011 5433/6282 6930/6870
f 6765/6991 5176/6997 7065/7017
f 7065/7017 5176/6997 7071/7018
f 7062/6988 6765/6991 7063/6992
f 7063/6992 6765/6991 7065/7017
f 7066/7014 7064/7015 7065/7017
f 7065/7017 7064/7015 7063/6992
f 7073/7013 7066/7014 7072/7012
f 7072/7012 7066/7014 7065/7017
f 7071/7018 7072/7012 7065/7017
f 5176/6997 6696/6279 7071/7018
f 7071/7018 6696/6279 6703/7016
f 7005/7011 7072/7012 6703/7016
f 6703/7016 7072/7012 7071/7018
f 6904/6687 5192/6658 6915/7019
f 6915/7019 5192/6658 5411/6659
f 6721/6877 5426/6878 7004/6876
f 7004/6876 5426/6878 6927/7020
f 5411/6659 5416/6660 6888/7021
f 6888/7021 5416/6660 6920/6885
f 6890/7022 6873/7023 4646/7024
f 4646/7024 6873/7023 4647/7025
f 6890/7022 4646/7024 7078/7026
f 7078/7026 4646/7024 6927/7020
f 4646/7024 6689/6875 6927/7020
f 6927/7020 6689/6875 7004/6876
f 6920/6885 3792/7027 6888/7021
f 6888/7021 3792/7027 5041/7028
f 5041/7028 6890/7022 6888/7021
f 6888/7021 6890/7022 7078/7026
f 6915/7019 5411/6659 7078/7026
f 7078/7026 5411/6659 6888/7021
f 5173/6313 6904/6687 5426/6878
f 5426/6878 6904/6687 6915/7019
f 7078/7026 6927/7020 6915/7019
f 6915/7019 6927/7020 5426/6878
f 6997/6859 6447/6860 6840/7029
f 6840/7029 6447/6860 5379/6533
f 6954/6886 6121/6883 7008/7030
f 7008/7030 6121/6883 6917/6887
f 5415/6532 6919/7031 5379/6533
f 5379/6533 6919/7031 6840/7029
f 7008/7030 6917/6887 6839/7032
f 6839/7032 6917/6887 5378/6677
f 5973/7033 6952/6758 6274/7034
f 6274/7034 6952/6758 6992/6851
f 6274/7034 6992/6851 6347/7035
f 6347/7035 6992/6851 6994/6854
f 6997/6859 6420/7036 6994/6854
f 6994/6854 6420/7036 6347/7035
f 6420/7036 7084/7037 6347/7035
f 6347/7035 7084/7037 7085/7038
f 6347/7035 7085/7038 6274/7034
f 6274/7034 7085/7038 7086/7039
f 6274/7034 7086/7039 5973/7033
f 5973/7033 7086/7039 7087/7040
f 6954/6886 6052/7041 7007/6884
f 7007/6884 6052/7041 6780/7042
f 3792/7027 6920/6885 6780/7042
f 6780/7042 6920/6885 7007/6884
f 5662/6736 6941/6757 5445/6679
f 5445/6679 6941/6757 6911/7043
f 5602/7044 6941/6757 5973/7033
f 5973/7033 6941/6757 6952/6758
f 6839/7032 5378/6677 6911/7043
f 6911/7043 5378/6677 5445/6679
f 5053/7045 5041/7028 3800/7046
f 3800/7046 5041/7028 3792/7027
f 6873/7023 6890/7022 5053/7045
f 5053/7045 6890/7022 5041/7028
f 7090/7047 7091/7048 7086/7039
f 7086/7039 7091/7048 7087/7040
f 7090/7047 7086/7039 7089/7049
f 7089/7049 7086/7039 7085/7038
f 3800/7046 3792/7027 7095/7050
f 7095/7050 3792/7027 6780/7042
f 6919/7031 5415/6532 6948/7051
f 6948/7051 5415/6532 5927/6750
f 5436/5165 6932/6714 5927/6750
f 5927/6750 6932/6714 6948/7051
f 4705/7052 6932/6714 3791/7053
f 3791/7053 6932/6714 6918/6715
f 3791/7053 6918/6715 4788/7054
f 4788/7054 6918/6715 6933/6716
f 7111/7055 3791/7053 7112/7056
f 7112/7056 3791/7053 4788/7054
f 3801/7057 7111/7055 4789/7058
f 4789/7058 7111/7055 7112/7056
f 7112/7056 4788/7054 111/3500
f 111/3500 4788/7054 23/3499
f 4788/7054 6933/6716 23/3499
f 23/3499 6933/6716 107/3140
f 4791/6902 4789/7058 25/3334
f 25/3334 4789/7058 24/3501
f 4789/7058 7112/7056 24/3501
f 24/3501 7112/7056 111/3500
f 7108/7059 6948/7051 4705/7052
f 4705/7052 6948/7051 6932/6714
f 7110/7060 4705/7052 7111/7055
f 7111/7055 4705/7052 3791/7053
f 7013/6899 4078/6900 6128/6901
f 6128/6901 4078/6900 3918/7061
f 7084/7037 6420/7036 7080/7062
f 7080/7062 6420/7036 7079/7063
f 6420/7036 6997/6859 7079/7063
f 7079/7063 6997/6859 6840/7029
f 7113/7064 7108/7059 7110/7060
f 7110/7060 7108/7059 4705/7052
f 3806/7065 6919/7031 7108/7059
f 7108/7059 6919/7031 6948/7051
f 7079/7063 6840/7029 3806/7065
f 3806/7065 6840/7029 6919/7031
f 7080/7062 7079/7063 7109/7066
f 7109/7066 7079/7063 3806/7065
f 7108/7059 7113/7064 3806/7065
f 3806/7065 7113/7064 7109/7066
f 7113/7064 7114/7067 7109/7066
f 7109/7066 7114/7067 5870/7068
f 7111/7055 3801/7057 7110/7060
f 7110/7060 3801/7057 4706/7069
f 7113/7064 7110/7060 7114/7067
f 7114/7067 7110/7060 4706/7069
f 3809/7070 3801/7057 4791/6902
f 4791/6902 3801/7057 4789/7058
f 4791/6902 6128/6901 3809/7070
f 3809/7070 6128/6901 3918/7061
f 7115/7071 4706/7069 3809/7070
f 3809/7070 4706/7069 3801/7057
f 7081/7072 7080/7062 5870/7068
f 5870/7068 7080/7062 7109/7066
f 7080/7062 7081/7072 7084/7037
f 7084/7037 7081/7072 7088/7073
f 7089/7049 7085/7038 7088/7073
f 7088/7073 7085/7038 7084/7037
f 7115/7071 3809/7070 7092/7074
f 7092/7074 3809/7070 3918/7061
f 7115/7071 5870/7068 4706/7069
f 4706/7069 5870/7068 7114/7067
f 5586/4780 5591/4930 4463/7075
f 4463/7075 5591/4930 4906/4928
f 4463/7075 5667/6742 5586/4780
f 5586/4780 5667/6742 5740/4779
f 6858/6618 6944/6741 4463/7075
f 4463/7075 6944/6741 5667/6742
f 6884/6617 6858/6618 4906/4928
f 4906/4928 6858/6618 4463/7075
f 6877/7076 6873/7023 7102/7077
f 7102/7077 6873/7023 5053/7045
f 7095/7050 7100/7078 3800/7046
f 3800/7046 7100/7078 7101/7079
f 7102/7077 5053/7045 7101/7079
f 7101/7079 5053/7045 3800/7046
f 5870/7068 7115/7071 7081/7072
f 7081/7072 7115/7071 7116/7080
f 7088/7073 7081/7072 7117/7081
f 7117/7081 7081/7072 7116/7080
f 7117/7081 7104/7082 7088/7073
f 7088/7073 7104/7082 7089/7049
f 7103/7083 7090/7047 7104/7082
f 7104/7082 7090/7047 7089/7049
f 7091/7048 7090/7047 7097/7084
f 7097/7084 7090/7047 7103/7083
f 7115/7071 7092/7074 7116/7080
f 7116/7080 7092/7074 7121/7085
f 7092/7074 3918/7061 4080/7086
f 4080/7086 3918/7061 4078/6900
f 7121/7085 7092/7074 7126/7087
f 7126/7087 7092/7074 4080/7086
f 4080/7086 4078/6900 3810/7088
f 3810/7088 4078/6900 3808/6888
f 7126/7087 4080/7086 7127/7089
f 7127/7089 4080/7086 3810/7088
f 3919/3823 3797/3874 4363/7090
f 4363/7090 3797/3874 4353/3872
f 3911/6700 3909/6695 5456/7091
f 5456/7091 3909/6695 5455/6717
f 4353/3872 4359/3871 3798/7092
f 3798/7092 4359/3871 3911/6700
f 5456/7091 5455/6717 6643/6689
f 6643/6689 5455/6717 6603/6691
f 4363/7090 4353/3872 7131/7093
f 7131/7093 4353/3872 3798/7092
f 6643/6689 3799/6688 6604/7094
f 6604/7094 3799/6688 3912/7095
f 3798/7092 3911/6700 7136/7096
f 7136/7096 3911/6700 5456/7091
f 7130/7097 7131/7093 7136/7096
f 7136/7096 7131/7093 3798/7092
f 7136/7096 5456/7091 6604/7094
f 6604/7094 5456/7091 6643/6689
f 3912/7095 3799/6688 5486/7098
f 5486/7098 3799/6688 5480/6692
f 6705/7099 6689/6875 4647/7025
f 4647/7025 6689/6875 4646/7024
f 4647/7025 6873/7023 4651/7100
f 4651/7100 6873/7023 6877/7076
f 5480/6692 5499/6693 6705/7099
f 6705/7099 5499/6693 6689/6875
f 5486/7098 5480/6692 7137/7101
f 7137/7101 5480/6692 6705/7099
f 4647/7025 4651/7100 6705/7099
f 6705/7099 4651/7100 7137/7101
f 7136/7096 6604/7094 7130/7097
f 7130/7097 6604/7094 3912/7095
f 4651/7100 6877/7076 7137/7101
f 7137/7101 6877/7076 7120/7102
f 7101/7079 7118/7103 7102/7077
f 7102/7077 7118/7103 7119/7104
f 7120/7102 6877/7076 7119/7104
f 7119/7104 6877/7076 7102/7077
f 7101/7079 7100/7078 7118/7103
f 7118/7103 7100/7078 7107/7105
f 7117/7081 7116/7080 7122/7106
f 7122/7106 7116/7080 7121/7085
f 7104/7082 7117/7081 7103/7083
f 7103/7083 7117/7081 7122/7106
f 7122/7106 7121/7085 7123/7107
f 7123/7107 7121/7085 7126/7087
f 7130/7097 3912/7095 7129/7108
f 7129/7108 3912/7095 5486/7098
f 5486/7098 7137/7101 7129/7108
f 7129/7108 7137/7101 7120/7102
f 4364/7109 4360/7110 4079/3822
f 4079/3822 4360/7110 3913/3824
f 4079/3822 3919/3823 4364/7109
f 4364/7109 3919/3823 4363/7090
f 4364/7109 4363/7090 7132/7111
f 7132/7111 4363/7090 7131/7093
f 7123/7107 7126/7087 7124/7112
f 7124/7112 7126/7087 7127/7089
f 3917/3825 3913/3824 4362/7113
f 4362/7113 3913/3824 4360/7110
f 7142/7114 7105/7115 7122/7106
f 7122/7106 7105/7115 7103/7083
f 7141/7116 7119/7104 7107/7105
f 7107/7105 7119/7104 7118/7103
f 7139/7117 7129/7108 7140/7118
f 7140/7118 7129/7108 7120/7102
f 7120/7102 7119/7104 7140/7118
f 7140/7118 7119/7104 7141/7116
f 7138/7119 7130/7097 7139/7117
f 7139/7117 7130/7097 7129/7108
f 7132/7111 7131/7093 7138/7119
f 7138/7119 7131/7093 7130/7097
f 4360/7110 4364/7109 7133/7120
f 7133/7120 4364/7109 7132/7111
f 7139/7117 7148/7121 7138/7119
f 7138/7119 7148/7121 7159/7122
f 7133/7120 7132/7111 7159/7122
f 7159/7122 7132/7111 7138/7119
f 4362/7113 4360/7110 7134/7123
f 7134/7123 4360/7110 7133/7120
f 7134/7123 7133/7120 7160/7124
f 7160/7124 7133/7120 7159/7122
f 7122/7106 7123/7107 7142/7114
f 7142/7114 7123/7107 7144/7125
f 7123/7107 7124/7112 7144/7125
f 7144/7125 7124/7112 7149/7126
f 7160/7124 7159/7122 7153/7127
f 7153/7127 7159/7122 7148/7121
f 7148/7121 7139/7117 7147/7128
f 7147/7128 7139/7117 7140/7118
f 7153/7127 7148/7121 7152/7129
f 7152/7129 7148/7121 7147/7128
f 7147/7128 7140/7118 7146/7130
f 7146/7130 7140/7118 7141/7116
f 7151/7131 7152/7129 7146/7130
f 7146/7130 7152/7129 7147/7128
f 7087/7040 7091/7048 7093/7132
f 7093/7132 7091/7048 7097/7084
f 5973/7033 7087/7040 5602/7044
f 5602/7044 7087/7040 7093/7132
f 6941/6757 5602/7044 6911/7043
f 6911/7043 5602/7044 7096/7133
f 6052/7041 6954/6886 7083/7134
f 7083/7134 6954/6886 7008/7030
f 7107/7105 7100/7078 7106/7135
f 7106/7135 7100/7078 7099/7136
f 7141/7116 7107/7105 7143/7137
f 7143/7137 7107/7105 7106/7135
f 7145/7138 7146/7130 7143/7137
f 7143/7137 7146/7130 7141/7116
f 7150/7139 7151/7131 7145/7138
f 7145/7138 7151/7131 7146/7130
f 7142/7114 7144/7125 7171/7140
f 7171/7140 7144/7125 7172/7141
f 7145/7138 7143/7137 7167/7142
f 7167/7142 7143/7137 7166/7143
f 7167/7142 7166/7143 7172/7141
f 7172/7141 7166/7143 7171/7140
f 7144/7125 7149/7126 7172/7141
f 7172/7141 7149/7126 7173/7144
f 7145/7138 7167/7142 7150/7139
f 7150/7139 7167/7142 7168/7145
f 7167/7142 7172/7141 7168/7145
f 7168/7145 7172/7141 7173/7144
f 7105/7115 7142/7114 7170/7146
f 7170/7146 7142/7114 7171/7140
f 7097/7084 7103/7083 7098/7147
f 7098/7147 7103/7083 7105/7115
f 7098/7147 7105/7115 7175/7148
f 7175/7148 7105/7115 7170/7146
f 7082/7149 6839/7032 7096/7133
f 7096/7133 6839/7032 6911/7043
f 7083/7134 7008/7030 7082/7149
f 7082/7149 7008/7030 6839/7032
f 7162/7150 7096/7133 7093/7132
f 7093/7132 7096/7133 5602/7044
f 7093/7132 7097/7084 7162/7150
f 7162/7150 7097/7084 7098/7147
f 7162/7150 7098/7147 7176/7151
f 7176/7151 7098/7147 7175/7148
f 7176/7151 7082/7149 7162/7150
f 7162/7150 7082/7149 7096/7133
f 7095/7050 6780/7042 7094/7152
f 7094/7152 6780/7042 6052/7041
f 7094/7152 6052/7041 7163/7153
f 7163/7153 6052/7041 7083/7134
f 7100/7078 7095/7050 7099/7136
f 7099/7136 7095/7050 7094/7152
f 7163/7153 7083/7134 7176/7151
f 7176/7151 7083/7134 7082/7149
f 7164/7154 7163/7153 7175/7148
f 7175/7148 7163/7153 7176/7151
f 7099/7136 7094/7152 7164/7154
f 7164/7154 7094/7152 7163/7153
f 7106/7135 7099/7136 7165/7155
f 7165/7155 7099/7136 7164/7154
f 7175/7148 7170/7146 7164/7154
f 7164/7154 7170/7146 7165/7155
f 7165/7155 7166/7143 7106/7135
f 7106/7135 7166/7143 7143/7137
f 7170/7146 7171/7140 7165/7155
f 7165/7155 7171/7140 7166/7143
f 7128/7156 7125/7157 7127/7089
f 7127/7089 7125/7157 7124/7112
f 7154/7158 7161/7159 7153/7127
f 7153/7127 7161/7159 7160/7124
f 7155/7160 7154/7158 7152/7129
f 7152/7129 7154/7158 7153/7127
f 7156/7161 7155/7160 7151/7131
f 7151/7131 7155/7160 7152/7129
f 7157/7162 7156/7161 7150/7139
f 7150/7139 7156/7161 7151/7131
f 7149/7126 7124/7112 7158/7163
f 7158/7163 7124/7112 7125/7157
f 7161/7159 7135/7164 7160/7124
f 7160/7124 7135/7164 7134/7123
f 7169/7165 7157/7162 7168/7145
f 7168/7145 7157/7162 7150/7139
f 7174/7166 7169/7165 7173/7144
f 7173/7144 7169/7165 7168/7145
f 7173/7144 7149/7126 7174/7166
f 7174/7166 7149/7126 7158/7163
f 7158/7163 7125/7157 7185/7167
f 7185/7167 7125/7157 7178/7168
f 7161/7159 7154/7158 7186/7169
f 7186/7169 7154/7158 7181/7170
f 7154/7158 7155/7160 7181/7170
f 7181/7170 7155/7160 7182/7171
f 7155/7160 7156/7161 7182/7171
f 7182/7171 7156/7161 7183/7172
f 7156/7161 7157/7162 7183/7172
f 7183/7172 7157/7162 7184/7173
f 7135/7164 7161/7159 7180/7174
f 7180/7174 7161/7159 7186/7169
f 7157/7162 7169/7165 7184/7173
f 7184/7173 7169/7165 7187/7175
f 7169/7165 7174/7166 7187/7175
f 7187/7175 7174/7166 7188/7176
f 7174/7166 7158/7163 7188/7176
f 7188/7176 7158/7163 7185/7167
f 7185/7167 7178/7168 7197/7177
f 7197/7177 7178/7168 7190/7178
f 7186/7169 7181/7170 7198/7179
f 7198/7179 7181/7170 7193/7180
f 7181/7170 7182/7171 7193/7180
f 7193/7180 7182/7171 7194/7181
f 7182/7171 7183/7172 7194/7181
f 7194/7181 7183/7172 7195/7182
f 7183/7172 7184/7173 7195/7182
f 7195/7182 7184/7173 7196/7183
f 7180/7174 7186/7169 7192/7184
f 7192/7184 7186/7169 7198/7179
f 7184/7173 7187/7175 7196/7183
f 7196/7183 7187/7175 7199/7185
f 7188/7176 7185/7167 7200/7186
f 7200/7186 7185/7167 7197/7177
f 7187/7175 7188/7176 7199/7185
f 7199/7185 7188/7176 7200/7186
f 7209/7187 7197/7177 7202/7188
f 7202/7188 7197/7177 7190/7178
f 7198/7179 7193/7180 7210/7189
f 7210/7189 7193/7180 7205/7190
f 7193/7180 7194/7181 7205/7190
f 7205/7190 7194/7181 7206/7191
f 7194/7181 7195/7182 7206/7191
f 7206/7191 7195/7182 7207/7192
f 7195/7182 7196/7183 7207/7192
f 7207/7192 7196/7183 7208/7193
f 7192/7184 7198/7179 7204/7194
f 7204/7194 7198/7179 7210/7189
f 7196/7183 7199/7185 7208/7193
f 7208/7193 7199/7185 7211/7195
f 7212/7196 7200/7186 7209/7187
f 7209/7187 7200/7186 7197/7177
f 7199/7185 7200/7186 7211/7195
f 7211/7195 7200/7186 7212/7196
f 7210/7189 7205/7190 7221/7197
f 7221/7197 7205/7190 7216/7198
f 7205/7190 7206/7191 7216/7198
f 7216/7198 7206/7191 7217/7199
f 7206/7191 7207/7192 7217/7199
f 7217/7199 7207/7192 7218/7200
f 7207/7192 7208/7193 7218/7200
f 7218/7200 7208/7193 7219/7201
f 7220/7202 7209/7187 7213/7203
f 7213/7203 7209/7187 7202/7188
f 7208/7193 7211/7195 7219/7201
f 7219/7201 7211/7195 7222/7204
f 7211/7195 7212/7196 7222/7204
f 7222/7204 7212/7196 7223/7205
f 7223/7205 7212/7196 7220/7202
f 7220/7202 7212/7196 7209/7187
f 7202/7188 7190/7178 7203/7206
f 7203/7206 7190/7178 7191/7207
f 4493/7208 4462/6895 3811/7209
f 3811/7209 4462/6895 3807/6898
f 7214/7210 7203/7206 3811/7209
f 3811/7209 7203/7206 4493/7208
f 7213/7203 7202/7188 7214/7210
f 7214/7210 7202/7188 7203/7206
f 3810/7088 3808/6888 3916/7211
f 3916/7211 3808/6888 3915/6890
f 3915/6890 7011/6891 4123/7212
f 4123/7212 7011/6891 7014/6892
f 7125/7157 7128/7156 7178/7168
f 7178/7168 7128/7156 7179/7213
f 7127/7089 3810/7088 7128/7156
f 7128/7156 3810/7088 3916/7211
f 4057/7214 4056/6896 4493/7208
f 4493/7208 4056/6896 4462/6895
f 4057/7214 4493/7208 7191/7207
f 7191/7207 4493/7208 7203/7206
f 7012/6893 4056/6896 7014/6892
f 7014/6892 4056/6896 4123/7212
f 7128/7156 3916/7211 7179/7213
f 7179/7213 3916/7211 7224/7215
f 7190/7178 7178/7168 7191/7207
f 7191/7207 7178/7168 7179/7213
f 7224/7215 4057/7214 7179/7213
f 7179/7213 4057/7214 7191/7207
f 3916/7211 3915/6890 7224/7215
f 7224/7215 3915/6890 4123/7212
f 4056/6896 4057/7214 4123/7212
f 4123/7212 4057/7214 7224/7215
f 4122/3826 3917/3825 4365/7216
f 4365/7216 3917/3825 4362/7113
f 4365/7216 4362/7113 7135/7164
f 7135/7164 4362/7113 7134/7123
f 3999/3710 4099/3709 4055/7217
f 4055/7217 4099/3709 4122/3826
f 4055/7217 4122/3826 7177/7218
f 7177/7218 4122/3826 4365/7216
f 4365/7216 7135/7164 7177/7218
f 7177/7218 7135/7164 7180/7174
f 4492/3857 3999/3710 4481/7219
f 4481/7219 3999/3710 4055/7217
f 4055/7217 7177/7218 4481/7219
f 4481/7219 7177/7218 7189/7220
f 7177/7218 7180/7174 7189/7220
f 7189/7220 7180/7174 7192/7184
f 4000/3856 4492/3857 3914/7221
f 3914/7221 4492/3857 4481/7219
f 7189/7220 7192/7184 7201/7222
f 7201/7222 7192/7184 7204/7194
f 4481/7219 7189/7220 3914/7221
f 3914/7221 7189/7220 7201/7222
f 7225/7223 7201/7222 7215/7224
f 7215/7224 7201/7222 7204/7194
f 7204/7194 7210/7189 7215/7224
f 7215/7224 7210/7189 7221/7197
f 7225/7223 4361/7225 7201/7222
f 7201/7222 4361/7225 3914/7221
